case,workload,repetition,hnsw_seed,tail_seed,crash_frontier,crash_visible_lsn,crash_durable_lsn,crash_child_status,exposed_weak_records,surviving_weak_records,lost_weak_records,query,M,L,delta_positive,amplification,pre_recall,post_recall,answer_churn,pre_stable_overlap,lost_ids_subset_weak,pre_merge_fingerprint_equal,recovery_fingerprint_equal,stable_records_unchanged,cohort_records_unchanged,cohort_expectations_ok,post_recovery_suffix_ok
stable-group,random,0,100,9001,terminal-unfenced-suffix,1048601,1048601,-1,0,0,0,0,0,0,0,0,1,1,0,1,1,1,1,1,1,1,1
stable-group,random,0,100,9001,terminal-unfenced-suffix,1048601,1048601,-1,0,0,0,1,0,0,0,0,1,1,0,1,1,1,1,1,1,1,1
stable-group,random,0,100,9001,terminal-unfenced-suffix,1048601,1048601,-1,0,0,0,2,0,0,0,0,1,1,0,1,1,1,1,1,1,1,1
stable-group,random,0,100,9001,terminal-unfenced-suffix,1048601,1048601,-1,0,0,0,3,0,0,0,0,1,1,0,1,1,1,1,1,1,1,1
stable-group,random,0,100,9001,terminal-unfenced-suffix,1048601,1048601,-1,0,0,0,4,0,0,0,0,1,1,0,1,1,1,1,1,1,1,1
stable-group,random,0,100,9001,terminal-unfenced-suffix,1048601,1048601,-1,0,0,0,5,0,0,0,0,1,1,0,1,1,1,1,1,1,1,1
stable-group,random,0,100,9001,terminal-unfenced-suffix,1048601,1048601,-1,0,0,0,6,0,0,0,0,1,1,0,1,1,1,1,1,1,1,1
stable-group,random,0,100,9001,terminal-unfenced-suffix,1048601,1048601,-1,0,0,0,7,0,0,0,0,1,1,0,1,1,1,1,1,1,1,1
stable-group,random,0,100,9001,terminal-unfenced-suffix,1048601,1048601,-1,0,0,0,8,0,0,0,0,1,1,0,1,1,1,1,1,1,1,1
stable-group,random,0,100,9001,terminal-unfenced-suffix,1048601,1048601,-1,0,0,0,9,0,0,0,0,1,1,0,1,1,1,1,1,1,1,1
stable-group,random,0,100,9001,terminal-unfenced-suffix,1048601,1048601,-1,0,0,0,10,0,0,0,0,1,1,0,1,1,1,1,1,1,1,1
stable-group,random,0,100,9001,terminal-unfenced-suffix,1048601,1048601,-1,0,0,0,11,0,0,0,0,1,1,0,1,1,1,1,1,1,1,1
fixed-count,random,0,117,9001,terminal-unfenced-suffix,1048601,1048600,-1,1,0,1,0,0,0,0,0,1,1,0,1,1,1,1,1,1,1,1
fixed-count,random,0,117,9001,terminal-unfenced-suffix,1048601,1048600,-1,1,0,1,1,0,0,0,0,1,1,0,1,1,1,1,1,1,1,1
fixed-count,random,0,117,9001,terminal-unfenced-suffix,1048601,1048600,-1,1,0,1,2,0,0,0,0,1,1,0,1,1,1,1,1,1,1,1
fixed-count,random,0,117,9001,terminal-unfenced-suffix,1048601,1048600,-1,1,0,1,3,0,0,0,0,1,1,0,1,1,1,1,1,1,1,1
fixed-count,random,0,117,9001,terminal-unfenced-suffix,1048601,1048600,-1,1,0,1,4,0,0,0,0,1,1,0,1,1,1,1,1,1,1,1
fixed-count,random,0,117,9001,terminal-unfenced-suffix,1048601,1048600,-1,1,0,1,5,0,0,0,0,1,1,0,1,1,1,1,1,1,1,1
fixed-count,random,0,117,9001,terminal-unfenced-suffix,1048601,1048600,-1,1,0,1,6,0,0,0,0,1,1,0,1,1,1,1,1,1,1,1
fixed-count,random,0,117,9001,terminal-unfenced-suffix,1048601,1048600,-1,1,0,1,7,0,0,0,0,1,1,0,1,1,1,1,1,1,1,1
fixed-count,random,0,117,9001,terminal-unfenced-suffix,1048601,1048600,-1,1,0,1,8,0,0,0,0,1,1,0,1,1,1,1,1,1,1,1
fixed-count,random,0,117,9001,terminal-unfenced-suffix,1048601,1048600,-1,1,0,1,9,0,0,0,0,1,1,0,1,1,1,1,1,1,1,1
fixed-count,random,0,117,9001,terminal-unfenced-suffix,1048601,1048600,-1,1,0,1,10,0,0,0,0,1,1,0,1,1,1,1,1,1,1,1
fixed-count,random,0,117,9001,terminal-unfenced-suffix,1048601,1048600,-1,1,0,1,11,0,0,0,0,1,1,0,1,1,1,1,1,1,1,1
exchange-random,random,0,117,9001,terminal-unfenced-suffix,1048601,1048592,-1,9,0,9,0,0,0,0,0,1,1,0,1,1,1,1,1,1,1,1
exchange-random,random,0,117,9001,terminal-unfenced-suffix,1048601,1048592,-1,9,0,9,1,0.1,0.1,0.1,0,1,0.9,0.1,1,1,1,1,1,1,1,1
exchange-random,random,0,117,9001,terminal-unfenced-suffix,1048601,1048592,-1,9,0,9,2,0.1,0.1,0.1,0,1,0.9,0.1,1,1,1,1,1,1,1,1
exchange-random,random,0,117,9001,terminal-unfenced-suffix,1048601,1048592,-1,9,0,9,3,0,0,0,0,1,1,0,1,1,1,1,1,1,1,1
exchange-random,random,0,117,9001,terminal-unfenced-suffix,1048601,1048592,-1,9,0,9,4,0,0,0,0,1,1,0,1,1,1,1,1,1,1,1
exchange-random,random,0,117,9001,terminal-unfenced-suffix,1048601,1048592,-1,9,0,9,5,0,0,0,0,1,1,0,1,1,1,1,1,1,1,1
exchange-random,random,0,117,9001,terminal-unfenced-suffix,1048601,1048592,-1,9,0,9,6,0,0,0,0,1,1,0,1,1,1,1,1,1,1,1
exchange-random,random,0,117,9001,terminal-unfenced-suffix,1048601,1048592,-1,9,0,9,7,0.1,0.1,0.1,0,1,0.9,0.1,1,1,1,1,1,1,1,1
exchange-random,random,0,117,9001,terminal-unfenced-suffix,1048601,1048592,-1,9,0,9,8,0,0,0,0,1,1,0,1,1,1,1,1,1,1,1
exchange-random,random,0,117,9001,terminal-unfenced-suffix,1048601,1048592,-1,9,0,9,9,0.1,0.1,0.1,0,1,0.9,0.1,1,1,1,1,1,1,1,1
exchange-random,random,0,117,9001,terminal-unfenced-suffix,1048601,1048592,-1,9,0,9,10,0.1,0.1,0.1,0,1,0.9,0.1,1,1,1,1,1,1,1,1
exchange-random,random,0,117,9001,terminal-unfenced-suffix,1048601,1048592,-1,9,0,9,11,0,0,0,0,1,1,0,1,1,1,1,1,1,1,1
strict-random,random,0,117,9001,strict-cap-before-fence,2097154,1048601,87,2,0,2,0,0.2,0.2,0.2,0,1,0.8,0.2,1,1,1,1,1,1,1,1
strict-random,random,0,117,9001,strict-cap-before-fence,2097154,1048601,87,2,0,2,1,0,0,0,0,1,1,0,1,1,1,1,1,1,1,1
strict-random,random,0,117,9001,strict-cap-before-fence,2097154,1048601,87,2,0,2,2,0,0,0,0,1,1,0,1,1,1,1,1,1,1,1
strict-random,random,0,117,9001,strict-cap-before-fence,2097154,1048601,87,2,0,2,3,0,0,0,0,1,1,0,1,1,1,1,1,1,1,1
strict-random,random,0,117,9001,strict-cap-before-fence,2097154,1048601,87,2,0,2,4,0,0,0,0,1,1,0,1,1,1,1,1,1,1,1
strict-random,random,0,117,9001,strict-cap-before-fence,2097154,1048601,87,2,0,2,5,0,0,0,0,1,1,0,1,1,1,1,1,1,1,1
strict-random,random,0,117,9001,strict-cap-before-fence,2097154,1048601,87,2,0,2,6,0,0,0,0,1,1,0,1,1,1,1,1,1,1,1
strict-random,random,0,117,9001,strict-cap-before-fence,2097154,1048601,87,2,0,2,7,0,0,0,0,1,1,0,1,1,1,1,1,1,1,1
strict-random,random,0,117,9001,strict-cap-before-fence,2097154,1048601,87,2,0,2,8,0,0,0,0,1,1,0,1,1,1,1,1,1,1,1
strict-random,random,0,117,9001,strict-cap-before-fence,2097154,1048601,87,2,0,2,9,0,0,0,0,1,1,0,1,1,1,1,1,1,1,1
strict-random,random,0,117,9001,strict-cap-before-fence,2097154,1048601,87,2,0,2,10,0,0,0,0,1,1,0,1,1,1,1,1,1,1,1
strict-random,random,0,117,9001,strict-cap-before-fence,2097154,1048601,87,2,0,2,11,0,0,0,0,1,1,0,1,1,1,1,1,1,1,1
exchange-hot,hot,0,100,45001,terminal-unfenced-suffix,1048601,1048592,-1,9,0,9,0,0.3,0.3,0.3,5.55112e-17,1,0.7,0.3,1,1,1,1,1,1,1,1
exchange-hot,hot,0,100,45001,terminal-unfenced-suffix,1048601,1048592,-1,9,0,9,1,0.2,0.2,0.2,0,1,0.8,0.2,1,1,1,1,1,1,1,1
exchange-hot,hot,0,100,45001,terminal-unfenced-suffix,1048601,1048592,-1,9,0,9,2,0.2,0.2,0.2,0,1,0.8,0.2,1,1,1,1,1,1,1,1
exchange-hot,hot,0,100,45001,terminal-unfenced-suffix,1048601,1048592,-1,9,0,9,3,0.2,0.2,0.2,0,1,0.8,0.2,1,1,1,1,1,1,1,1
exchange-hot,hot,0,100,45001,terminal-unfenced-suffix,1048601,1048592,-1,9,0,9,4,0.3,0.3,0.3,5.55112e-17,1,0.7,0.3,1,1,1,1,1,1,1,1
exchange-hot,hot,0,100,45001,terminal-unfenced-suffix,1048601,1048592,-1,9,0,9,5,0.2,0.2,0.2,0,1,0.8,0.2,1,1,1,1,1,1,1,1
exchange-hot,hot,0,100,45001,terminal-unfenced-suffix,1048601,1048592,-1,9,0,9,6,0.2,0.2,0.2,0,1,0.8,0.2,1,1,1,1,1,1,1,1
exchange-hot,hot,0,100,45001,terminal-unfenced-suffix,1048601,1048592,-1,9,0,9,7,0.2,0.2,0.2,0,1,0.8,0.2,1,1,1,1,1,1,1,1
exchange-hot,hot,0,100,45001,terminal-unfenced-suffix,1048601,1048592,-1,9,0,9,8,0.3,0.3,0.3,5.55112e-17,1,0.7,0.3,1,1,1,1,1,1,1,1
exchange-hot,hot,0,100,45001,terminal-unfenced-suffix,1048601,1048592,-1,9,0,9,9,0.2,0.2,0.2,0,1,0.8,0.2,1,1,1,1,1,1,1,1
exchange-hot,hot,0,100,45001,terminal-unfenced-suffix,1048601,1048592,-1,9,0,9,10,0.2,0.2,0.2,0,1,0.8,0.2,1,1,1,1,1,1,1,1
exchange-hot,hot,0,100,45001,terminal-unfenced-suffix,1048601,1048592,-1,9,0,9,11,0.2,0.2,0.2,0,1,0.8,0.2,1,1,1,1,1,1,1,1
exchange-hot-guard,hot,0,117,45001,terminal-unfenced-suffix,1048601,1048601,-1,0,0,0,0,0,0,0,0,1,1,0,1,1,1,1,1,1,1,1
exchange-hot-guard,hot,0,117,45001,terminal-unfenced-suffix,1048601,1048601,-1,0,0,0,1,0,0,0,0,1,1,0,1,1,1,1,1,1,1,1
exchange-hot-guard,hot,0,117,45001,terminal-unfenced-suffix,1048601,1048601,-1,0,0,0,2,0,0,0,0,1,1,0,1,1,1,1,1,1,1,1
exchange-hot-guard,hot,0,117,45001,terminal-unfenced-suffix,1048601,1048601,-1,0,0,0,3,0,0,0,0,1,1,0,1,1,1,1,1,1,1,1
exchange-hot-guard,hot,0,117,45001,terminal-unfenced-suffix,1048601,1048601,-1,0,0,0,4,0,0,0,0,1,1,0,1,1,1,1,1,1,1,1
exchange-hot-guard,hot,0,117,45001,terminal-unfenced-suffix,1048601,1048601,-1,0,0,0,5,0,0,0,0,1,1,0,1,1,1,1,1,1,1,1
exchange-hot-guard,hot,0,117,45001,terminal-unfenced-suffix,1048601,1048601,-1,0,0,0,6,0,0,0,0,1,1,0,1,1,1,1,1,1,1,1
exchange-hot-guard,hot,0,117,45001,terminal-unfenced-suffix,1048601,1048601,-1,0,0,0,7,0,0,0,0,1,1,0,1,1,1,1,1,1,1,1
exchange-hot-guard,hot,0,117,45001,terminal-unfenced-suffix,1048601,1048601,-1,0,0,0,8,0,0,0,0,1,1,0,1,1,1,1,1,1,1,1
exchange-hot-guard,hot,0,117,45001,terminal-unfenced-suffix,1048601,1048601,-1,0,0,0,9,0,0,0,0,1,1,0,1,1,1,1,1,1,1,1
exchange-hot-guard,hot,0,117,45001,terminal-unfenced-suffix,1048601,1048601,-1,0,0,0,10,0,0,0,0,1,1,0,1,1,1,1,1,1,1,1
exchange-hot-guard,hot,0,117,45001,terminal-unfenced-suffix,1048601,1048601,-1,0,0,0,11,0,0,0,0,1,1,0,1,1,1,1,1,1,1,1
strict-hot,hot,0,100,45001,fence-after-sync-before-publish,2097154,1048601,86,2,2,0,0,0.2,0,0,0,1,1,0,0.8,1,1,1,1,1,1,1
strict-hot,hot,0,100,45001,fence-after-sync-before-publish,2097154,1048601,86,2,2,0,1,0,0,0,0,1,1,0,1,1,1,1,1,1,1,1
strict-hot,hot,0,100,45001,fence-after-sync-before-publish,2097154,1048601,86,2,2,0,2,0,0,0,0,1,1,0,1,1,1,1,1,1,1,1
strict-hot,hot,0,100,45001,fence-after-sync-before-publish,2097154,1048601,86,2,2,0,3,0,0,0,0,1,1,0,1,1,1,1,1,1,1,1
strict-hot,hot,0,100,45001,fence-after-sync-before-publish,2097154,1048601,86,2,2,0,4,0.2,0,0,0,1,1,0,0.8,1,1,1,1,1,1,1
strict-hot,hot,0,100,45001,fence-after-sync-before-publish,2097154,1048601,86,2,2,0,5,0,0,0,0,1,1,0,1,1,1,1,1,1,1,1
strict-hot,hot,0,100,45001,fence-after-sync-before-publish,2097154,1048601,86,2,2,0,6,0,0,0,0,1,1,0,1,1,1,1,1,1,1,1
strict-hot,hot,0,100,45001,fence-after-sync-before-publish,2097154,1048601,86,2,2,0,7,0,0,0,0,1,1,0,1,1,1,1,1,1,1,1
strict-hot,hot,0,100,45001,fence-after-sync-before-publish,2097154,1048601,86,2,2,0,8,0.2,0,0,0,1,1,0,0.8,1,1,1,1,1,1,1
strict-hot,hot,0,100,45001,fence-after-sync-before-publish,2097154,1048601,86,2,2,0,9,0,0,0,0,1,1,0,1,1,1,1,1,1,1,1
strict-hot,hot,0,100,45001,fence-after-sync-before-publish,2097154,1048601,86,2,2,0,10,0,0,0,0,1,1,0,1,1,1,1,1,1,1,1
strict-hot,hot,0,100,45001,fence-after-sync-before-publish,2097154,1048601,86,2,2,0,11,0,0,0,0,1,1,0,1,1,1,1,1,1,1,1
fixed-time,random,0,100,9001,terminal-unfenced-suffix,1048601,1048601,-1,0,0,0,0,0,0,0,0,1,1,0,1,1,1,1,1,1,1,1
fixed-time,random,0,100,9001,terminal-unfenced-suffix,1048601,1048601,-1,0,0,0,1,0,0,0,0,1,1,0,1,1,1,1,1,1,1,1
fixed-time,random,0,100,9001,terminal-unfenced-suffix,1048601,1048601,-1,0,0,0,2,0,0,0,0,1,1,0,1,1,1,1,1,1,1,1
fixed-time,random,0,100,9001,terminal-unfenced-suffix,1048601,1048601,-1,0,0,0,3,0,0,0,0,1,1,0,1,1,1,1,1,1,1,1
fixed-time,random,0,100,9001,terminal-unfenced-suffix,1048601,1048601,-1,0,0,0,4,0,0,0,0,1,1,0,1,1,1,1,1,1,1,1
fixed-time,random,0,100,9001,terminal-unfenced-suffix,1048601,1048601,-1,0,0,0,5,0,0,0,0,1,1,0,1,1,1,1,1,1,1,1
fixed-time,random,0,100,9001,terminal-unfenced-suffix,1048601,1048601,-1,0,0,0,6,0,0,0,0,1,1,0,1,1,1,1,1,1,1,1
fixed-time,random,0,100,9001,terminal-unfenced-suffix,1048601,1048601,-1,0,0,0,7,0,0,0,0,1,1,0,1,1,1,1,1,1,1,1
fixed-time,random,0,100,9001,terminal-unfenced-suffix,1048601,1048601,-1,0,0,0,8,0,0,0,0,1,1,0,1,1,1,1,1,1,1,1
fixed-time,random,0,100,9001,terminal-unfenced-suffix,1048601,1048601,-1,0,0,0,9,0,0,0,0,1,1,0,1,1,1,1,1,1,1,1
fixed-time,random,0,100,9001,terminal-unfenced-suffix,1048601,1048601,-1,0,0,0,10,0,0,0,0,1,1,0,1,1,1,1,1,1,1,1
fixed-time,random,0,100,9001,terminal-unfenced-suffix,1048601,1048601,-1,0,0,0,11,0,0,0,0,1,1,0,1,1,1,1,1,1,1,1
exchange-hot-guard,hot,1,100,45002,terminal-unfenced-suffix,1048601,1048601,-1,0,0,0,0,0,0,0,0,1,1,0,1,1,1,1,1,1,1,1
exchange-hot-guard,hot,1,100,45002,terminal-unfenced-suffix,1048601,1048601,-1,0,0,0,1,0,0,0,0,1,1,0,1,1,1,1,1,1,1,1
exchange-hot-guard,hot,1,100,45002,terminal-unfenced-suffix,1048601,1048601,-1,0,0,0,2,0,0,0,0,1,1,0,1,1,1,1,1,1,1,1
exchange-hot-guard,hot,1,100,45002,terminal-unfenced-suffix,1048601,1048601,-1,0,0,0,3,0,0,0,0,1,1,0,1,1,1,1,1,1,1,1
exchange-hot-guard,hot,1,100,45002,terminal-unfenced-suffix,1048601,1048601,-1,0,0,0,4,0,0,0,0,1,1,0,1,1,1,1,1,1,1,1
exchange-hot-guard,hot,1,100,45002,terminal-unfenced-suffix,1048601,1048601,-1,0,0,0,5,0,0,0,0,1,1,0,1,1,1,1,1,1,1,1
exchange-hot-guard,hot,1,100,45002,terminal-unfenced-suffix,1048601,1048601,-1,0,0,0,6,0,0,0,0,1,1,0,1,1,1,1,1,1,1,1
exchange-hot-guard,hot,1,100,45002,terminal-unfenced-suffix,1048601,1048601,-1,0,0,0,7,0,0,0,0,1,1,0,1,1,1,1,1,1,1,1
exchange-hot-guard,hot,1,100,45002,terminal-unfenced-suffix,1048601,1048601,-1,0,0,0,8,0,0,0,0,1,1,0,1,1,1,1,1,1,1,1
exchange-hot-guard,hot,1,100,45002,terminal-unfenced-suffix,1048601,1048601,-1,0,0,0,9,0,0,0,0,1,1,0,1,1,1,1,1,1,1,1
exchange-hot-guard,hot,1,100,45002,terminal-unfenced-suffix,1048601,1048601,-1,0,0,0,10,0,0,0,0,1,1,0,1,1,1,1,1,1,1,1
exchange-hot-guard,hot,1,100,45002,terminal-unfenced-suffix,1048601,1048601,-1,0,0,0,11,0,0,0,0,1,1,0,1,1,1,1,1,1,1,1
strict-hot,hot,1,117,45002,fence-after-sync-before-publish,2097154,1048601,86,2,2,0,0,0.2,0,0,0,1,1,0,0.8,1,1,1,1,1,1,1
strict-hot,hot,1,117,45002,fence-after-sync-before-publish,2097154,1048601,86,2,2,0,1,0,0,0,0,1,1,0,1,1,1,1,1,1,1,1
strict-hot,hot,1,117,45002,fence-after-sync-before-publish,2097154,1048601,86,2,2,0,2,0,0,0,0,1,1,0,1,1,1,1,1,1,1,1
strict-hot,hot,1,117,45002,fence-after-sync-before-publish,2097154,1048601,86,2,2,0,3,0,0,0,0,1,1,0,1,1,1,1,1,1,1,1
strict-hot,hot,1,117,45002,fence-after-sync-before-publish,2097154,1048601,86,2,2,0,4,0.2,0,0,0,1,1,0,0.8,1,1,1,1,1,1,1
strict-hot,hot,1,117,45002,fence-after-sync-before-publish,2097154,1048601,86,2,2,0,5,0,0,0,0,1,1,0,1,1,1,1,1,1,1,1
strict-hot,hot,1,117,45002,fence-after-sync-before-publish,2097154,1048601,86,2,2,0,6,0,0,0,0,1,1,0,1,1,1,1,1,1,1,1
strict-hot,hot,1,117,45002,fence-after-sync-before-publish,2097154,1048601,86,2,2,0,7,0,0,0,0,1,1,0,1,1,1,1,1,1,1,1
strict-hot,hot,1,117,45002,fence-after-sync-before-publish,2097154,1048601,86,2,2,0,8,0.2,0,0,0,1,1,0,0.8,1,1,1,1,1,1,1
strict-hot,hot,1,117,45002,fence-after-sync-before-publish,2097154,1048601,86,2,2,0,9,0,0,0,0,1,1,0,1,1,1,1,1,1,1,1
strict-hot,hot,1,117,45002,fence-after-sync-before-publish,2097154,1048601,86,2,2,0,10,0,0,0,0,1,1,0,1,1,1,1,1,1,1,1
strict-hot,hot,1,117,45002,fence-after-sync-before-publish,2097154,1048601,86,2,2,0,11,0,0,0,0,1,1,0,1,1,1,1,1,1,1,1
strict-random,random,1,100,9002,strict-cap-before-fence,2097154,1048601,87,2,0,2,0,0.2,0.2,0.2,0,1,0.8,0.2,1,1,1,1,1,1,1,1
strict-random,random,1,100,9002,strict-cap-before-fence,2097154,1048601,87,2,0,2,1,0,0,0,0,1,1,0,1,1,1,1,1,1,1,1
strict-random,random,1,100,9002,strict-cap-before-fence,2097154,1048601,87,2,0,2,2,0,0,0,0,1,1,0,1,1,1,1,1,1,1,1
strict-random,random,1,100,9002,strict-cap-before-fence,2097154,1048601,87,2,0,2,3,0,0,0,0,1,1,0,1,1,1,1,1,1,1,1
strict-random,random,1,100,9002,strict-cap-before-fence,2097154,1048601,87,2,0,2,4,0,0,0,0,1,1,0,1,1,1,1,1,1,1,1
strict-random,random,1,100,9002,strict-cap-before-fence,2097154,1048601,87,2,0,2,5,0,0,0,0,1,1,0,1,1,1,1,1,1,1,1
strict-random,random,1,100,9002,strict-cap-before-fence,2097154,1048601,87,2,0,2,6,0,0,0,0,1,1,0,1,1,1,1,1,1,1,1
strict-random,random,1,100,9002,strict-cap-before-fence,2097154,1048601,87,2,0,2,7,0,0,0,0,1,1,0,1,1,1,1,1,1,1,1
strict-random,random,1,100,9002,strict-cap-before-fence,2097154,1048601,87,2,0,2,8,0,0,0,0,1,1,0,1,1,1,1,1,1,1,1
strict-random,random,1,100,9002,strict-cap-before-fence,2097154,1048601,87,2,0,2,9,0,0,0,0,1,1,0,1,1,1,1,1,1,1,1
strict-random,random,1,100,9002,strict-cap-before-fence,2097154,1048601,87,2,0,2,10,0,0,0,0,1,1,0,1,1,1,1,1,1,1,1
strict-random,random,1,100,9002,strict-cap-before-fence,2097154,1048601,87,2,0,2,11,0,0,0,0,1,1,0,1,1,1,1,1,1,1,1
exchange-hot,hot,1,117,45002,terminal-unfenced-suffix,1048601,1048592,-1,9,0,9,0,0.3,0.3,0.3,5.55112e-17,1,0.7,0.3,1,1,1,1,1,1,1,1
exchange-hot,hot,1,117,45002,terminal-unfenced-suffix,1048601,1048592,-1,9,0,9,1,0.2,0.2,0.2,0,1,0.8,0.2,1,1,1,1,1,1,1,1
exchange-hot,hot,1,117,45002,terminal-unfenced-suffix,1048601,1048592,-1,9,0,9,2,0.2,0.2,0.2,0,1,0.8,0.2,1,1,1,1,1,1,1,1
exchange-hot,hot,1,117,45002,terminal-unfenced-suffix,1048601,1048592,-1,9,0,9,3,0.2,0.2,0.2,0,1,0.8,0.2,1,1,1,1,1,1,1,1
exchange-hot,hot,1,117,45002,terminal-unfenced-suffix,1048601,1048592,-1,9,0,9,4,0.3,0.3,0.3,5.55112e-17,1,0.7,0.3,1,1,1,1,1,1,1,1
exchange-hot,hot,1,117,45002,terminal-unfenced-suffix,1048601,1048592,-1,9,0,9,5,0.2,0.2,0.2,0,1,0.8,0.2,1,1,1,1,1,1,1,1
exchange-hot,hot,1,117,45002,terminal-unfenced-suffix,1048601,1048592,-1,9,0,9,6,0.2,0.2,0.2,0,1,0.8,0.2,1,1,1,1,1,1,1,1
exchange-hot,hot,1,117,45002,terminal-unfenced-suffix,1048601,1048592,-1,9,0,9,7,0.2,0.2,0.2,0,1,0.8,0.2,1,1,1,1,1,1,1,1
exchange-hot,hot,1,117,45002,terminal-unfenced-suffix,1048601,1048592,-1,9,0,9,8,0.3,0.3,0.3,5.55112e-17,1,0.7,0.3,1,1,1,1,1,1,1,1
exchange-hot,hot,1,117,45002,terminal-unfenced-suffix,1048601,1048592,-1,9,0,9,9,0.2,0.2,0.2,0,1,0.8,0.2,1,1,1,1,1,1,1,1
exchange-hot,hot,1,117,45002,terminal-unfenced-suffix,1048601,1048592,-1,9,0,9,10,0.2,0.2,0.2,0,1,0.8,0.2,1,1,1,1,1,1,1,1
exchange-hot,hot,1,117,45002,terminal-unfenced-suffix,1048601,1048592,-1,9,0,9,11,0.2,0.2,0.2,0,1,0.8,0.2,1,1,1,1,1,1,1,1
stable-group,random,1,117,9002,terminal-unfenced-suffix,1048601,1048601,-1,0,0,0,0,0,0,0,0,1,1,0,1,1,1,1,1,1,1,1
stable-group,random,1,117,9002,terminal-unfenced-suffix,1048601,1048601,-1,0,0,0,1,0,0,0,0,1,1,0,1,1,1,1,1,1,1,1
stable-group,random,1,117,9002,terminal-unfenced-suffix,1048601,1048601,-1,0,0,0,2,0,0,0,0,1,1,0,1,1,1,1,1,1,1,1
stable-group,random,1,117,9002,terminal-unfenced-suffix,1048601,1048601,-1,0,0,0,3,0,0,0,0,1,1,0,1,1,1,1,1,1,1,1
stable-group,random,1,117,9002,terminal-unfenced-suffix,1048601,1048601,-1,0,0,0,4,0,0,0,0,1,1,0,1,1,1,1,1,1,1,1
stable-group,random,1,117,9002,terminal-unfenced-suffix,1048601,1048601,-1,0,0,0,5,0,0,0,0,1,1,0,1,1,1,1,1,1,1,1
stable-group,random,1,117,9002,terminal-unfenced-suffix,1048601,1048601,-1,0,0,0,6,0,0,0,0,1,1,0,1,1,1,1,1,1,1,1
stable-group,random,1,117,9002,terminal-unfenced-suffix,1048601,1048601,-1,0,0,0,7,0,0,0,0,1,1,0,1,1,1,1,1,1,1,1
stable-group,random,1,117,9002,terminal-unfenced-suffix,1048601,1048601,-1,0,0,0,8,0,0,0,0,1,1,0,1,1,1,1,1,1,1,1
stable-group,random,1,117,9002,terminal-unfenced-suffix,1048601,1048601,-1,0,0,0,9,0,0,0,0,1,1,0,1,1,1,1,1,1,1,1
stable-group,random,1,117,9002,terminal-unfenced-suffix,1048601,1048601,-1,0,0,0,10,0,0,0,0,1,1,0,1,1,1,1,1,1,1,1
stable-group,random,1,117,9002,terminal-unfenced-suffix,1048601,1048601,-1,0,0,0,11,0,0,0,0,1,1,0,1,1,1,1,1,1,1,1
fixed-time,random,1,117,9002,terminal-unfenced-suffix,1048601,1048601,-1,0,0,0,0,0,0,0,0,1,1,0,1,1,1,1,1,1,1,1
fixed-time,random,1,117,9002,terminal-unfenced-suffix,1048601,1048601,-1,0,0,0,1,0,0,0,0,1,1,0,1,1,1,1,1,1,1,1
fixed-time,random,1,117,9002,terminal-unfenced-suffix,1048601,1048601,-1,0,0,0,2,0,0,0,0,1,1,0,1,1,1,1,1,1,1,1
fixed-time,random,1,117,9002,terminal-unfenced-suffix,1048601,1048601,-1,0,0,0,3,0,0,0,0,1,1,0,1,1,1,1,1,1,1,1
fixed-time,random,1,117,9002,terminal-unfenced-suffix,1048601,1048601,-1,0,0,0,4,0,0,0,0,1,1,0,1,1,1,1,1,1,1,1
fixed-time,random,1,117,9002,terminal-unfenced-suffix,1048601,1048601,-1,0,0,0,5,0,0,0,0,1,1,0,1,1,1,1,1,1,1,1
fixed-time,random,1,117,9002,terminal-unfenced-suffix,1048601,1048601,-1,0,0,0,6,0,0,0,0,1,1,0,1,1,1,1,1,1,1,1
fixed-time,random,1,117,9002,terminal-unfenced-suffix,1048601,1048601,-1,0,0,0,7,0,0,0,0,1,1,0,1,1,1,1,1,1,1,1
fixed-time,random,1,117,9002,terminal-unfenced-suffix,1048601,1048601,-1,0,0,0,8,0,0,0,0,1,1,0,1,1,1,1,1,1,1,1
fixed-time,random,1,117,9002,terminal-unfenced-suffix,1048601,1048601,-1,0,0,0,9,0,0,0,0,1,1,0,1,1,1,1,1,1,1,1
fixed-time,random,1,117,9002,terminal-unfenced-suffix,1048601,1048601,-1,0,0,0,10,0,0,0,0,1,1,0,1,1,1,1,1,1,1,1
fixed-time,random,1,117,9002,terminal-unfenced-suffix,1048601,1048601,-1,0,0,0,11,0,0,0,0,1,1,0,1,1,1,1,1,1,1,1
fixed-count,random,1,100,9002,terminal-unfenced-suffix,1048601,1048600,-1,1,0,1,0,0,0,0,0,1,1,0,1,1,1,1,1,1,1,1
fixed-count,random,1,100,9002,terminal-unfenced-suffix,1048601,1048600,-1,1,0,1,1,0,0,0,0,1,1,0,1,1,1,1,1,1,1,1
fixed-count,random,1,100,9002,terminal-unfenced-suffix,1048601,1048600,-1,1,0,1,2,0,0,0,0,1,1,0,1,1,1,1,1,1,1,1
fixed-count,random,1,100,9002,terminal-unfenced-suffix,1048601,1048600,-1,1,0,1,3,0,0,0,0,1,1,0,1,1,1,1,1,1,1,1
fixed-count,random,1,100,9002,terminal-unfenced-suffix,1048601,1048600,-1,1,0,1,4,0,0,0,0,1,1,0,1,1,1,1,1,1,1,1
fixed-count,random,1,100,9002,terminal-unfenced-suffix,1048601,1048600,-1,1,0,1,5,0,0,0,0,1,1,0,1,1,1,1,1,1,1,1
fixed-count,random,1,100,9002,terminal-unfenced-suffix,1048601,1048600,-1,1,0,1,6,0.1,0.1,0.1,0,1,0.9,0.1,1,1,1,1,1,1,1,1
fixed-count,random,1,100,9002,terminal-unfenced-suffix,1048601,1048600,-1,1,0,1,7,0,0,0,0,1,1,0,1,1,1,1,1,1,1,1
fixed-count,random,1,100,9002,terminal-unfenced-suffix,1048601,1048600,-1,1,0,1,8,0,0,0,0,1,1,0,1,1,1,1,1,1,1,1
fixed-count,random,1,100,9002,terminal-unfenced-suffix,1048601,1048600,-1,1,0,1,9,0,0,0,0,1,1,0,1,1,1,1,1,1,1,1
fixed-count,random,1,100,9002,terminal-unfenced-suffix,1048601,1048600,-1,1,0,1,10,0,0,0,0,1,1,0,1,1,1,1,1,1,1,1
fixed-count,random,1,100,9002,terminal-unfenced-suffix,1048601,1048600,-1,1,0,1,11,0,0,0,0,1,1,0,1,1,1,1,1,1,1,1
exchange-random,random,1,100,9002,terminal-unfenced-suffix,1048601,1048592,-1,9,0,9,0,0.1,0.1,0.1,0,1,0.9,0.1,1,1,1,1,1,1,1,1
exchange-random,random,1,100,9002,terminal-unfenced-suffix,1048601,1048592,-1,9,0,9,1,0,0,0,0,1,1,0,1,1,1,1,1,1,1,1
exchange-random,random,1,100,9002,terminal-unfenced-suffix,1048601,1048592,-1,9,0,9,2,0,0,0,0,1,1,0,1,1,1,1,1,1,1,1
exchange-random,random,1,100,9002,terminal-unfenced-suffix,1048601,1048592,-1,9,0,9,3,0,0,0,0,1,1,0,1,1,1,1,1,1,1,1
exchange-random,random,1,100,9002,terminal-unfenced-suffix,1048601,1048592,-1,9,0,9,4,0,0,0,0,1,1,0,1,1,1,1,1,1,1,1
exchange-random,random,1,100,9002,terminal-unfenced-suffix,1048601,1048592,-1,9,0,9,5,0,0,0,0,1,1,0,1,1,1,1,1,1,1,1
exchange-random,random,1,100,9002,terminal-unfenced-suffix,1048601,1048592,-1,9,0,9,6,0.2,0.2,0.2,0,1,0.8,0.2,1,1,1,1,1,1,1,1
exchange-random,random,1,100,9002,terminal-unfenced-suffix,1048601,1048592,-1,9,0,9,7,0,0,0,0,1,1,0,1,1,1,1,1,1,1,1
exchange-random,random,1,100,9002,terminal-unfenced-suffix,1048601,1048592,-1,9,0,9,8,0.1,0.1,0.1,0,1,0.9,0.1,1,1,1,1,1,1,1,1
exchange-random,random,1,100,9002,terminal-unfenced-suffix,1048601,1048592,-1,9,0,9,9,0.1,0.1,0.1,0,1,0.9,0.1,1,1,1,1,1,1,1,1
exchange-random,random,1,100,9002,terminal-unfenced-suffix,1048601,1048592,-1,9,0,9,10,0,0,0,0,1,1,0,1,1,1,1,1,1,1,1
exchange-random,random,1,100,9002,terminal-unfenced-suffix,1048601,1048592,-1,9,0,9,11,0.2,0.2,0.2,0,1,0.8,0.2,1,1,1,1,1,1,1,1
stable-group,random,2,100,9003,terminal-unfenced-suffix,1048601,1048601,-1,0,0,0,0,0,0,0,0,1,1,0,1,1,1,1,1,1,1,1
stable-group,random,2,100,9003,terminal-unfenced-suffix,1048601,1048601,-1,0,0,0,1,0,0,0,0,1,1,0,1,1,1,1,1,1,1,1
stable-group,random,2,100,9003,terminal-unfenced-suffix,1048601,1048601,-1,0,0,0,2,0,0,0,0,1,1,0,1,1,1,1,1,1,1,1
stable-group,random,2,100,9003,terminal-unfenced-suffix,1048601,1048601,-1,0,0,0,3,0,0,0,0,1,1,0,1,1,1,1,1,1,1,1
stable-group,random,2,100,9003,terminal-unfenced-suffix,1048601,1048601,-1,0,0,0,4,0,0,0,0,1,1,0,1,1,1,1,1,1,1,1
stable-group,random,2,100,9003,terminal-unfenced-suffix,1048601,1048601,-1,0,0,0,5,0,0,0,0,1,1,0,1,1,1,1,1,1,1,1
stable-group,random,2,100,9003,terminal-unfenced-suffix,1048601,1048601,-1,0,0,0,6,0,0,0,0,1,1,0,1,1,1,1,1,1,1,1
stable-group,random,2,100,9003,terminal-unfenced-suffix,1048601,1048601,-1,0,0,0,7,0,0,0,0,1,1,0,1,1,1,1,1,1,1,1
stable-group,random,2,100,9003,terminal-unfenced-suffix,1048601,1048601,-1,0,0,0,8,0,0,0,0,1,1,0,1,1,1,1,1,1,1,1
stable-group,random,2,100,9003,terminal-unfenced-suffix,1048601,1048601,-1,0,0,0,9,0,0,0,0,1,1,0,1,1,1,1,1,1,1,1
stable-group,random,2,100,9003,terminal-unfenced-suffix,1048601,1048601,-1,0,0,0,10,0,0,0,0,1,1,0,1,1,1,1,1,1,1,1
stable-group,random,2,100,9003,terminal-unfenced-suffix,1048601,1048601,-1,0,0,0,11,0,0,0,0,1,1,0,1,1,1,1,1,1,1,1
strict-hot,hot,2,100,45003,fence-after-sync-before-publish,2097154,1048601,86,2,2,0,0,0.2,0,0,0,1,1,0,0.8,1,1,1,1,1,1,1
strict-hot,hot,2,100,45003,fence-after-sync-before-publish,2097154,1048601,86,2,2,0,1,0,0,0,0,1,1,0,1,1,1,1,1,1,1,1
strict-hot,hot,2,100,45003,fence-after-sync-before-publish,2097154,1048601,86,2,2,0,2,0,0,0,0,1,1,0,1,1,1,1,1,1,1,1
strict-hot,hot,2,100,45003,fence-after-sync-before-publish,2097154,1048601,86,2,2,0,3,0,0,0,0,1,1,0,1,1,1,1,1,1,1,1
strict-hot,hot,2,100,45003,fence-after-sync-before-publish,2097154,1048601,86,2,2,0,4,0.2,0,0,0,1,1,0,0.8,1,1,1,1,1,1,1
strict-hot,hot,2,100,45003,fence-after-sync-before-publish,2097154,1048601,86,2,2,0,5,0,0,0,0,1,1,0,1,1,1,1,1,1,1,1
strict-hot,hot,2,100,45003,fence-after-sync-before-publish,2097154,1048601,86,2,2,0,6,0,0,0,0,1,1,0,1,1,1,1,1,1,1,1
strict-hot,hot,2,100,45003,fence-after-sync-before-publish,2097154,1048601,86,2,2,0,7,0,0,0,0,1,1,0,1,1,1,1,1,1,1,1
strict-hot,hot,2,100,45003,fence-after-sync-before-publish,2097154,1048601,86,2,2,0,8,0.2,0,0,0,1,1,0,0.8,1,1,1,1,1,1,1
strict-hot,hot,2,100,45003,fence-after-sync-before-publish,2097154,1048601,86,2,2,0,9,0,0,0,0,1,1,0,1,1,1,1,1,1,1,1
strict-hot,hot,2,100,45003,fence-after-sync-before-publish,2097154,1048601,86,2,2,0,10,0,0,0,0,1,1,0,1,1,1,1,1,1,1,1
strict-hot,hot,2,100,45003,fence-after-sync-before-publish,2097154,1048601,86,2,2,0,11,0,0,0,0,1,1,0,1,1,1,1,1,1,1,1
fixed-count,random,2,117,9003,terminal-unfenced-suffix,1048601,1048600,-1,1,0,1,0,0,0,0,0,1,1,0,1,1,1,1,1,1,1,1
fixed-count,random,2,117,9003,terminal-unfenced-suffix,1048601,1048600,-1,1,0,1,1,0,0,0,0,1,1,0,1,1,1,1,1,1,1,1
fixed-count,random,2,117,9003,terminal-unfenced-suffix,1048601,1048600,-1,1,0,1,2,0,0,0,0,1,1,0,1,1,1,1,1,1,1,1
fixed-count,random,2,117,9003,terminal-unfenced-suffix,1048601,1048600,-1,1,0,1,3,0.1,0.1,0.1,0,1,0.9,0.1,1,1,1,1,1,1,1,1
fixed-count,random,2,117,9003,terminal-unfenced-suffix,1048601,1048600,-1,1,0,1,4,0,0,0,0,1,1,0,1,1,1,1,1,1,1,1
fixed-count,random,2,117,9003,terminal-unfenced-suffix,1048601,1048600,-1,1,0,1,5,0,0,0,0,1,1,0,1,1,1,1,1,1,1,1
fixed-count,random,2,117,9003,terminal-unfenced-suffix,1048601,1048600,-1,1,0,1,6,0,0,0,0,1,1,0,1,1,1,1,1,1,1,1
fixed-count,random,2,117,9003,terminal-unfenced-suffix,1048601,1048600,-1,1,0,1,7,0,0,0,0,1,1,0,1,1,1,1,1,1,1,1
fixed-count,random,2,117,9003,terminal-unfenced-suffix,1048601,1048600,-1,1,0,1,8,0,0,0,0,1,1,0,1,1,1,1,1,1,1,1
fixed-count,random,2,117,9003,terminal-unfenced-suffix,1048601,1048600,-1,1,0,1,9,0,0,0,0,1,1,0,1,1,1,1,1,1,1,1
fixed-count,random,2,117,9003,terminal-unfenced-suffix,1048601,1048600,-1,1,0,1,10,0,0,0,0,1,1,0,1,1,1,1,1,1,1,1
fixed-count,random,2,117,9003,terminal-unfenced-suffix,1048601,1048600,-1,1,0,1,11,0,0,0,0,1,1,0,1,1,1,1,1,1,1,1
exchange-random,random,2,117,9003,terminal-unfenced-suffix,1048601,1048592,-1,9,0,9,0,0,0,0,0,1,1,0,1,1,1,1,1,1,1,1
exchange-random,random,2,117,9003,terminal-unfenced-suffix,1048601,1048592,-1,9,0,9,1,0.2,0.2,0.2,0,1,0.8,0.2,1,1,1,1,1,1,1,1
exchange-random,random,2,117,9003,terminal-unfenced-suffix,1048601,1048592,-1,9,0,9,2,0,0,0,0,1,1,0,1,1,1,1,1,1,1,1
exchange-random,random,2,117,9003,terminal-unfenced-suffix,1048601,1048592,-1,9,0,9,3,0.1,0.1,0.1,0,1,0.9,0.1,1,1,1,1,1,1,1,1
exchange-random,random,2,117,9003,terminal-unfenced-suffix,1048601,1048592,-1,9,0,9,4,0,0,0,0,1,1,0,1,1,1,1,1,1,1,1
exchange-random,random,2,117,9003,terminal-unfenced-suffix,1048601,1048592,-1,9,0,9,5,0.1,0.1,0.1,0,1,0.9,0.1,1,1,1,1,1,1,1,1
exchange-random,random,2,117,9003,terminal-unfenced-suffix,1048601,1048592,-1,9,0,9,6,0,0,0,0,1,1,0,1,1,1,1,1,1,1,1
exchange-random,random,2,117,9003,terminal-unfenced-suffix,1048601,1048592,-1,9,0,9,7,0.1,0.1,0.1,0,1,0.9,0.1,1,1,1,1,1,1,1,1
exchange-random,random,2,117,9003,terminal-unfenced-suffix,1048601,1048592,-1,9,0,9,8,0,0,0,0,1,1,0,1,1,1,1,1,1,1,1
exchange-random,random,2,117,9003,terminal-unfenced-suffix,1048601,1048592,-1,9,0,9,9,0,0,0,0,1,1,0,1,1,1,1,1,1,1,1
exchange-random,random,2,117,9003,terminal-unfenced-suffix,1048601,1048592,-1,9,0,9,10,0,0,0,0,1,1,0,1,1,1,1,1,1,1,1
exchange-random,random,2,117,9003,terminal-unfenced-suffix,1048601,1048592,-1,9,0,9,11,0.1,0.1,0.1,0,1,0.9,0.1,1,1,1,1,1,1,1,1
exchange-hot-guard,hot,2,117,45003,terminal-unfenced-suffix,1048601,1048601,-1,0,0,0,0,0,0,0,0,1,1,0,1,1,1,1,1,1,1,1
exchange-hot-guard,hot,2,117,45003,terminal-unfenced-suffix,1048601,1048601,-1,0,0,0,1,0,0,0,0,1,1,0,1,1,1,1,1,1,1,1
exchange-hot-guard,hot,2,117,45003,terminal-unfenced-suffix,1048601,1048601,-1,0,0,0,2,0,0,0,0,1,1,0,1,1,1,1,1,1,1,1
exchange-hot-guard,hot,2,117,45003,terminal-unfenced-suffix,1048601,1048601,-1,0,0,0,3,0,0,0,0,1,1,0,1,1,1,1,1,1,1,1
exchange-hot-guard,hot,2,117,45003,terminal-unfenced-suffix,1048601,1048601,-1,0,0,0,4,0,0,0,0,1,1,0,1,1,1,1,1,1,1,1
exchange-hot-guard,hot,2,117,45003,terminal-unfenced-suffix,1048601,1048601,-1,0,0,0,5,0,0,0,0,1,1,0,1,1,1,1,1,1,1,1
exchange-hot-guard,hot,2,117,45003,terminal-unfenced-suffix,1048601,1048601,-1,0,0,0,6,0,0,0,0,1,1,0,1,1,1,1,1,1,1,1
exchange-hot-guard,hot,2,117,45003,terminal-unfenced-suffix,1048601,1048601,-1,0,0,0,7,0,0,0,0,1,1,0,1,1,1,1,1,1,1,1
exchange-hot-guard,hot,2,117,45003,terminal-unfenced-suffix,1048601,1048601,-1,0,0,0,8,0,0,0,0,1,1,0,1,1,1,1,1,1,1,1
exchange-hot-guard,hot,2,117,45003,terminal-unfenced-suffix,1048601,1048601,-1,0,0,0,9,0,0,0,0,1,1,0,1,1,1,1,1,1,1,1
exchange-hot-guard,hot,2,117,45003,terminal-unfenced-suffix,1048601,1048601,-1,0,0,0,10,0,0,0,0,1,1,0,1,1,1,1,1,1,1,1
exchange-hot-guard,hot,2,117,45003,terminal-unfenced-suffix,1048601,1048601,-1,0,0,0,11,0,0,0,0,1,1,0,1,1,1,1,1,1,1,1
fixed-time,random,2,100,9003,terminal-unfenced-suffix,1048601,1048601,-1,0,0,0,0,0,0,0,0,1,1,0,1,1,1,1,1,1,1,1
fixed-time,random,2,100,9003,terminal-unfenced-suffix,1048601,1048601,-1,0,0,0,1,0,0,0,0,1,1,0,1,1,1,1,1,1,1,1
fixed-time,random,2,100,9003,terminal-unfenced-suffix,1048601,1048601,-1,0,0,0,2,0,0,0,0,1,1,0,1,1,1,1,1,1,1,1
fixed-time,random,2,100,9003,terminal-unfenced-suffix,1048601,1048601,-1,0,0,0,3,0,0,0,0,1,1,0,1,1,1,1,1,1,1,1
fixed-time,random,2,100,9003,terminal-unfenced-suffix,1048601,1048601,-1,0,0,0,4,0,0,0,0,1,1,0,1,1,1,1,1,1,1,1
fixed-time,random,2,100,9003,terminal-unfenced-suffix,1048601,1048601,-1,0,0,0,5,0,0,0,0,1,1,0,1,1,1,1,1,1,1,1
fixed-time,random,2,100,9003,terminal-unfenced-suffix,1048601,1048601,-1,0,0,0,6,0,0,0,0,1,1,0,1,1,1,1,1,1,1,1
fixed-time,random,2,100,9003,terminal-unfenced-suffix,1048601,1048601,-1,0,0,0,7,0,0,0,0,1,1,0,1,1,1,1,1,1,1,1
fixed-time,random,2,100,9003,terminal-unfenced-suffix,1048601,1048601,-1,0,0,0,8,0,0,0,0,1,1,0,1,1,1,1,1,1,1,1
fixed-time,random,2,100,9003,terminal-unfenced-suffix,1048601,1048601,-1,0,0,0,9,0,0,0,0,1,1,0,1,1,1,1,1,1,1,1
fixed-time,random,2,100,9003,terminal-unfenced-suffix,1048601,1048601,-1,0,0,0,10,0,0,0,0,1,1,0,1,1,1,1,1,1,1,1
fixed-time,random,2,100,9003,terminal-unfenced-suffix,1048601,1048601,-1,0,0,0,11,0,0,0,0,1,1,0,1,1,1,1,1,1,1,1
strict-random,random,2,117,9003,strict-cap-before-fence,2097154,1048601,87,2,0,2,0,0.2,0.2,0.2,0,1,0.8,0.2,1,1,1,1,1,1,1,1
strict-random,random,2,117,9003,strict-cap-before-fence,2097154,1048601,87,2,0,2,1,0,0,0,0,1,1,0,1,1,1,1,1,1,1,1
strict-random,random,2,117,9003,strict-cap-before-fence,2097154,1048601,87,2,0,2,2,0,0,0,0,1,1,0,1,1,1,1,1,1,1,1
strict-random,random,2,117,9003,strict-cap-before-fence,2097154,1048601,87,2,0,2,3,0,0,0,0,1,1,0,1,1,1,1,1,1,1,1
strict-random,random,2,117,9003,strict-cap-before-fence,2097154,1048601,87,2,0,2,4,0,0,0,0,1,1,0,1,1,1,1,1,1,1,1
strict-random,random,2,117,9003,strict-cap-before-fence,2097154,1048601,87,2,0,2,5,0,0,0,0,1,1,0,1,1,1,1,1,1,1,1
strict-random,random,2,117,9003,strict-cap-before-fence,2097154,1048601,87,2,0,2,6,0,0,0,0,1,1,0,1,1,1,1,1,1,1,1
strict-random,random,2,117,9003,strict-cap-before-fence,2097154,1048601,87,2,0,2,7,0,0,0,0,1,1,0,1,1,1,1,1,1,1,1
strict-random,random,2,117,9003,strict-cap-before-fence,2097154,1048601,87,2,0,2,8,0,0,0,0,1,1,0,1,1,1,1,1,1,1,1
strict-random,random,2,117,9003,strict-cap-before-fence,2097154,1048601,87,2,0,2,9,0,0,0,0,1,1,0,1,1,1,1,1,1,1,1
strict-random,random,2,117,9003,strict-cap-before-fence,2097154,1048601,87,2,0,2,10,0,0,0,0,1,1,0,1,1,1,1,1,1,1,1
strict-random,random,2,117,9003,strict-cap-before-fence,2097154,1048601,87,2,0,2,11,0,0,0,0,1,1,0,1,1,1,1,1,1,1,1
exchange-hot,hot,2,100,45003,terminal-unfenced-suffix,1048601,1048592,-1,9,0,9,0,0.3,0.3,0.3,5.55112e-17,1,0.7,0.3,1,1,1,1,1,1,1,1
exchange-hot,hot,2,100,45003,terminal-unfenced-suffix,1048601,1048592,-1,9,0,9,1,0.2,0.2,0.2,0,1,0.8,0.2,1,1,1,1,1,1,1,1
exchange-hot,hot,2,100,45003,terminal-unfenced-suffix,1048601,1048592,-1,9,0,9,2,0.2,0.2,0.2,0,1,0.8,0.2,1,1,1,1,1,1,1,1
exchange-hot,hot,2,100,45003,terminal-unfenced-suffix,1048601,1048592,-1,9,0,9,3,0.2,0.2,0.2,0,1,0.8,0.2,1,1,1,1,1,1,1,1
exchange-hot,hot,2,100,45003,terminal-unfenced-suffix,1048601,1048592,-1,9,0,9,4,0.3,0.3,0.3,5.55112e-17,1,0.7,0.3,1,1,1,1,1,1,1,1
exchange-hot,hot,2,100,45003,terminal-unfenced-suffix,1048601,1048592,-1,9,0,9,5,0.2,0.2,0.2,0,1,0.8,0.2,1,1,1,1,1,1,1,1
exchange-hot,hot,2,100,45003,terminal-unfenced-suffix,1048601,1048592,-1,9,0,9,6,0.2,0.2,0.2,0,1,0.8,0.2,1,1,1,1,1,1,1,1
exchange-hot,hot,2,100,45003,terminal-unfenced-suffix,1048601,1048592,-1,9,0,9,7,0.2,0.2,0.2,0,1,0.8,0.2,1,1,1,1,1,1,1,1
exchange-hot,hot,2,100,45003,terminal-unfenced-suffix,1048601,1048592,-1,9,0,9,8,0.3,0.3,0.3,5.55112e-17,1,0.7,0.3,1,1,1,1,1,1,1,1
exchange-hot,hot,2,100,45003,terminal-unfenced-suffix,1048601,1048592,-1,9,0,9,9,0.2,0.2,0.2,0,1,0.8,0.2,1,1,1,1,1,1,1,1
exchange-hot,hot,2,100,45003,terminal-unfenced-suffix,1048601,1048592,-1,9,0,9,10,0.2,0.2,0.2,0,1,0.8,0.2,1,1,1,1,1,1,1,1
exchange-hot,hot,2,100,45003,terminal-unfenced-suffix,1048601,1048592,-1,9,0,9,11,0.2,0.2,0.2,0,1,0.8,0.2,1,1,1,1,1,1,1,1
exchange-hot-guard,hot,3,100,45004,terminal-unfenced-suffix,1048601,1048601,-1,0,0,0,0,0,0,0,0,1,1,0,1,1,1,1,1,1,1,1
exchange-hot-guard,hot,3,100,45004,terminal-unfenced-suffix,1048601,1048601,-1,0,0,0,1,0,0,0,0,1,1,0,1,1,1,1,1,1,1,1
exchange-hot-guard,hot,3,100,45004,terminal-unfenced-suffix,1048601,1048601,-1,0,0,0,2,0,0,0,0,1,1,0,1,1,1,1,1,1,1,1
exchange-hot-guard,hot,3,100,45004,terminal-unfenced-suffix,1048601,1048601,-1,0,0,0,3,0,0,0,0,1,1,0,1,1,1,1,1,1,1,1
exchange-hot-guard,hot,3,100,45004,terminal-unfenced-suffix,1048601,1048601,-1,0,0,0,4,0,0,0,0,1,1,0,1,1,1,1,1,1,1,1
exchange-hot-guard,hot,3,100,45004,terminal-unfenced-suffix,1048601,1048601,-1,0,0,0,5,0,0,0,0,1,1,0,1,1,1,1,1,1,1,1
exchange-hot-guard,hot,3,100,45004,terminal-unfenced-suffix,1048601,1048601,-1,0,0,0,6,0,0,0,0,1,1,0,1,1,1,1,1,1,1,1
exchange-hot-guard,hot,3,100,45004,terminal-unfenced-suffix,1048601,1048601,-1,0,0,0,7,0,0,0,0,1,1,0,1,1,1,1,1,1,1,1
exchange-hot-guard,hot,3,100,45004,terminal-unfenced-suffix,1048601,1048601,-1,0,0,0,8,0,0,0,0,1,1,0,1,1,1,1,1,1,1,1
exchange-hot-guard,hot,3,100,45004,terminal-unfenced-suffix,1048601,1048601,-1,0,0,0,9,0,0,0,0,1,1,0,1,1,1,1,1,1,1,1
exchange-hot-guard,hot,3,100,45004,terminal-unfenced-suffix,1048601,1048601,-1,0,0,0,10,0,0,0,0,1,1,0,1,1,1,1,1,1,1,1
exchange-hot-guard,hot,3,100,45004,terminal-unfenced-suffix,1048601,1048601,-1,0,0,0,11,0,0,0,0,1,1,0,1,1,1,1,1,1,1,1
fixed-time,random,3,117,9004,terminal-unfenced-suffix,1048601,1048601,-1,0,0,0,0,0,0,0,0,1,1,0,1,1,1,1,1,1,1,1
fixed-time,random,3,117,9004,terminal-unfenced-suffix,1048601,1048601,-1,0,0,0,1,0,0,0,0,1,1,0,1,1,1,1,1,1,1,1
fixed-time,random,3,117,9004,terminal-unfenced-suffix,1048601,1048601,-1,0,0,0,2,0,0,0,0,1,1,0,1,1,1,1,1,1,1,1
fixed-time,random,3,117,9004,terminal-unfenced-suffix,1048601,1048601,-1,0,0,0,3,0,0,0,0,1,1,0,1,1,1,1,1,1,1,1
fixed-time,random,3,117,9004,terminal-unfenced-suffix,1048601,1048601,-1,0,0,0,4,0,0,0,0,1,1,0,1,1,1,1,1,1,1,1
fixed-time,random,3,117,9004,terminal-unfenced-suffix,1048601,1048601,-1,0,0,0,5,0,0,0,0,1,1,0,1,1,1,1,1,1,1,1
fixed-time,random,3,117,9004,terminal-unfenced-suffix,1048601,1048601,-1,0,0,0,6,0,0,0,0,1,1,0,1,1,1,1,1,1,1,1
fixed-time,random,3,117,9004,terminal-unfenced-suffix,1048601,1048601,-1,0,0,0,7,0,0,0,0,1,1,0,1,1,1,1,1,1,1,1
fixed-time,random,3,117,9004,terminal-unfenced-suffix,1048601,1048601,-1,0,0,0,8,0,0,0,0,1,1,0,1,1,1,1,1,1,1,1
fixed-time,random,3,117,9004,terminal-unfenced-suffix,1048601,1048601,-1,0,0,0,9,0,0,0,0,1,1,0,1,1,1,1,1,1,1,1
fixed-time,random,3,117,9004,terminal-unfenced-suffix,1048601,1048601,-1,0,0,0,10,0,0,0,0,1,1,0,1,1,1,1,1,1,1,1
fixed-time,random,3,117,9004,terminal-unfenced-suffix,1048601,1048601,-1,0,0,0,11,0,0,0,0,1,1,0,1,1,1,1,1,1,1,1
exchange-random,random,3,100,9004,terminal-unfenced-suffix,1048601,1048592,-1,9,0,9,0,0,0,0,0,1,1,0,1,1,1,1,1,1,1,1
exchange-random,random,3,100,9004,terminal-unfenced-suffix,1048601,1048592,-1,9,0,9,1,0,0,0,0,1,1,0,1,1,1,1,1,1,1,1
exchange-random,random,3,100,9004,terminal-unfenced-suffix,1048601,1048592,-1,9,0,9,2,0.1,0.1,0.1,0,1,0.9,0.1,1,1,1,1,1,1,1,1
exchange-random,random,3,100,9004,terminal-unfenced-suffix,1048601,1048592,-1,9,0,9,3,0.2,0.2,0.2,0,1,0.8,0.2,1,1,1,1,1,1,1,1
exchange-random,random,3,100,9004,terminal-unfenced-suffix,1048601,1048592,-1,9,0,9,4,0,0,0,0,1,1,0,1,1,1,1,1,1,1,1
exchange-random,random,3,100,9004,terminal-unfenced-suffix,1048601,1048592,-1,9,0,9,5,0.2,0.2,0.2,0,1,0.8,0.2,1,1,1,1,1,1,1,1
exchange-random,random,3,100,9004,terminal-unfenced-suffix,1048601,1048592,-1,9,0,9,6,0,0,0,0,1,1,0,1,1,1,1,1,1,1,1
exchange-random,random,3,100,9004,terminal-unfenced-suffix,1048601,1048592,-1,9,0,9,7,0.2,0.2,0.2,0,1,0.8,0.2,1,1,1,1,1,1,1,1
exchange-random,random,3,100,9004,terminal-unfenced-suffix,1048601,1048592,-1,9,0,9,8,0,0,0,0,1,1,0,1,1,1,1,1,1,1,1
exchange-random,random,3,100,9004,terminal-unfenced-suffix,1048601,1048592,-1,9,0,9,9,0,0,0,0,1,1,0,1,1,1,1,1,1,1,1
exchange-random,random,3,100,9004,terminal-unfenced-suffix,1048601,1048592,-1,9,0,9,10,0.2,0.2,0.2,0,1,0.8,0.2,1,1,1,1,1,1,1,1
exchange-random,random,3,100,9004,terminal-unfenced-suffix,1048601,1048592,-1,9,0,9,11,0.1,0.1,0.1,0,1,0.9,0.1,1,1,1,1,1,1,1,1
exchange-hot,hot,3,117,45004,terminal-unfenced-suffix,1048601,1048592,-1,9,0,9,0,0.3,0.3,0.3,5.55112e-17,1,0.7,0.3,1,1,1,1,1,1,1,1
exchange-hot,hot,3,117,45004,terminal-unfenced-suffix,1048601,1048592,-1,9,0,9,1,0.2,0.2,0.2,0,1,0.8,0.2,1,1,1,1,1,1,1,1
exchange-hot,hot,3,117,45004,terminal-unfenced-suffix,1048601,1048592,-1,9,0,9,2,0.2,0.2,0.2,0,1,0.8,0.2,1,1,1,1,1,1,1,1
exchange-hot,hot,3,117,45004,terminal-unfenced-suffix,1048601,1048592,-1,9,0,9,3,0.2,0.2,0.2,0,1,0.8,0.2,1,1,1,1,1,1,1,1
exchange-hot,hot,3,117,45004,terminal-unfenced-suffix,1048601,1048592,-1,9,0,9,4,0.3,0.3,0.3,5.55112e-17,1,0.7,0.3,1,1,1,1,1,1,1,1
exchange-hot,hot,3,117,45004,terminal-unfenced-suffix,1048601,1048592,-1,9,0,9,5,0.2,0.2,0.2,0,1,0.8,0.2,1,1,1,1,1,1,1,1
exchange-hot,hot,3,117,45004,terminal-unfenced-suffix,1048601,1048592,-1,9,0,9,6,0.2,0.2,0.2,0,1,0.8,0.2,1,1,1,1,1,1,1,1
exchange-hot,hot,3,117,45004,terminal-unfenced-suffix,1048601,1048592,-1,9,0,9,7,0.2,0.2,0.2,0,1,0.8,0.2,1,1,1,1,1,1,1,1
exchange-hot,hot,3,117,45004,terminal-unfenced-suffix,1048601,1048592,-1,9,0,9,8,0.3,0.3,0.3,5.55112e-17,1,0.7,0.3,1,1,1,1,1,1,1,1
exchange-hot,hot,3,117,45004,terminal-unfenced-suffix,1048601,1048592,-1,9,0,9,9,0.2,0.2,0.2,0,1,0.8,0.2,1,1,1,1,1,1,1,1
exchange-hot,hot,3,117,45004,terminal-unfenced-suffix,1048601,1048592,-1,9,0,9,10,0.2,0.2,0.2,0,1,0.8,0.2,1,1,1,1,1,1,1,1
exchange-hot,hot,3,117,45004,terminal-unfenced-suffix,1048601,1048592,-1,9,0,9,11,0.2,0.2,0.2,0,1,0.8,0.2,1,1,1,1,1,1,1,1
fixed-count,random,3,100,9004,terminal-unfenced-suffix,1048601,1048600,-1,1,0,1,0,0,0,0,0,1,1,0,1,1,1,1,1,1,1,1
fixed-count,random,3,100,9004,terminal-unfenced-suffix,1048601,1048600,-1,1,0,1,1,0,0,0,0,1,1,0,1,1,1,1,1,1,1,1
fixed-count,random,3,100,9004,terminal-unfenced-suffix,1048601,1048600,-1,1,0,1,2,0,0,0,0,1,1,0,1,1,1,1,1,1,1,1
fixed-count,random,3,100,9004,terminal-unfenced-suffix,1048601,1048600,-1,1,0,1,3,0.1,0.1,0.1,0,1,0.9,0.1,1,1,1,1,1,1,1,1
fixed-count,random,3,100,9004,terminal-unfenced-suffix,1048601,1048600,-1,1,0,1,4,0,0,0,0,1,1,0,1,1,1,1,1,1,1,1
fixed-count,random,3,100,9004,terminal-unfenced-suffix,1048601,1048600,-1,1,0,1,5,0,0,0,0,1,1,0,1,1,1,1,1,1,1,1
fixed-count,random,3,100,9004,terminal-unfenced-suffix,1048601,1048600,-1,1,0,1,6,0,0,0,0,1,1,0,1,1,1,1,1,1,1,1
fixed-count,random,3,100,9004,terminal-unfenced-suffix,1048601,1048600,-1,1,0,1,7,0,0,0,0,1,1,0,1,1,1,1,1,1,1,1
fixed-count,random,3,100,9004,terminal-unfenced-suffix,1048601,1048600,-1,1,0,1,8,0,0,0,0,1,1,0,1,1,1,1,1,1,1,1
fixed-count,random,3,100,9004,terminal-unfenced-suffix,1048601,1048600,-1,1,0,1,9,0,0,0,0,1,1,0,1,1,1,1,1,1,1,1
fixed-count,random,3,100,9004,terminal-unfenced-suffix,1048601,1048600,-1,1,0,1,10,0.1,0.1,0.1,0,1,0.9,0.1,1,1,1,1,1,1,1,1
fixed-count,random,3,100,9004,terminal-unfenced-suffix,1048601,1048600,-1,1,0,1,11,0,0,0,0,1,1,0,1,1,1,1,1,1,1,1
stable-group,random,3,117,9004,terminal-unfenced-suffix,1048601,1048601,-1,0,0,0,0,0,0,0,0,1,1,0,1,1,1,1,1,1,1,1
stable-group,random,3,117,9004,terminal-unfenced-suffix,1048601,1048601,-1,0,0,0,1,0,0,0,0,1,1,0,1,1,1,1,1,1,1,1
stable-group,random,3,117,9004,terminal-unfenced-suffix,1048601,1048601,-1,0,0,0,2,0,0,0,0,1,1,0,1,1,1,1,1,1,1,1
stable-group,random,3,117,9004,terminal-unfenced-suffix,1048601,1048601,-1,0,0,0,3,0,0,0,0,1,1,0,1,1,1,1,1,1,1,1
stable-group,random,3,117,9004,terminal-unfenced-suffix,1048601,1048601,-1,0,0,0,4,0,0,0,0,1,1,0,1,1,1,1,1,1,1,1
stable-group,random,3,117,9004,terminal-unfenced-suffix,1048601,1048601,-1,0,0,0,5,0,0,0,0,1,1,0,1,1,1,1,1,1,1,1
stable-group,random,3,117,9004,terminal-unfenced-suffix,1048601,1048601,-1,0,0,0,6,0,0,0,0,1,1,0,1,1,1,1,1,1,1,1
stable-group,random,3,117,9004,terminal-unfenced-suffix,1048601,1048601,-1,0,0,0,7,0,0,0,0,1,1,0,1,1,1,1,1,1,1,1
stable-group,random,3,117,9004,terminal-unfenced-suffix,1048601,1048601,-1,0,0,0,8,0,0,0,0,1,1,0,1,1,1,1,1,1,1,1
stable-group,random,3,117,9004,terminal-unfenced-suffix,1048601,1048601,-1,0,0,0,9,0,0,0,0,1,1,0,1,1,1,1,1,1,1,1
stable-group,random,3,117,9004,terminal-unfenced-suffix,1048601,1048601,-1,0,0,0,10,0,0,0,0,1,1,0,1,1,1,1,1,1,1,1
stable-group,random,3,117,9004,terminal-unfenced-suffix,1048601,1048601,-1,0,0,0,11,0,0,0,0,1,1,0,1,1,1,1,1,1,1,1
strict-hot,hot,3,117,45004,fence-after-sync-before-publish,2097154,1048601,86,2,2,0,0,0.2,0,0,0,1,1,0,0.8,1,1,1,1,1,1,1
strict-hot,hot,3,117,45004,fence-after-sync-before-publish,2097154,1048601,86,2,2,0,1,0,0,0,0,1,1,0,1,1,1,1,1,1,1,1
strict-hot,hot,3,117,45004,fence-after-sync-before-publish,2097154,1048601,86,2,2,0,2,0,0,0,0,1,1,0,1,1,1,1,1,1,1,1
strict-hot,hot,3,117,45004,fence-after-sync-before-publish,2097154,1048601,86,2,2,0,3,0,0,0,0,1,1,0,1,1,1,1,1,1,1,1
strict-hot,hot,3,117,45004,fence-after-sync-before-publish,2097154,1048601,86,2,2,0,4,0.2,0,0,0,1,1,0,0.8,1,1,1,1,1,1,1
strict-hot,hot,3,117,45004,fence-after-sync-before-publish,2097154,1048601,86,2,2,0,5,0,0,0,0,1,1,0,1,1,1,1,1,1,1,1
strict-hot,hot,3,117,45004,fence-after-sync-before-publish,2097154,1048601,86,2,2,0,6,0,0,0,0,1,1,0,1,1,1,1,1,1,1,1
strict-hot,hot,3,117,45004,fence-after-sync-before-publish,2097154,1048601,86,2,2,0,7,0,0,0,0,1,1,0,1,1,1,1,1,1,1,1
strict-hot,hot,3,117,45004,fence-after-sync-before-publish,2097154,1048601,86,2,2,0,8,0.2,0,0,0,1,1,0,0.8,1,1,1,1,1,1,1
strict-hot,hot,3,117,45004,fence-after-sync-before-publish,2097154,1048601,86,2,2,0,9,0,0,0,0,1,1,0,1,1,1,1,1,1,1,1
strict-hot,hot,3,117,45004,fence-after-sync-before-publish,2097154,1048601,86,2,2,0,10,0,0,0,0,1,1,0,1,1,1,1,1,1,1,1
strict-hot,hot,3,117,45004,fence-after-sync-before-publish,2097154,1048601,86,2,2,0,11,0,0,0,0,1,1,0,1,1,1,1,1,1,1,1
strict-random,random,3,100,9004,strict-cap-before-fence,2097154,1048601,87,2,0,2,0,0.2,0.2,0.2,0,1,0.8,0.2,1,1,1,1,1,1,1,1
strict-random,random,3,100,9004,strict-cap-before-fence,2097154,1048601,87,2,0,2,1,0,0,0,0,1,1,0,1,1,1,1,1,1,1,1
strict-random,random,3,100,9004,strict-cap-before-fence,2097154,1048601,87,2,0,2,2,0,0,0,0,1,1,0,1,1,1,1,1,1,1,1
strict-random,random,3,100,9004,strict-cap-before-fence,2097154,1048601,87,2,0,2,3,0,0,0,0,1,1,0,1,1,1,1,1,1,1,1
strict-random,random,3,100,9004,strict-cap-before-fence,2097154,1048601,87,2,0,2,4,0,0,0,0,1,1,0,1,1,1,1,1,1,1,1
strict-random,random,3,100,9004,strict-cap-before-fence,2097154,1048601,87,2,0,2,5,0,0,0,0,1,1,0,1,1,1,1,1,1,1,1
strict-random,random,3,100,9004,strict-cap-before-fence,2097154,1048601,87,2,0,2,6,0,0,0,0,1,1,0,1,1,1,1,1,1,1,1
strict-random,random,3,100,9004,strict-cap-before-fence,2097154,1048601,87,2,0,2,7,0,0,0,0,1,1,0,1,1,1,1,1,1,1,1
strict-random,random,3,100,9004,strict-cap-before-fence,2097154,1048601,87,2,0,2,8,0,0,0,0,1,1,0,1,1,1,1,1,1,1,1
strict-random,random,3,100,9004,strict-cap-before-fence,2097154,1048601,87,2,0,2,9,0,0,0,0,1,1,0,1,1,1,1,1,1,1,1
strict-random,random,3,100,9004,strict-cap-before-fence,2097154,1048601,87,2,0,2,10,0,0,0,0,1,1,0,1,1,1,1,1,1,1,1
strict-random,random,3,100,9004,strict-cap-before-fence,2097154,1048601,87,2,0,2,11,0,0,0,0,1,1,0,1,1,1,1,1,1,1,1
exchange-random,random,4,117,9005,terminal-unfenced-suffix,1048601,1048592,-1,9,0,9,0,0.1,0.1,0.1,0,1,0.9,0.1,1,1,1,1,1,1,1,1
exchange-random,random,4,117,9005,terminal-unfenced-suffix,1048601,1048592,-1,9,0,9,1,0,0,0,0,1,1,0,1,1,1,1,1,1,1,1
exchange-random,random,4,117,9005,terminal-unfenced-suffix,1048601,1048592,-1,9,0,9,2,0,0,0,0,1,1,0,1,1,1,1,1,1,1,1
exchange-random,random,4,117,9005,terminal-unfenced-suffix,1048601,1048592,-1,9,0,9,3,0.1,0.1,0.1,0,1,0.9,0.1,1,1,1,1,1,1,1,1
exchange-random,random,4,117,9005,terminal-unfenced-suffix,1048601,1048592,-1,9,0,9,4,0.1,0.1,0.1,0,1,0.9,0.1,1,1,1,1,1,1,1,1
exchange-random,random,4,117,9005,terminal-unfenced-suffix,1048601,1048592,-1,9,0,9,5,0.1,0.1,0.1,0,1,0.9,0.1,1,1,1,1,1,1,1,1
exchange-random,random,4,117,9005,terminal-unfenced-suffix,1048601,1048592,-1,9,0,9,6,0.1,0.1,0.1,0,1,0.9,0.1,1,1,1,1,1,1,1,1
exchange-random,random,4,117,9005,terminal-unfenced-suffix,1048601,1048592,-1,9,0,9,7,0,0,0,0,1,1,0,1,1,1,1,1,1,1,1
exchange-random,random,4,117,9005,terminal-unfenced-suffix,1048601,1048592,-1,9,0,9,8,0,0,0,0,1,1,0,1,1,1,1,1,1,1,1
exchange-random,random,4,117,9005,terminal-unfenced-suffix,1048601,1048592,-1,9,0,9,9,0.2,0.2,0.2,0,1,0.8,0.2,1,1,1,1,1,1,1,1
exchange-random,random,4,117,9005,terminal-unfenced-suffix,1048601,1048592,-1,9,0,9,10,0.1,0.1,0.1,0,1,0.9,0.1,1,1,1,1,1,1,1,1
exchange-random,random,4,117,9005,terminal-unfenced-suffix,1048601,1048592,-1,9,0,9,11,0,0,0,0,1,1,0,1,1,1,1,1,1,1,1
fixed-time,random,4,100,9005,terminal-unfenced-suffix,1048601,1048601,-1,0,0,0,0,0,0,0,0,1,1,0,1,1,1,1,1,1,1,1
fixed-time,random,4,100,9005,terminal-unfenced-suffix,1048601,1048601,-1,0,0,0,1,0,0,0,0,1,1,0,1,1,1,1,1,1,1,1
fixed-time,random,4,100,9005,terminal-unfenced-suffix,1048601,1048601,-1,0,0,0,2,0,0,0,0,1,1,0,1,1,1,1,1,1,1,1
fixed-time,random,4,100,9005,terminal-unfenced-suffix,1048601,1048601,-1,0,0,0,3,0,0,0,0,1,1,0,1,1,1,1,1,1,1,1
fixed-time,random,4,100,9005,terminal-unfenced-suffix,1048601,1048601,-1,0,0,0,4,0,0,0,0,1,1,0,1,1,1,1,1,1,1,1
fixed-time,random,4,100,9005,terminal-unfenced-suffix,1048601,1048601,-1,0,0,0,5,0,0,0,0,1,1,0,1,1,1,1,1,1,1,1
fixed-time,random,4,100,9005,terminal-unfenced-suffix,1048601,1048601,-1,0,0,0,6,0,0,0,0,1,1,0,1,1,1,1,1,1,1,1
fixed-time,random,4,100,9005,terminal-unfenced-suffix,1048601,1048601,-1,0,0,0,7,0,0,0,0,1,1,0,1,1,1,1,1,1,1,1
fixed-time,random,4,100,9005,terminal-unfenced-suffix,1048601,1048601,-1,0,0,0,8,0,0,0,0,1,1,0,1,1,1,1,1,1,1,1
fixed-time,random,4,100,9005,terminal-unfenced-suffix,1048601,1048601,-1,0,0,0,9,0,0,0,0,1,1,0,1,1,1,1,1,1,1,1
fixed-time,random,4,100,9005,terminal-unfenced-suffix,1048601,1048601,-1,0,0,0,10,0,0,0,0,1,1,0,1,1,1,1,1,1,1,1
fixed-time,random,4,100,9005,terminal-unfenced-suffix,1048601,1048601,-1,0,0,0,11,0,0,0,0,1,1,0,1,1,1,1,1,1,1,1
strict-random,random,4,117,9005,strict-cap-before-fence,2097154,1048601,87,2,0,2,0,0.2,0.2,0.2,0,1,0.8,0.2,1,1,1,1,1,1,1,1
strict-random,random,4,117,9005,strict-cap-before-fence,2097154,1048601,87,2,0,2,1,0,0,0,0,1,1,0,1,1,1,1,1,1,1,1
strict-random,random,4,117,9005,strict-cap-before-fence,2097154,1048601,87,2,0,2,2,0,0,0,0,1,1,0,1,1,1,1,1,1,1,1
strict-random,random,4,117,9005,strict-cap-before-fence,2097154,1048601,87,2,0,2,3,0,0,0,0,1,1,0,1,1,1,1,1,1,1,1
strict-random,random,4,117,9005,strict-cap-before-fence,2097154,1048601,87,2,0,2,4,0,0,0,0,1,1,0,1,1,1,1,1,1,1,1
strict-random,random,4,117,9005,strict-cap-before-fence,2097154,1048601,87,2,0,2,5,0,0,0,0,1,1,0,1,1,1,1,1,1,1,1
strict-random,random,4,117,9005,strict-cap-before-fence,2097154,1048601,87,2,0,2,6,0,0,0,0,1,1,0,1,1,1,1,1,1,1,1
strict-random,random,4,117,9005,strict-cap-before-fence,2097154,1048601,87,2,0,2,7,0,0,0,0,1,1,0,1,1,1,1,1,1,1,1
strict-random,random,4,117,9005,strict-cap-before-fence,2097154,1048601,87,2,0,2,8,0,0,0,0,1,1,0,1,1,1,1,1,1,1,1
strict-random,random,4,117,9005,strict-cap-before-fence,2097154,1048601,87,2,0,2,9,0,0,0,0,1,1,0,1,1,1,1,1,1,1,1
strict-random,random,4,117,9005,strict-cap-before-fence,2097154,1048601,87,2,0,2,10,0,0,0,0,1,1,0,1,1,1,1,1,1,1,1
strict-random,random,4,117,9005,strict-cap-before-fence,2097154,1048601,87,2,0,2,11,0,0,0,0,1,1,0,1,1,1,1,1,1,1,1
exchange-hot,hot,4,100,45005,terminal-unfenced-suffix,1048601,1048592,-1,9,0,9,0,0.3,0.3,0.3,5.55112e-17,1,0.7,0.3,1,1,1,1,1,1,1,1
exchange-hot,hot,4,100,45005,terminal-unfenced-suffix,1048601,1048592,-1,9,0,9,1,0.2,0.2,0.2,0,1,0.8,0.2,1,1,1,1,1,1,1,1
exchange-hot,hot,4,100,45005,terminal-unfenced-suffix,1048601,1048592,-1,9,0,9,2,0.2,0.2,0.2,0,1,0.8,0.2,1,1,1,1,1,1,1,1
exchange-hot,hot,4,100,45005,terminal-unfenced-suffix,1048601,1048592,-1,9,0,9,3,0.2,0.2,0.2,0,1,0.8,0.2,1,1,1,1,1,1,1,1
exchange-hot,hot,4,100,45005,terminal-unfenced-suffix,1048601,1048592,-1,9,0,9,4,0.3,0.3,0.3,5.55112e-17,1,0.7,0.3,1,1,1,1,1,1,1,1
exchange-hot,hot,4,100,45005,terminal-unfenced-suffix,1048601,1048592,-1,9,0,9,5,0.2,0.2,0.2,0,1,0.8,0.2,1,1,1,1,1,1,1,1
exchange-hot,hot,4,100,45005,terminal-unfenced-suffix,1048601,1048592,-1,9,0,9,6,0.2,0.2,0.2,0,1,0.8,0.2,1,1,1,1,1,1,1,1
exchange-hot,hot,4,100,45005,terminal-unfenced-suffix,1048601,1048592,-1,9,0,9,7,0.2,0.2,0.2,0,1,0.8,0.2,1,1,1,1,1,1,1,1
exchange-hot,hot,4,100,45005,terminal-unfenced-suffix,1048601,1048592,-1,9,0,9,8,0.3,0.3,0.3,5.55112e-17,1,0.7,0.3,1,1,1,1,1,1,1,1
exchange-hot,hot,4,100,45005,terminal-unfenced-suffix,1048601,1048592,-1,9,0,9,9,0.2,0.2,0.2,0,1,0.8,0.2,1,1,1,1,1,1,1,1
exchange-hot,hot,4,100,45005,terminal-unfenced-suffix,1048601,1048592,-1,9,0,9,10,0.2,0.2,0.2,0,1,0.8,0.2,1,1,1,1,1,1,1,1
exchange-hot,hot,4,100,45005,terminal-unfenced-suffix,1048601,1048592,-1,9,0,9,11,0.2,0.2,0.2,0,1,0.8,0.2,1,1,1,1,1,1,1,1
fixed-count,random,4,117,9005,terminal-unfenced-suffix,1048601,1048600,-1,1,0,1,0,0.1,0.1,0.1,0,1,0.9,0.1,1,1,1,1,1,1,1,1
fixed-count,random,4,117,9005,terminal-unfenced-suffix,1048601,1048600,-1,1,0,1,1,0,0,0,0,1,1,0,1,1,1,1,1,1,1,1
fixed-count,random,4,117,9005,terminal-unfenced-suffix,1048601,1048600,-1,1,0,1,2,0,0,0,0,1,1,0,1,1,1,1,1,1,1,1
fixed-count,random,4,117,9005,terminal-unfenced-suffix,1048601,1048600,-1,1,0,1,3,0,0,0,0,1,1,0,1,1,1,1,1,1,1,1
fixed-count,random,4,117,9005,terminal-unfenced-suffix,1048601,1048600,-1,1,0,1,4,0,0,0,0,1,1,0,1,1,1,1,1,1,1,1
fixed-count,random,4,117,9005,terminal-unfenced-suffix,1048601,1048600,-1,1,0,1,5,0,0,0,0,1,1,0,1,1,1,1,1,1,1,1
fixed-count,random,4,117,9005,terminal-unfenced-suffix,1048601,1048600,-1,1,0,1,6,0,0,0,0,1,1,0,1,1,1,1,1,1,1,1
fixed-count,random,4,117,9005,terminal-unfenced-suffix,1048601,1048600,-1,1,0,1,7,0,0,0,0,1,1,0,1,1,1,1,1,1,1,1
fixed-count,random,4,117,9005,terminal-unfenced-suffix,1048601,1048600,-1,1,0,1,8,0,0,0,0,1,1,0,1,1,1,1,1,1,1,1
fixed-count,random,4,117,9005,terminal-unfenced-suffix,1048601,1048600,-1,1,0,1,9,0,0,0,0,1,1,0,1,1,1,1,1,1,1,1
fixed-count,random,4,117,9005,terminal-unfenced-suffix,1048601,1048600,-1,1,0,1,10,0,0,0,0,1,1,0,1,1,1,1,1,1,1,1
fixed-count,random,4,117,9005,terminal-unfenced-suffix,1048601,1048600,-1,1,0,1,11,0,0,0,0,1,1,0,1,1,1,1,1,1,1,1
exchange-hot-guard,hot,4,117,45005,terminal-unfenced-suffix,1048601,1048601,-1,0,0,0,0,0,0,0,0,1,1,0,1,1,1,1,1,1,1,1
exchange-hot-guard,hot,4,117,45005,terminal-unfenced-suffix,1048601,1048601,-1,0,0,0,1,0,0,0,0,1,1,0,1,1,1,1,1,1,1,1
exchange-hot-guard,hot,4,117,45005,terminal-unfenced-suffix,1048601,1048601,-1,0,0,0,2,0,0,0,0,1,1,0,1,1,1,1,1,1,1,1
exchange-hot-guard,hot,4,117,45005,terminal-unfenced-suffix,1048601,1048601,-1,0,0,0,3,0,0,0,0,1,1,0,1,1,1,1,1,1,1,1
exchange-hot-guard,hot,4,117,45005,terminal-unfenced-suffix,1048601,1048601,-1,0,0,0,4,0,0,0,0,1,1,0,1,1,1,1,1,1,1,1
exchange-hot-guard,hot,4,117,45005,terminal-unfenced-suffix,1048601,1048601,-1,0,0,0,5,0,0,0,0,1,1,0,1,1,1,1,1,1,1,1
exchange-hot-guard,hot,4,117,45005,terminal-unfenced-suffix,1048601,1048601,-1,0,0,0,6,0,0,0,0,1,1,0,1,1,1,1,1,1,1,1
exchange-hot-guard,hot,4,117,45005,terminal-unfenced-suffix,1048601,1048601,-1,0,0,0,7,0,0,0,0,1,1,0,1,1,1,1,1,1,1,1
exchange-hot-guard,hot,4,117,45005,terminal-unfenced-suffix,1048601,1048601,-1,0,0,0,8,0,0,0,0,1,1,0,1,1,1,1,1,1,1,1
exchange-hot-guard,hot,4,117,45005,terminal-unfenced-suffix,1048601,1048601,-1,0,0,0,9,0,0,0,0,1,1,0,1,1,1,1,1,1,1,1
exchange-hot-guard,hot,4,117,45005,terminal-unfenced-suffix,1048601,1048601,-1,0,0,0,10,0,0,0,0,1,1,0,1,1,1,1,1,1,1,1
exchange-hot-guard,hot,4,117,45005,terminal-unfenced-suffix,1048601,1048601,-1,0,0,0,11,0,0,0,0,1,1,0,1,1,1,1,1,1,1,1
stable-group,random,4,100,9005,terminal-unfenced-suffix,1048601,1048601,-1,0,0,0,0,0,0,0,0,1,1,0,1,1,1,1,1,1,1,1
stable-group,random,4,100,9005,terminal-unfenced-suffix,1048601,1048601,-1,0,0,0,1,0,0,0,0,1,1,0,1,1,1,1,1,1,1,1
stable-group,random,4,100,9005,terminal-unfenced-suffix,1048601,1048601,-1,0,0,0,2,0,0,0,0,1,1,0,1,1,1,1,1,1,1,1
stable-group,random,4,100,9005,terminal-unfenced-suffix,1048601,1048601,-1,0,0,0,3,0,0,0,0,1,1,0,1,1,1,1,1,1,1,1
stable-group,random,4,100,9005,terminal-unfenced-suffix,1048601,1048601,-1,0,0,0,4,0,0,0,0,1,1,0,1,1,1,1,1,1,1,1
stable-group,random,4,100,9005,terminal-unfenced-suffix,1048601,1048601,-1,0,0,0,5,0,0,0,0,1,1,0,1,1,1,1,1,1,1,1
stable-group,random,4,100,9005,terminal-unfenced-suffix,1048601,1048601,-1,0,0,0,6,0,0,0,0,1,1,0,1,1,1,1,1,1,1,1
stable-group,random,4,100,9005,terminal-unfenced-suffix,1048601,1048601,-1,0,0,0,7,0,0,0,0,1,1,0,1,1,1,1,1,1,1,1
stable-group,random,4,100,9005,terminal-unfenced-suffix,1048601,1048601,-1,0,0,0,8,0,0,0,0,1,1,0,1,1,1,1,1,1,1,1
stable-group,random,4,100,9005,terminal-unfenced-suffix,1048601,1048601,-1,0,0,0,9,0,0,0,0,1,1,0,1,1,1,1,1,1,1,1
stable-group,random,4,100,9005,terminal-unfenced-suffix,1048601,1048601,-1,0,0,0,10,0,0,0,0,1,1,0,1,1,1,1,1,1,1,1
stable-group,random,4,100,9005,terminal-unfenced-suffix,1048601,1048601,-1,0,0,0,11,0,0,0,0,1,1,0,1,1,1,1,1,1,1,1
strict-hot,hot,4,100,45005,fence-after-sync-before-publish,2097154,1048601,86,2,2,0,0,0.2,0,0,0,1,1,0,0.8,1,1,1,1,1,1,1
strict-hot,hot,4,100,45005,fence-after-sync-before-publish,2097154,1048601,86,2,2,0,1,0,0,0,0,1,1,0,1,1,1,1,1,1,1,1
strict-hot,hot,4,100,45005,fence-after-sync-before-publish,2097154,1048601,86,2,2,0,2,0,0,0,0,1,1,0,1,1,1,1,1,1,1,1
strict-hot,hot,4,100,45005,fence-after-sync-before-publish,2097154,1048601,86,2,2,0,3,0,0,0,0,1,1,0,1,1,1,1,1,1,1,1
strict-hot,hot,4,100,45005,fence-after-sync-before-publish,2097154,1048601,86,2,2,0,4,0.2,0,0,0,1,1,0,0.8,1,1,1,1,1,1,1
strict-hot,hot,4,100,45005,fence-after-sync-before-publish,2097154,1048601,86,2,2,0,5,0,0,0,0,1,1,0,1,1,1,1,1,1,1,1
strict-hot,hot,4,100,45005,fence-after-sync-before-publish,2097154,1048601,86,2,2,0,6,0,0,0,0,1,1,0,1,1,1,1,1,1,1,1
strict-hot,hot,4,100,45005,fence-after-sync-before-publish,2097154,1048601,86,2,2,0,7,0,0,0,0,1,1,0,1,1,1,1,1,1,1,1
strict-hot,hot,4,100,45005,fence-after-sync-before-publish,2097154,1048601,86,2,2,0,8,0.2,0,0,0,1,1,0,0.8,1,1,1,1,1,1,1
strict-hot,hot,4,100,45005,fence-after-sync-before-publish,2097154,1048601,86,2,2,0,9,0,0,0,0,1,1,0,1,1,1,1,1,1,1,1
strict-hot,hot,4,100,45005,fence-after-sync-before-publish,2097154,1048601,86,2,2,0,10,0,0,0,0,1,1,0,1,1,1,1,1,1,1,1
strict-hot,hot,4,100,45005,fence-after-sync-before-publish,2097154,1048601,86,2,2,0,11,0,0,0,0,1,1,0,1,1,1,1,1,1,1,1
stable-group,random,5,117,9006,terminal-unfenced-suffix,1048601,1048601,-1,0,0,0,0,0,0,0,0,1,1,0,1,1,1,1,1,1,1,1
stable-group,random,5,117,9006,terminal-unfenced-suffix,1048601,1048601,-1,0,0,0,1,0,0,0,0,1,1,0,1,1,1,1,1,1,1,1
stable-group,random,5,117,9006,terminal-unfenced-suffix,1048601,1048601,-1,0,0,0,2,0,0,0,0,1,1,0,1,1,1,1,1,1,1,1
stable-group,random,5,117,9006,terminal-unfenced-suffix,1048601,1048601,-1,0,0,0,3,0,0,0,0,1,1,0,1,1,1,1,1,1,1,1
stable-group,random,5,117,9006,terminal-unfenced-suffix,1048601,1048601,-1,0,0,0,4,0,0,0,0,1,1,0,1,1,1,1,1,1,1,1
stable-group,random,5,117,9006,terminal-unfenced-suffix,1048601,1048601,-1,0,0,0,5,0,0,0,0,1,1,0,1,1,1,1,1,1,1,1
stable-group,random,5,117,9006,terminal-unfenced-suffix,1048601,1048601,-1,0,0,0,6,0,0,0,0,1,1,0,1,1,1,1,1,1,1,1
stable-group,random,5,117,9006,terminal-unfenced-suffix,1048601,1048601,-1,0,0,0,7,0,0,0,0,1,1,0,1,1,1,1,1,1,1,1
stable-group,random,5,117,9006,terminal-unfenced-suffix,1048601,1048601,-1,0,0,0,8,0,0,0,0,1,1,0,1,1,1,1,1,1,1,1
stable-group,random,5,117,9006,terminal-unfenced-suffix,1048601,1048601,-1,0,0,0,9,0,0,0,0,1,1,0,1,1,1,1,1,1,1,1
stable-group,random,5,117,9006,terminal-unfenced-suffix,1048601,1048601,-1,0,0,0,10,0,0,0,0,1,1,0,1,1,1,1,1,1,1,1
stable-group,random,5,117,9006,terminal-unfenced-suffix,1048601,1048601,-1,0,0,0,11,0,0,0,0,1,1,0,1,1,1,1,1,1,1,1
exchange-hot,hot,5,117,45006,terminal-unfenced-suffix,1048601,1048592,-1,9,0,9,0,0.3,0.3,0.3,5.55112e-17,1,0.7,0.3,1,1,1,1,1,1,1,1
exchange-hot,hot,5,117,45006,terminal-unfenced-suffix,1048601,1048592,-1,9,0,9,1,0.2,0.2,0.2,0,1,0.8,0.2,1,1,1,1,1,1,1,1
exchange-hot,hot,5,117,45006,terminal-unfenced-suffix,1048601,1048592,-1,9,0,9,2,0.2,0.2,0.2,0,1,0.8,0.2,1,1,1,1,1,1,1,1
exchange-hot,hot,5,117,45006,terminal-unfenced-suffix,1048601,1048592,-1,9,0,9,3,0.2,0.2,0.2,0,1,0.8,0.2,1,1,1,1,1,1,1,1
exchange-hot,hot,5,117,45006,terminal-unfenced-suffix,1048601,1048592,-1,9,0,9,4,0.3,0.3,0.3,5.55112e-17,1,0.7,0.3,1,1,1,1,1,1,1,1
exchange-hot,hot,5,117,45006,terminal-unfenced-suffix,1048601,1048592,-1,9,0,9,5,0.2,0.2,0.2,0,1,0.8,0.2,1,1,1,1,1,1,1,1
exchange-hot,hot,5,117,45006,terminal-unfenced-suffix,1048601,1048592,-1,9,0,9,6,0.2,0.2,0.2,0,1,0.8,0.2,1,1,1,1,1,1,1,1
exchange-hot,hot,5,117,45006,terminal-unfenced-suffix,1048601,1048592,-1,9,0,9,7,0.2,0.2,0.2,0,1,0.8,0.2,1,1,1,1,1,1,1,1
exchange-hot,hot,5,117,45006,terminal-unfenced-suffix,1048601,1048592,-1,9,0,9,8,0.3,0.3,0.3,5.55112e-17,1,0.7,0.3,1,1,1,1,1,1,1,1
exchange-hot,hot,5,117,45006,terminal-unfenced-suffix,1048601,1048592,-1,9,0,9,9,0.2,0.2,0.2,0,1,0.8,0.2,1,1,1,1,1,1,1,1
exchange-hot,hot,5,117,45006,terminal-unfenced-suffix,1048601,1048592,-1,9,0,9,10,0.2,0.2,0.2,0,1,0.8,0.2,1,1,1,1,1,1,1,1
exchange-hot,hot,5,117,45006,terminal-unfenced-suffix,1048601,1048592,-1,9,0,9,11,0.2,0.2,0.2,0,1,0.8,0.2,1,1,1,1,1,1,1,1
strict-random,random,5,100,9006,strict-cap-before-fence,2097154,1048601,87,2,0,2,0,0.2,0.2,0.2,0,1,0.8,0.2,1,1,1,1,1,1,1,1
strict-random,random,5,100,9006,strict-cap-before-fence,2097154,1048601,87,2,0,2,1,0,0,0,0,1,1,0,1,1,1,1,1,1,1,1
strict-random,random,5,100,9006,strict-cap-before-fence,2097154,1048601,87,2,0,2,2,0,0,0,0,1,1,0,1,1,1,1,1,1,1,1
strict-random,random,5,100,9006,strict-cap-before-fence,2097154,1048601,87,2,0,2,3,0,0,0,0,1,1,0,1,1,1,1,1,1,1,1
strict-random,random,5,100,9006,strict-cap-before-fence,2097154,1048601,87,2,0,2,4,0,0,0,0,1,1,0,1,1,1,1,1,1,1,1
strict-random,random,5,100,9006,strict-cap-before-fence,2097154,1048601,87,2,0,2,5,0,0,0,0,1,1,0,1,1,1,1,1,1,1,1
strict-random,random,5,100,9006,strict-cap-before-fence,2097154,1048601,87,2,0,2,6,0,0,0,0,1,1,0,1,1,1,1,1,1,1,1
strict-random,random,5,100,9006,strict-cap-before-fence,2097154,1048601,87,2,0,2,7,0,0,0,0,1,1,0,1,1,1,1,1,1,1,1
strict-random,random,5,100,9006,strict-cap-before-fence,2097154,1048601,87,2,0,2,8,0,0,0,0,1,1,0,1,1,1,1,1,1,1,1
strict-random,random,5,100,9006,strict-cap-before-fence,2097154,1048601,87,2,0,2,9,0,0,0,0,1,1,0,1,1,1,1,1,1,1,1
strict-random,random,5,100,9006,strict-cap-before-fence,2097154,1048601,87,2,0,2,10,0,0,0,0,1,1,0,1,1,1,1,1,1,1,1
strict-random,random,5,100,9006,strict-cap-before-fence,2097154,1048601,87,2,0,2,11,0,0,0,0,1,1,0,1,1,1,1,1,1,1,1
exchange-hot-guard,hot,5,100,45006,terminal-unfenced-suffix,1048601,1048601,-1,0,0,0,0,0,0,0,0,1,1,0,1,1,1,1,1,1,1,1
exchange-hot-guard,hot,5,100,45006,terminal-unfenced-suffix,1048601,1048601,-1,0,0,0,1,0,0,0,0,1,1,0,1,1,1,1,1,1,1,1
exchange-hot-guard,hot,5,100,45006,terminal-unfenced-suffix,1048601,1048601,-1,0,0,0,2,0,0,0,0,1,1,0,1,1,1,1,1,1,1,1
exchange-hot-guard,hot,5,100,45006,terminal-unfenced-suffix,1048601,1048601,-1,0,0,0,3,0,0,0,0,1,1,0,1,1,1,1,1,1,1,1
exchange-hot-guard,hot,5,100,45006,terminal-unfenced-suffix,1048601,1048601,-1,0,0,0,4,0,0,0,0,1,1,0,1,1,1,1,1,1,1,1
exchange-hot-guard,hot,5,100,45006,terminal-unfenced-suffix,1048601,1048601,-1,0,0,0,5,0,0,0,0,1,1,0,1,1,1,1,1,1,1,1
exchange-hot-guard,hot,5,100,45006,terminal-unfenced-suffix,1048601,1048601,-1,0,0,0,6,0,0,0,0,1,1,0,1,1,1,1,1,1,1,1
exchange-hot-guard,hot,5,100,45006,terminal-unfenced-suffix,1048601,1048601,-1,0,0,0,7,0,0,0,0,1,1,0,1,1,1,1,1,1,1,1
exchange-hot-guard,hot,5,100,45006,terminal-unfenced-suffix,1048601,1048601,-1,0,0,0,8,0,0,0,0,1,1,0,1,1,1,1,1,1,1,1
exchange-hot-guard,hot,5,100,45006,terminal-unfenced-suffix,1048601,1048601,-1,0,0,0,9,0,0,0,0,1,1,0,1,1,1,1,1,1,1,1
exchange-hot-guard,hot,5,100,45006,terminal-unfenced-suffix,1048601,1048601,-1,0,0,0,10,0,0,0,0,1,1,0,1,1,1,1,1,1,1,1
exchange-hot-guard,hot,5,100,45006,terminal-unfenced-suffix,1048601,1048601,-1,0,0,0,11,0,0,0,0,1,1,0,1,1,1,1,1,1,1,1
strict-hot,hot,5,117,45006,fence-after-sync-before-publish,2097154,1048601,86,2,2,0,0,0.2,0,0,0,1,1,0,0.8,1,1,1,1,1,1,1
strict-hot,hot,5,117,45006,fence-after-sync-before-publish,2097154,1048601,86,2,2,0,1,0,0,0,0,1,1,0,1,1,1,1,1,1,1,1
strict-hot,hot,5,117,45006,fence-after-sync-before-publish,2097154,1048601,86,2,2,0,2,0,0,0,0,1,1,0,1,1,1,1,1,1,1,1
strict-hot,hot,5,117,45006,fence-after-sync-before-publish,2097154,1048601,86,2,2,0,3,0,0,0,0,1,1,0,1,1,1,1,1,1,1,1
strict-hot,hot,5,117,45006,fence-after-sync-before-publish,2097154,1048601,86,2,2,0,4,0.2,0,0,0,1,1,0,0.8,1,1,1,1,1,1,1
strict-hot,hot,5,117,45006,fence-after-sync-before-publish,2097154,1048601,86,2,2,0,5,0,0,0,0,1,1,0,1,1,1,1,1,1,1,1
strict-hot,hot,5,117,45006,fence-after-sync-before-publish,2097154,1048601,86,2,2,0,6,0,0,0,0,1,1,0,1,1,1,1,1,1,1,1
strict-hot,hot,5,117,45006,fence-after-sync-before-publish,2097154,1048601,86,2,2,0,7,0,0,0,0,1,1,0,1,1,1,1,1,1,1,1
strict-hot,hot,5,117,45006,fence-after-sync-before-publish,2097154,1048601,86,2,2,0,8,0.2,0,0,0,1,1,0,0.8,1,1,1,1,1,1,1
strict-hot,hot,5,117,45006,fence-after-sync-before-publish,2097154,1048601,86,2,2,0,9,0,0,0,0,1,1,0,1,1,1,1,1,1,1,1
strict-hot,hot,5,117,45006,fence-after-sync-before-publish,2097154,1048601,86,2,2,0,10,0,0,0,0,1,1,0,1,1,1,1,1,1,1,1
strict-hot,hot,5,117,45006,fence-after-sync-before-publish,2097154,1048601,86,2,2,0,11,0,0,0,0,1,1,0,1,1,1,1,1,1,1,1
exchange-random,random,5,100,9006,terminal-unfenced-suffix,1048601,1048592,-1,9,0,9,0,0,0,0,0,1,1,0,1,1,1,1,1,1,1,1
exchange-random,random,5,100,9006,terminal-unfenced-suffix,1048601,1048592,-1,9,0,9,1,0.1,0.1,0.1,0,1,0.9,0.1,1,1,1,1,1,1,1,1
exchange-random,random,5,100,9006,terminal-unfenced-suffix,1048601,1048592,-1,9,0,9,2,0.1,0.1,0.1,0,1,0.9,0.1,1,1,1,1,1,1,1,1
exchange-random,random,5,100,9006,terminal-unfenced-suffix,1048601,1048592,-1,9,0,9,3,0.1,0.1,0.1,0,1,0.9,0.1,1,1,1,1,1,1,1,1
exchange-random,random,5,100,9006,terminal-unfenced-suffix,1048601,1048592,-1,9,0,9,4,0,0,0,0,1,1,0,1,1,1,1,1,1,1,1
exchange-random,random,5,100,9006,terminal-unfenced-suffix,1048601,1048592,-1,9,0,9,5,0,0,0,0,1,1,0,1,1,1,1,1,1,1,1
exchange-random,random,5,100,9006,terminal-unfenced-suffix,1048601,1048592,-1,9,0,9,6,0,0,0,0,1,1,0,1,1,1,1,1,1,1,1
exchange-random,random,5,100,9006,terminal-unfenced-suffix,1048601,1048592,-1,9,0,9,7,0.1,0.1,0.1,0,1,0.9,0.1,1,1,1,1,1,1,1,1
exchange-random,random,5,100,9006,terminal-unfenced-suffix,1048601,1048592,-1,9,0,9,8,0,0,0,0,1,1,0,1,1,1,1,1,1,1,1
exchange-random,random,5,100,9006,terminal-unfenced-suffix,1048601,1048592,-1,9,0,9,9,0,0,0,0,1,1,0,1,1,1,1,1,1,1,1
exchange-random,random,5,100,9006,terminal-unfenced-suffix,1048601,1048592,-1,9,0,9,10,0,0,0,0,1,1,0,1,1,1,1,1,1,1,1
exchange-random,random,5,100,9006,terminal-unfenced-suffix,1048601,1048592,-1,9,0,9,11,0,0,0,0,1,1,0,1,1,1,1,1,1,1,1
fixed-count,random,5,100,9006,terminal-unfenced-suffix,1048601,1048600,-1,1,0,1,0,0,0,0,0,1,1,0,1,1,1,1,1,1,1,1
fixed-count,random,5,100,9006,terminal-unfenced-suffix,1048601,1048600,-1,1,0,1,1,0,0,0,0,1,1,0,1,1,1,1,1,1,1,1
fixed-count,random,5,100,9006,terminal-unfenced-suffix,1048601,1048600,-1,1,0,1,2,0.1,0.1,0.1,0,1,0.9,0.1,1,1,1,1,1,1,1,1
fixed-count,random,5,100,9006,terminal-unfenced-suffix,1048601,1048600,-1,1,0,1,3,0,0,0,0,1,1,0,1,1,1,1,1,1,1,1
fixed-count,random,5,100,9006,terminal-unfenced-suffix,1048601,1048600,-1,1,0,1,4,0,0,0,0,1,1,0,1,1,1,1,1,1,1,1
fixed-count,random,5,100,9006,terminal-unfenced-suffix,1048601,1048600,-1,1,0,1,5,0,0,0,0,1,1,0,1,1,1,1,1,1,1,1
fixed-count,random,5,100,9006,terminal-unfenced-suffix,1048601,1048600,-1,1,0,1,6,0,0,0,0,1,1,0,1,1,1,1,1,1,1,1
fixed-count,random,5,100,9006,terminal-unfenced-suffix,1048601,1048600,-1,1,0,1,7,0,0,0,0,1,1,0,1,1,1,1,1,1,1,1
fixed-count,random,5,100,9006,terminal-unfenced-suffix,1048601,1048600,-1,1,0,1,8,0,0,0,0,1,1,0,1,1,1,1,1,1,1,1
fixed-count,random,5,100,9006,terminal-unfenced-suffix,1048601,1048600,-1,1,0,1,9,0,0,0,0,1,1,0,1,1,1,1,1,1,1,1
fixed-count,random,5,100,9006,terminal-unfenced-suffix,1048601,1048600,-1,1,0,1,10,0,0,0,0,1,1,0,1,1,1,1,1,1,1,1
fixed-count,random,5,100,9006,terminal-unfenced-suffix,1048601,1048600,-1,1,0,1,11,0,0,0,0,1,1,0,1,1,1,1,1,1,1,1
fixed-time,random,5,117,9006,terminal-unfenced-suffix,1048601,1048601,-1,0,0,0,0,0,0,0,0,1,1,0,1,1,1,1,1,1,1,1
fixed-time,random,5,117,9006,terminal-unfenced-suffix,1048601,1048601,-1,0,0,0,1,0,0,0,0,1,1,0,1,1,1,1,1,1,1,1
fixed-time,random,5,117,9006,terminal-unfenced-suffix,1048601,1048601,-1,0,0,0,2,0,0,0,0,1,1,0,1,1,1,1,1,1,1,1
fixed-time,random,5,117,9006,terminal-unfenced-suffix,1048601,1048601,-1,0,0,0,3,0,0,0,0,1,1,0,1,1,1,1,1,1,1,1
fixed-time,random,5,117,9006,terminal-unfenced-suffix,1048601,1048601,-1,0,0,0,4,0,0,0,0,1,1,0,1,1,1,1,1,1,1,1
fixed-time,random,5,117,9006,terminal-unfenced-suffix,1048601,1048601,-1,0,0,0,5,0,0,0,0,1,1,0,1,1,1,1,1,1,1,1
fixed-time,random,5,117,9006,terminal-unfenced-suffix,1048601,1048601,-1,0,0,0,6,0,0,0,0,1,1,0,1,1,1,1,1,1,1,1
fixed-time,random,5,117,9006,terminal-unfenced-suffix,1048601,1048601,-1,0,0,0,7,0,0,0,0,1,1,0,1,1,1,1,1,1,1,1
fixed-time,random,5,117,9006,terminal-unfenced-suffix,1048601,1048601,-1,0,0,0,8,0,0,0,0,1,1,0,1,1,1,1,1,1,1,1
fixed-time,random,5,117,9006,terminal-unfenced-suffix,1048601,1048601,-1,0,0,0,9,0,0,0,0,1,1,0,1,1,1,1,1,1,1,1
fixed-time,random,5,117,9006,terminal-unfenced-suffix,1048601,1048601,-1,0,0,0,10,0,0,0,0,1,1,0,1,1,1,1,1,1,1,1
fixed-time,random,5,117,9006,terminal-unfenced-suffix,1048601,1048601,-1,0,0,0,11,0,0,0,0,1,1,0,1,1,1,1,1,1,1,1
exchange-hot,hot,6,100,45007,terminal-unfenced-suffix,1048601,1048592,-1,9,0,9,0,0.3,0.3,0.3,5.55112e-17,1,0.7,0.3,1,1,1,1,1,1,1,1
exchange-hot,hot,6,100,45007,terminal-unfenced-suffix,1048601,1048592,-1,9,0,9,1,0.2,0.2,0.2,0,1,0.8,0.2,1,1,1,1,1,1,1,1
exchange-hot,hot,6,100,45007,terminal-unfenced-suffix,1048601,1048592,-1,9,0,9,2,0.2,0.2,0.2,0,1,0.8,0.2,1,1,1,1,1,1,1,1
exchange-hot,hot,6,100,45007,terminal-unfenced-suffix,1048601,1048592,-1,9,0,9,3,0.2,0.2,0.2,0,1,0.8,0.2,1,1,1,1,1,1,1,1
exchange-hot,hot,6,100,45007,terminal-unfenced-suffix,1048601,1048592,-1,9,0,9,4,0.3,0.3,0.3,5.55112e-17,1,0.7,0.3,1,1,1,1,1,1,1,1
exchange-hot,hot,6,100,45007,terminal-unfenced-suffix,1048601,1048592,-1,9,0,9,5,0.2,0.2,0.2,0,1,0.8,0.2,1,1,1,1,1,1,1,1
exchange-hot,hot,6,100,45007,terminal-unfenced-suffix,1048601,1048592,-1,9,0,9,6,0.2,0.2,0.2,0,1,0.8,0.2,1,1,1,1,1,1,1,1
exchange-hot,hot,6,100,45007,terminal-unfenced-suffix,1048601,1048592,-1,9,0,9,7,0.2,0.2,0.2,0,1,0.8,0.2,1,1,1,1,1,1,1,1
exchange-hot,hot,6,100,45007,terminal-unfenced-suffix,1048601,1048592,-1,9,0,9,8,0.3,0.3,0.3,5.55112e-17,1,0.7,0.3,1,1,1,1,1,1,1,1
exchange-hot,hot,6,100,45007,terminal-unfenced-suffix,1048601,1048592,-1,9,0,9,9,0.2,0.2,0.2,0,1,0.8,0.2,1,1,1,1,1,1,1,1
exchange-hot,hot,6,100,45007,terminal-unfenced-suffix,1048601,1048592,-1,9,0,9,10,0.2,0.2,0.2,0,1,0.8,0.2,1,1,1,1,1,1,1,1
exchange-hot,hot,6,100,45007,terminal-unfenced-suffix,1048601,1048592,-1,9,0,9,11,0.2,0.2,0.2,0,1,0.8,0.2,1,1,1,1,1,1,1,1
strict-random,random,6,117,9007,strict-cap-before-fence,2097154,1048601,87,2,0,2,0,0.2,0.2,0.2,0,1,0.8,0.2,1,1,1,1,1,1,1,1
strict-random,random,6,117,9007,strict-cap-before-fence,2097154,1048601,87,2,0,2,1,0,0,0,0,1,1,0,1,1,1,1,1,1,1,1
strict-random,random,6,117,9007,strict-cap-before-fence,2097154,1048601,87,2,0,2,2,0,0,0,0,1,1,0,1,1,1,1,1,1,1,1
strict-random,random,6,117,9007,strict-cap-before-fence,2097154,1048601,87,2,0,2,3,0,0,0,0,1,1,0,1,1,1,1,1,1,1,1
strict-random,random,6,117,9007,strict-cap-before-fence,2097154,1048601,87,2,0,2,4,0,0,0,0,1,1,0,1,1,1,1,1,1,1,1
strict-random,random,6,117,9007,strict-cap-before-fence,2097154,1048601,87,2,0,2,5,0,0,0,0,1,1,0,1,1,1,1,1,1,1,1
strict-random,random,6,117,9007,strict-cap-before-fence,2097154,1048601,87,2,0,2,6,0,0,0,0,1,1,0,1,1,1,1,1,1,1,1
strict-random,random,6,117,9007,strict-cap-before-fence,2097154,1048601,87,2,0,2,7,0,0,0,0,1,1,0,1,1,1,1,1,1,1,1
strict-random,random,6,117,9007,strict-cap-before-fence,2097154,1048601,87,2,0,2,8,0,0,0,0,1,1,0,1,1,1,1,1,1,1,1
strict-random,random,6,117,9007,strict-cap-before-fence,2097154,1048601,87,2,0,2,9,0,0,0,0,1,1,0,1,1,1,1,1,1,1,1
strict-random,random,6,117,9007,strict-cap-before-fence,2097154,1048601,87,2,0,2,10,0,0,0,0,1,1,0,1,1,1,1,1,1,1,1
strict-random,random,6,117,9007,strict-cap-before-fence,2097154,1048601,87,2,0,2,11,0,0,0,0,1,1,0,1,1,1,1,1,1,1,1
fixed-count,random,6,117,9007,terminal-unfenced-suffix,1048601,1048600,-1,1,0,1,0,0,0,0,0,1,1,0,1,1,1,1,1,1,1,1
fixed-count,random,6,117,9007,terminal-unfenced-suffix,1048601,1048600,-1,1,0,1,1,0.1,0.1,0.1,0,1,0.9,0.1,1,1,1,1,1,1,1,1
fixed-count,random,6,117,9007,terminal-unfenced-suffix,1048601,1048600,-1,1,0,1,2,0,0,0,0,1,1,0,1,1,1,1,1,1,1,1
fixed-count,random,6,117,9007,terminal-unfenced-suffix,1048601,1048600,-1,1,0,1,3,0,0,0,0,1,1,0,1,1,1,1,1,1,1,1
fixed-count,random,6,117,9007,terminal-unfenced-suffix,1048601,1048600,-1,1,0,1,4,0,0,0,0,1,1,0,1,1,1,1,1,1,1,1
fixed-count,random,6,117,9007,terminal-unfenced-suffix,1048601,1048600,-1,1,0,1,5,0,0,0,0,1,1,0,1,1,1,1,1,1,1,1
fixed-count,random,6,117,9007,terminal-unfenced-suffix,1048601,1048600,-1,1,0,1,6,0,0,0,0,1,1,0,1,1,1,1,1,1,1,1
fixed-count,random,6,117,9007,terminal-unfenced-suffix,1048601,1048600,-1,1,0,1,7,0,0,0,0,1,1,0,1,1,1,1,1,1,1,1
fixed-count,random,6,117,9007,terminal-unfenced-suffix,1048601,1048600,-1,1,0,1,8,0,0,0,0,1,1,0,1,1,1,1,1,1,1,1
fixed-count,random,6,117,9007,terminal-unfenced-suffix,1048601,1048600,-1,1,0,1,9,0,0,0,0,1,1,0,1,1,1,1,1,1,1,1
fixed-count,random,6,117,9007,terminal-unfenced-suffix,1048601,1048600,-1,1,0,1,10,0,0,0,0,1,1,0,1,1,1,1,1,1,1,1
fixed-count,random,6,117,9007,terminal-unfenced-suffix,1048601,1048600,-1,1,0,1,11,0,0,0,0,1,1,0,1,1,1,1,1,1,1,1
exchange-hot-guard,hot,6,117,45007,terminal-unfenced-suffix,1048601,1048601,-1,0,0,0,0,0,0,0,0,1,1,0,1,1,1,1,1,1,1,1
exchange-hot-guard,hot,6,117,45007,terminal-unfenced-suffix,1048601,1048601,-1,0,0,0,1,0,0,0,0,1,1,0,1,1,1,1,1,1,1,1
exchange-hot-guard,hot,6,117,45007,terminal-unfenced-suffix,1048601,1048601,-1,0,0,0,2,0,0,0,0,1,1,0,1,1,1,1,1,1,1,1
exchange-hot-guard,hot,6,117,45007,terminal-unfenced-suffix,1048601,1048601,-1,0,0,0,3,0,0,0,0,1,1,0,1,1,1,1,1,1,1,1
exchange-hot-guard,hot,6,117,45007,terminal-unfenced-suffix,1048601,1048601,-1,0,0,0,4,0,0,0,0,1,1,0,1,1,1,1,1,1,1,1
exchange-hot-guard,hot,6,117,45007,terminal-unfenced-suffix,1048601,1048601,-1,0,0,0,5,0,0,0,0,1,1,0,1,1,1,1,1,1,1,1
exchange-hot-guard,hot,6,117,45007,terminal-unfenced-suffix,1048601,1048601,-1,0,0,0,6,0,0,0,0,1,1,0,1,1,1,1,1,1,1,1
exchange-hot-guard,hot,6,117,45007,terminal-unfenced-suffix,1048601,1048601,-1,0,0,0,7,0,0,0,0,1,1,0,1,1,1,1,1,1,1,1
exchange-hot-guard,hot,6,117,45007,terminal-unfenced-suffix,1048601,1048601,-1,0,0,0,8,0,0,0,0,1,1,0,1,1,1,1,1,1,1,1
exchange-hot-guard,hot,6,117,45007,terminal-unfenced-suffix,1048601,1048601,-1,0,0,0,9,0,0,0,0,1,1,0,1,1,1,1,1,1,1,1
exchange-hot-guard,hot,6,117,45007,terminal-unfenced-suffix,1048601,1048601,-1,0,0,0,10,0,0,0,0,1,1,0,1,1,1,1,1,1,1,1
exchange-hot-guard,hot,6,117,45007,terminal-unfenced-suffix,1048601,1048601,-1,0,0,0,11,0,0,0,0,1,1,0,1,1,1,1,1,1,1,1
strict-hot,hot,6,100,45007,fence-after-sync-before-publish,2097154,1048601,86,2,2,0,0,0.2,0,0,0,1,1,0,0.8,1,1,1,1,1,1,1
strict-hot,hot,6,100,45007,fence-after-sync-before-publish,2097154,1048601,86,2,2,0,1,0,0,0,0,1,1,0,1,1,1,1,1,1,1,1
strict-hot,hot,6,100,45007,fence-after-sync-before-publish,2097154,1048601,86,2,2,0,2,0,0,0,0,1,1,0,1,1,1,1,1,1,1,1
strict-hot,hot,6,100,45007,fence-after-sync-before-publish,2097154,1048601,86,2,2,0,3,0,0,0,0,1,1,0,1,1,1,1,1,1,1,1
strict-hot,hot,6,100,45007,fence-after-sync-before-publish,2097154,1048601,86,2,2,0,4,0.2,0,0,0,1,1,0,0.8,1,1,1,1,1,1,1
strict-hot,hot,6,100,45007,fence-after-sync-before-publish,2097154,1048601,86,2,2,0,5,0,0,0,0,1,1,0,1,1,1,1,1,1,1,1
strict-hot,hot,6,100,45007,fence-after-sync-before-publish,2097154,1048601,86,2,2,0,6,0,0,0,0,1,1,0,1,1,1,1,1,1,1,1
strict-hot,hot,6,100,45007,fence-after-sync-before-publish,2097154,1048601,86,2,2,0,7,0,0,0,0,1,1,0,1,1,1,1,1,1,1,1
strict-hot,hot,6,100,45007,fence-after-sync-before-publish,2097154,1048601,86,2,2,0,8,0.2,0,0,0,1,1,0,0.8,1,1,1,1,1,1,1
strict-hot,hot,6,100,45007,fence-after-sync-before-publish,2097154,1048601,86,2,2,0,9,0,0,0,0,1,1,0,1,1,1,1,1,1,1,1
strict-hot,hot,6,100,45007,fence-after-sync-before-publish,2097154,1048601,86,2,2,0,10,0,0,0,0,1,1,0,1,1,1,1,1,1,1,1
strict-hot,hot,6,100,45007,fence-after-sync-before-publish,2097154,1048601,86,2,2,0,11,0,0,0,0,1,1,0,1,1,1,1,1,1,1,1
fixed-time,random,6,100,9007,terminal-unfenced-suffix,1048601,1048601,-1,0,0,0,0,0,0,0,0,1,1,0,1,1,1,1,1,1,1,1
fixed-time,random,6,100,9007,terminal-unfenced-suffix,1048601,1048601,-1,0,0,0,1,0,0,0,0,1,1,0,1,1,1,1,1,1,1,1
fixed-time,random,6,100,9007,terminal-unfenced-suffix,1048601,1048601,-1,0,0,0,2,0,0,0,0,1,1,0,1,1,1,1,1,1,1,1
fixed-time,random,6,100,9007,terminal-unfenced-suffix,1048601,1048601,-1,0,0,0,3,0,0,0,0,1,1,0,1,1,1,1,1,1,1,1
fixed-time,random,6,100,9007,terminal-unfenced-suffix,1048601,1048601,-1,0,0,0,4,0,0,0,0,1,1,0,1,1,1,1,1,1,1,1
fixed-time,random,6,100,9007,terminal-unfenced-suffix,1048601,1048601,-1,0,0,0,5,0,0,0,0,1,1,0,1,1,1,1,1,1,1,1
fixed-time,random,6,100,9007,terminal-unfenced-suffix,1048601,1048601,-1,0,0,0,6,0,0,0,0,1,1,0,1,1,1,1,1,1,1,1
fixed-time,random,6,100,9007,terminal-unfenced-suffix,1048601,1048601,-1,0,0,0,7,0,0,0,0,1,1,0,1,1,1,1,1,1,1,1
fixed-time,random,6,100,9007,terminal-unfenced-suffix,1048601,1048601,-1,0,0,0,8,0,0,0,0,1,1,0,1,1,1,1,1,1,1,1
fixed-time,random,6,100,9007,terminal-unfenced-suffix,1048601,1048601,-1,0,0,0,9,0,0,0,0,1,1,0,1,1,1,1,1,1,1,1
fixed-time,random,6,100,9007,terminal-unfenced-suffix,1048601,1048601,-1,0,0,0,10,0,0,0,0,1,1,0,1,1,1,1,1,1,1,1
fixed-time,random,6,100,9007,terminal-unfenced-suffix,1048601,1048601,-1,0,0,0,11,0,0,0,0,1,1,0,1,1,1,1,1,1,1,1
exchange-random,random,6,117,9007,terminal-unfenced-suffix,1048601,1048592,-1,9,0,9,0,0.1,0.1,0.1,0,1,0.9,0.1,1,1,1,1,1,1,1,1
exchange-random,random,6,117,9007,terminal-unfenced-suffix,1048601,1048592,-1,9,0,9,1,0.3,0.3,0.3,5.55112e-17,1,0.7,0.3,1,1,1,1,1,1,1,1
exchange-random,random,6,117,9007,terminal-unfenced-suffix,1048601,1048592,-1,9,0,9,2,0,0,0,0,1,1,0,1,1,1,1,1,1,1,1
exchange-random,random,6,117,9007,terminal-unfenced-suffix,1048601,1048592,-1,9,0,9,3,0,0,0,0,1,1,0,1,1,1,1,1,1,1,1
exchange-random,random,6,117,9007,terminal-unfenced-suffix,1048601,1048592,-1,9,0,9,4,0,0,0,0,1,1,0,1,1,1,1,1,1,1,1
exchange-random,random,6,117,9007,terminal-unfenced-suffix,1048601,1048592,-1,9,0,9,5,0,0,0,0,1,1,0,1,1,1,1,1,1,1,1
exchange-random,random,6,117,9007,terminal-unfenced-suffix,1048601,1048592,-1,9,0,9,6,0,0,0,0,1,1,0,1,1,1,1,1,1,1,1
exchange-random,random,6,117,9007,terminal-unfenced-suffix,1048601,1048592,-1,9,0,9,7,0,0,0,0,1,1,0,1,1,1,1,1,1,1,1
exchange-random,random,6,117,9007,terminal-unfenced-suffix,1048601,1048592,-1,9,0,9,8,0,0,0,0,1,1,0,1,1,1,1,1,1,1,1
exchange-random,random,6,117,9007,terminal-unfenced-suffix,1048601,1048592,-1,9,0,9,9,0,0,0,0,1,1,0,1,1,1,1,1,1,1,1
exchange-random,random,6,117,9007,terminal-unfenced-suffix,1048601,1048592,-1,9,0,9,10,0.1,0.1,0.1,0,1,0.9,0.1,1,1,1,1,1,1,1,1
exchange-random,random,6,117,9007,terminal-unfenced-suffix,1048601,1048592,-1,9,0,9,11,0.1,0.1,0.1,0,1,0.9,0.1,1,1,1,1,1,1,1,1
stable-group,random,6,100,9007,terminal-unfenced-suffix,1048601,1048601,-1,0,0,0,0,0,0,0,0,1,1,0,1,1,1,1,1,1,1,1
stable-group,random,6,100,9007,terminal-unfenced-suffix,1048601,1048601,-1,0,0,0,1,0,0,0,0,1,1,0,1,1,1,1,1,1,1,1
stable-group,random,6,100,9007,terminal-unfenced-suffix,1048601,1048601,-1,0,0,0,2,0,0,0,0,1,1,0,1,1,1,1,1,1,1,1
stable-group,random,6,100,9007,terminal-unfenced-suffix,1048601,1048601,-1,0,0,0,3,0,0,0,0,1,1,0,1,1,1,1,1,1,1,1
stable-group,random,6,100,9007,terminal-unfenced-suffix,1048601,1048601,-1,0,0,0,4,0,0,0,0,1,1,0,1,1,1,1,1,1,1,1
stable-group,random,6,100,9007,terminal-unfenced-suffix,1048601,1048601,-1,0,0,0,5,0,0,0,0,1,1,0,1,1,1,1,1,1,1,1
stable-group,random,6,100,9007,terminal-unfenced-suffix,1048601,1048601,-1,0,0,0,6,0,0,0,0,1,1,0,1,1,1,1,1,1,1,1
stable-group,random,6,100,9007,terminal-unfenced-suffix,1048601,1048601,-1,0,0,0,7,0,0,0,0,1,1,0,1,1,1,1,1,1,1,1
stable-group,random,6,100,9007,terminal-unfenced-suffix,1048601,1048601,-1,0,0,0,8,0,0,0,0,1,1,0,1,1,1,1,1,1,1,1
stable-group,random,6,100,9007,terminal-unfenced-suffix,1048601,1048601,-1,0,0,0,9,0,0,0,0,1,1,0,1,1,1,1,1,1,1,1
stable-group,random,6,100,9007,terminal-unfenced-suffix,1048601,1048601,-1,0,0,0,10,0,0,0,0,1,1,0,1,1,1,1,1,1,1,1
stable-group,random,6,100,9007,terminal-unfenced-suffix,1048601,1048601,-1,0,0,0,11,0,0,0,0,1,1,0,1,1,1,1,1,1,1,1
exchange-hot,hot,7,117,45008,terminal-unfenced-suffix,1048601,1048592,-1,9,0,9,0,0.3,0.3,0.3,5.55112e-17,1,0.7,0.3,1,1,1,1,1,1,1,1
exchange-hot,hot,7,117,45008,terminal-unfenced-suffix,1048601,1048592,-1,9,0,9,1,0.2,0.2,0.2,0,1,0.8,0.2,1,1,1,1,1,1,1,1
exchange-hot,hot,7,117,45008,terminal-unfenced-suffix,1048601,1048592,-1,9,0,9,2,0.2,0.2,0.2,0,1,0.8,0.2,1,1,1,1,1,1,1,1
exchange-hot,hot,7,117,45008,terminal-unfenced-suffix,1048601,1048592,-1,9,0,9,3,0.2,0.2,0.2,0,1,0.8,0.2,1,1,1,1,1,1,1,1
exchange-hot,hot,7,117,45008,terminal-unfenced-suffix,1048601,1048592,-1,9,0,9,4,0.3,0.3,0.3,5.55112e-17,1,0.7,0.3,1,1,1,1,1,1,1,1
exchange-hot,hot,7,117,45008,terminal-unfenced-suffix,1048601,1048592,-1,9,0,9,5,0.2,0.2,0.2,0,1,0.8,0.2,1,1,1,1,1,1,1,1
exchange-hot,hot,7,117,45008,terminal-unfenced-suffix,1048601,1048592,-1,9,0,9,6,0.2,0.2,0.2,0,1,0.8,0.2,1,1,1,1,1,1,1,1
exchange-hot,hot,7,117,45008,terminal-unfenced-suffix,1048601,1048592,-1,9,0,9,7,0.2,0.2,0.2,0,1,0.8,0.2,1,1,1,1,1,1,1,1
exchange-hot,hot,7,117,45008,terminal-unfenced-suffix,1048601,1048592,-1,9,0,9,8,0.3,0.3,0.3,5.55112e-17,1,0.7,0.3,1,1,1,1,1,1,1,1
exchange-hot,hot,7,117,45008,terminal-unfenced-suffix,1048601,1048592,-1,9,0,9,9,0.2,0.2,0.2,0,1,0.8,0.2,1,1,1,1,1,1,1,1
exchange-hot,hot,7,117,45008,terminal-unfenced-suffix,1048601,1048592,-1,9,0,9,10,0.2,0.2,0.2,0,1,0.8,0.2,1,1,1,1,1,1,1,1
exchange-hot,hot,7,117,45008,terminal-unfenced-suffix,1048601,1048592,-1,9,0,9,11,0.2,0.2,0.2,0,1,0.8,0.2,1,1,1,1,1,1,1,1
fixed-count,random,7,100,9008,terminal-unfenced-suffix,1048601,1048600,-1,1,0,1,0,0,0,0,0,1,1,0,1,1,1,1,1,1,1,1
fixed-count,random,7,100,9008,terminal-unfenced-suffix,1048601,1048600,-1,1,0,1,1,0.1,0.1,0.1,0,1,0.9,0.1,1,1,1,1,1,1,1,1
fixed-count,random,7,100,9008,terminal-unfenced-suffix,1048601,1048600,-1,1,0,1,2,0,0,0,0,1,1,0,1,1,1,1,1,1,1,1
fixed-count,random,7,100,9008,terminal-unfenced-suffix,1048601,1048600,-1,1,0,1,3,0,0,0,0,1,1,0,1,1,1,1,1,1,1,1
fixed-count,random,7,100,9008,terminal-unfenced-suffix,1048601,1048600,-1,1,0,1,4,0,0,0,0,1,1,0,1,1,1,1,1,1,1,1
fixed-count,random,7,100,9008,terminal-unfenced-suffix,1048601,1048600,-1,1,0,1,5,0,0,0,0,1,1,0,1,1,1,1,1,1,1,1
fixed-count,random,7,100,9008,terminal-unfenced-suffix,1048601,1048600,-1,1,0,1,6,0,0,0,0,1,1,0,1,1,1,1,1,1,1,1
fixed-count,random,7,100,9008,terminal-unfenced-suffix,1048601,1048600,-1,1,0,1,7,0,0,0,0,1,1,0,1,1,1,1,1,1,1,1
fixed-count,random,7,100,9008,terminal-unfenced-suffix,1048601,1048600,-1,1,0,1,8,0,0,0,0,1,1,0,1,1,1,1,1,1,1,1
fixed-count,random,7,100,9008,terminal-unfenced-suffix,1048601,1048600,-1,1,0,1,9,0,0,0,0,1,1,0,1,1,1,1,1,1,1,1
fixed-count,random,7,100,9008,terminal-unfenced-suffix,1048601,1048600,-1,1,0,1,10,0,0,0,0,1,1,0,1,1,1,1,1,1,1,1
fixed-count,random,7,100,9008,terminal-unfenced-suffix,1048601,1048600,-1,1,0,1,11,0,0,0,0,1,1,0,1,1,1,1,1,1,1,1
strict-random,random,7,100,9008,strict-cap-before-fence,2097154,1048601,87,2,0,2,0,0.2,0.2,0.2,0,1,0.8,0.2,1,1,1,1,1,1,1,1
strict-random,random,7,100,9008,strict-cap-before-fence,2097154,1048601,87,2,0,2,1,0,0,0,0,1,1,0,1,1,1,1,1,1,1,1
strict-random,random,7,100,9008,strict-cap-before-fence,2097154,1048601,87,2,0,2,2,0,0,0,0,1,1,0,1,1,1,1,1,1,1,1
strict-random,random,7,100,9008,strict-cap-before-fence,2097154,1048601,87,2,0,2,3,0,0,0,0,1,1,0,1,1,1,1,1,1,1,1
strict-random,random,7,100,9008,strict-cap-before-fence,2097154,1048601,87,2,0,2,4,0,0,0,0,1,1,0,1,1,1,1,1,1,1,1
strict-random,random,7,100,9008,strict-cap-before-fence,2097154,1048601,87,2,0,2,5,0,0,0,0,1,1,0,1,1,1,1,1,1,1,1
strict-random,random,7,100,9008,strict-cap-before-fence,2097154,1048601,87,2,0,2,6,0,0,0,0,1,1,0,1,1,1,1,1,1,1,1
strict-random,random,7,100,9008,strict-cap-before-fence,2097154,1048601,87,2,0,2,7,0,0,0,0,1,1,0,1,1,1,1,1,1,1,1
strict-random,random,7,100,9008,strict-cap-before-fence,2097154,1048601,87,2,0,2,8,0,0,0,0,1,1,0,1,1,1,1,1,1,1,1
strict-random,random,7,100,9008,strict-cap-before-fence,2097154,1048601,87,2,0,2,9,0,0,0,0,1,1,0,1,1,1,1,1,1,1,1
strict-random,random,7,100,9008,strict-cap-before-fence,2097154,1048601,87,2,0,2,10,0,0,0,0,1,1,0,1,1,1,1,1,1,1,1
strict-random,random,7,100,9008,strict-cap-before-fence,2097154,1048601,87,2,0,2,11,0,0,0,0,1,1,0,1,1,1,1,1,1,1,1
stable-group,random,7,117,9008,terminal-unfenced-suffix,1048601,1048601,-1,0,0,0,0,0,0,0,0,1,1,0,1,1,1,1,1,1,1,1
stable-group,random,7,117,9008,terminal-unfenced-suffix,1048601,1048601,-1,0,0,0,1,0,0,0,0,1,1,0,1,1,1,1,1,1,1,1
stable-group,random,7,117,9008,terminal-unfenced-suffix,1048601,1048601,-1,0,0,0,2,0,0,0,0,1,1,0,1,1,1,1,1,1,1,1
stable-group,random,7,117,9008,terminal-unfenced-suffix,1048601,1048601,-1,0,0,0,3,0,0,0,0,1,1,0,1,1,1,1,1,1,1,1
stable-group,random,7,117,9008,terminal-unfenced-suffix,1048601,1048601,-1,0,0,0,4,0,0,0,0,1,1,0,1,1,1,1,1,1,1,1
stable-group,random,7,117,9008,terminal-unfenced-suffix,1048601,1048601,-1,0,0,0,5,0,0,0,0,1,1,0,1,1,1,1,1,1,1,1
stable-group,random,7,117,9008,terminal-unfenced-suffix,1048601,1048601,-1,0,0,0,6,0,0,0,0,1,1,0,1,1,1,1,1,1,1,1
stable-group,random,7,117,9008,terminal-unfenced-suffix,1048601,1048601,-1,0,0,0,7,0,0,0,0,1,1,0,1,1,1,1,1,1,1,1
stable-group,random,7,117,9008,terminal-unfenced-suffix,1048601,1048601,-1,0,0,0,8,0,0,0,0,1,1,0,1,1,1,1,1,1,1,1
stable-group,random,7,117,9008,terminal-unfenced-suffix,1048601,1048601,-1,0,0,0,9,0,0,0,0,1,1,0,1,1,1,1,1,1,1,1
stable-group,random,7,117,9008,terminal-unfenced-suffix,1048601,1048601,-1,0,0,0,10,0,0,0,0,1,1,0,1,1,1,1,1,1,1,1
stable-group,random,7,117,9008,terminal-unfenced-suffix,1048601,1048601,-1,0,0,0,11,0,0,0,0,1,1,0,1,1,1,1,1,1,1,1
fixed-time,random,7,117,9008,terminal-unfenced-suffix,1048601,1048601,-1,0,0,0,0,0,0,0,0,1,1,0,1,1,1,1,1,1,1,1
fixed-time,random,7,117,9008,terminal-unfenced-suffix,1048601,1048601,-1,0,0,0,1,0,0,0,0,1,1,0,1,1,1,1,1,1,1,1
fixed-time,random,7,117,9008,terminal-unfenced-suffix,1048601,1048601,-1,0,0,0,2,0,0,0,0,1,1,0,1,1,1,1,1,1,1,1
fixed-time,random,7,117,9008,terminal-unfenced-suffix,1048601,1048601,-1,0,0,0,3,0,0,0,0,1,1,0,1,1,1,1,1,1,1,1
fixed-time,random,7,117,9008,terminal-unfenced-suffix,1048601,1048601,-1,0,0,0,4,0,0,0,0,1,1,0,1,1,1,1,1,1,1,1
fixed-time,random,7,117,9008,terminal-unfenced-suffix,1048601,1048601,-1,0,0,0,5,0,0,0,0,1,1,0,1,1,1,1,1,1,1,1
fixed-time,random,7,117,9008,terminal-unfenced-suffix,1048601,1048601,-1,0,0,0,6,0,0,0,0,1,1,0,1,1,1,1,1,1,1,1
fixed-time,random,7,117,9008,terminal-unfenced-suffix,1048601,1048601,-1,0,0,0,7,0,0,0,0,1,1,0,1,1,1,1,1,1,1,1
fixed-time,random,7,117,9008,terminal-unfenced-suffix,1048601,1048601,-1,0,0,0,8,0,0,0,0,1,1,0,1,1,1,1,1,1,1,1
fixed-time,random,7,117,9008,terminal-unfenced-suffix,1048601,1048601,-1,0,0,0,9,0,0,0,0,1,1,0,1,1,1,1,1,1,1,1
fixed-time,random,7,117,9008,terminal-unfenced-suffix,1048601,1048601,-1,0,0,0,10,0,0,0,0,1,1,0,1,1,1,1,1,1,1,1
fixed-time,random,7,117,9008,terminal-unfenced-suffix,1048601,1048601,-1,0,0,0,11,0,0,0,0,1,1,0,1,1,1,1,1,1,1,1
strict-hot,hot,7,117,45008,fence-after-sync-before-publish,2097154,1048601,86,2,2,0,0,0.2,0,0,0,1,1,0,0.8,1,1,1,1,1,1,1
strict-hot,hot,7,117,45008,fence-after-sync-before-publish,2097154,1048601,86,2,2,0,1,0,0,0,0,1,1,0,1,1,1,1,1,1,1,1
strict-hot,hot,7,117,45008,fence-after-sync-before-publish,2097154,1048601,86,2,2,0,2,0,0,0,0,1,1,0,1,1,1,1,1,1,1,1
strict-hot,hot,7,117,45008,fence-after-sync-before-publish,2097154,1048601,86,2,2,0,3,0,0,0,0,1,1,0,1,1,1,1,1,1,1,1
strict-hot,hot,7,117,45008,fence-after-sync-before-publish,2097154,1048601,86,2,2,0,4,0.2,0,0,0,1,1,0,0.8,1,1,1,1,1,1,1
strict-hot,hot,7,117,45008,fence-after-sync-before-publish,2097154,1048601,86,2,2,0,5,0,0,0,0,1,1,0,1,1,1,1,1,1,1,1
strict-hot,hot,7,117,45008,fence-after-sync-before-publish,2097154,1048601,86,2,2,0,6,0,0,0,0,1,1,0,1,1,1,1,1,1,1,1
strict-hot,hot,7,117,45008,fence-after-sync-before-publish,2097154,1048601,86,2,2,0,7,0,0,0,0,1,1,0,1,1,1,1,1,1,1,1
strict-hot,hot,7,117,45008,fence-after-sync-before-publish,2097154,1048601,86,2,2,0,8,0.2,0,0,0,1,1,0,0.8,1,1,1,1,1,1,1
strict-hot,hot,7,117,45008,fence-after-sync-before-publish,2097154,1048601,86,2,2,0,9,0,0,0,0,1,1,0,1,1,1,1,1,1,1,1
strict-hot,hot,7,117,45008,fence-after-sync-before-publish,2097154,1048601,86,2,2,0,10,0,0,0,0,1,1,0,1,1,1,1,1,1,1,1
strict-hot,hot,7,117,45008,fence-after-sync-before-publish,2097154,1048601,86,2,2,0,11,0,0,0,0,1,1,0,1,1,1,1,1,1,1,1
exchange-random,random,7,100,9008,terminal-unfenced-suffix,1048601,1048592,-1,9,0,9,0,0,0,0,0,1,1,0,1,1,1,1,1,1,1,1
exchange-random,random,7,100,9008,terminal-unfenced-suffix,1048601,1048592,-1,9,0,9,1,0.1,0.1,0.1,0,1,0.9,0.1,1,1,1,1,1,1,1,1
exchange-random,random,7,100,9008,terminal-unfenced-suffix,1048601,1048592,-1,9,0,9,2,0.1,0.1,0.1,0,1,0.9,0.1,1,1,1,1,1,1,1,1
exchange-random,random,7,100,9008,terminal-unfenced-suffix,1048601,1048592,-1,9,0,9,3,0.1,0.1,0.1,0,1,0.9,0.1,1,1,1,1,1,1,1,1
exchange-random,random,7,100,9008,terminal-unfenced-suffix,1048601,1048592,-1,9,0,9,4,0,0,0,0,1,1,0,1,1,1,1,1,1,1,1
exchange-random,random,7,100,9008,terminal-unfenced-suffix,1048601,1048592,-1,9,0,9,5,0,0,0,0,1,1,0,1,1,1,1,1,1,1,1
exchange-random,random,7,100,9008,terminal-unfenced-suffix,1048601,1048592,-1,9,0,9,6,0,0,0,0,1,1,0,1,1,1,1,1,1,1,1
exchange-random,random,7,100,9008,terminal-unfenced-suffix,1048601,1048592,-1,9,0,9,7,0.1,0.1,0.1,0,1,0.9,0.1,1,1,1,1,1,1,1,1
exchange-random,random,7,100,9008,terminal-unfenced-suffix,1048601,1048592,-1,9,0,9,8,0,0,0,0,1,1,0,1,1,1,1,1,1,1,1
exchange-random,random,7,100,9008,terminal-unfenced-suffix,1048601,1048592,-1,9,0,9,9,0,0,0,0,1,1,0,1,1,1,1,1,1,1,1
exchange-random,random,7,100,9008,terminal-unfenced-suffix,1048601,1048592,-1,9,0,9,10,0.1,0.1,0.1,0,1,0.9,0.1,1,1,1,1,1,1,1,1
exchange-random,random,7,100,9008,terminal-unfenced-suffix,1048601,1048592,-1,9,0,9,11,0,0,0,0,1,1,0,1,1,1,1,1,1,1,1
exchange-hot-guard,hot,7,100,45008,terminal-unfenced-suffix,1048601,1048601,-1,0,0,0,0,0,0,0,0,1,1,0,1,1,1,1,1,1,1,1
exchange-hot-guard,hot,7,100,45008,terminal-unfenced-suffix,1048601,1048601,-1,0,0,0,1,0,0,0,0,1,1,0,1,1,1,1,1,1,1,1
exchange-hot-guard,hot,7,100,45008,terminal-unfenced-suffix,1048601,1048601,-1,0,0,0,2,0,0,0,0,1,1,0,1,1,1,1,1,1,1,1
exchange-hot-guard,hot,7,100,45008,terminal-unfenced-suffix,1048601,1048601,-1,0,0,0,3,0,0,0,0,1,1,0,1,1,1,1,1,1,1,1
exchange-hot-guard,hot,7,100,45008,terminal-unfenced-suffix,1048601,1048601,-1,0,0,0,4,0,0,0,0,1,1,0,1,1,1,1,1,1,1,1
exchange-hot-guard,hot,7,100,45008,terminal-unfenced-suffix,1048601,1048601,-1,0,0,0,5,0,0,0,0,1,1,0,1,1,1,1,1,1,1,1
exchange-hot-guard,hot,7,100,45008,terminal-unfenced-suffix,1048601,1048601,-1,0,0,0,6,0,0,0,0,1,1,0,1,1,1,1,1,1,1,1
exchange-hot-guard,hot,7,100,45008,terminal-unfenced-suffix,1048601,1048601,-1,0,0,0,7,0,0,0,0,1,1,0,1,1,1,1,1,1,1,1
exchange-hot-guard,hot,7,100,45008,terminal-unfenced-suffix,1048601,1048601,-1,0,0,0,8,0,0,0,0,1,1,0,1,1,1,1,1,1,1,1
exchange-hot-guard,hot,7,100,45008,terminal-unfenced-suffix,1048601,1048601,-1,0,0,0,9,0,0,0,0,1,1,0,1,1,1,1,1,1,1,1
exchange-hot-guard,hot,7,100,45008,terminal-unfenced-suffix,1048601,1048601,-1,0,0,0,10,0,0,0,0,1,1,0,1,1,1,1,1,1,1,1
exchange-hot-guard,hot,7,100,45008,terminal-unfenced-suffix,1048601,1048601,-1,0,0,0,11,0,0,0,0,1,1,0,1,1,1,1,1,1,1,1
strict-random,random,8,117,9009,strict-cap-before-fence,2097154,1048601,87,2,0,2,0,0.2,0.2,0.2,0,1,0.8,0.2,1,1,1,1,1,1,1,1
strict-random,random,8,117,9009,strict-cap-before-fence,2097154,1048601,87,2,0,2,1,0,0,0,0,1,1,0,1,1,1,1,1,1,1,1
strict-random,random,8,117,9009,strict-cap-before-fence,2097154,1048601,87,2,0,2,2,0,0,0,0,1,1,0,1,1,1,1,1,1,1,1
strict-random,random,8,117,9009,strict-cap-before-fence,2097154,1048601,87,2,0,2,3,0,0,0,0,1,1,0,1,1,1,1,1,1,1,1
strict-random,random,8,117,9009,strict-cap-before-fence,2097154,1048601,87,2,0,2,4,0,0,0,0,1,1,0,1,1,1,1,1,1,1,1
strict-random,random,8,117,9009,strict-cap-before-fence,2097154,1048601,87,2,0,2,5,0,0,0,0,1,1,0,1,1,1,1,1,1,1,1
strict-random,random,8,117,9009,strict-cap-before-fence,2097154,1048601,87,2,0,2,6,0,0,0,0,1,1,0,1,1,1,1,1,1,1,1
strict-random,random,8,117,9009,strict-cap-before-fence,2097154,1048601,87,2,0,2,7,0,0,0,0,1,1,0,1,1,1,1,1,1,1,1
strict-random,random,8,117,9009,strict-cap-before-fence,2097154,1048601,87,2,0,2,8,0,0,0,0,1,1,0,1,1,1,1,1,1,1,1
strict-random,random,8,117,9009,strict-cap-before-fence,2097154,1048601,87,2,0,2,9,0,0,0,0,1,1,0,1,1,1,1,1,1,1,1
strict-random,random,8,117,9009,strict-cap-before-fence,2097154,1048601,87,2,0,2,10,0,0,0,0,1,1,0,1,1,1,1,1,1,1,1
strict-random,random,8,117,9009,strict-cap-before-fence,2097154,1048601,87,2,0,2,11,0,0,0,0,1,1,0,1,1,1,1,1,1,1,1
fixed-time,random,8,100,9009,terminal-unfenced-suffix,1048601,1048601,-1,0,0,0,0,0,0,0,0,1,1,0,1,1,1,1,1,1,1,1
fixed-time,random,8,100,9009,terminal-unfenced-suffix,1048601,1048601,-1,0,0,0,1,0,0,0,0,1,1,0,1,1,1,1,1,1,1,1
fixed-time,random,8,100,9009,terminal-unfenced-suffix,1048601,1048601,-1,0,0,0,2,0,0,0,0,1,1,0,1,1,1,1,1,1,1,1
fixed-time,random,8,100,9009,terminal-unfenced-suffix,1048601,1048601,-1,0,0,0,3,0,0,0,0,1,1,0,1,1,1,1,1,1,1,1
fixed-time,random,8,100,9009,terminal-unfenced-suffix,1048601,1048601,-1,0,0,0,4,0,0,0,0,1,1,0,1,1,1,1,1,1,1,1
fixed-time,random,8,100,9009,terminal-unfenced-suffix,1048601,1048601,-1,0,0,0,5,0,0,0,0,1,1,0,1,1,1,1,1,1,1,1
fixed-time,random,8,100,9009,terminal-unfenced-suffix,1048601,1048601,-1,0,0,0,6,0,0,0,0,1,1,0,1,1,1,1,1,1,1,1
fixed-time,random,8,100,9009,terminal-unfenced-suffix,1048601,1048601,-1,0,0,0,7,0,0,0,0,1,1,0,1,1,1,1,1,1,1,1
fixed-time,random,8,100,9009,terminal-unfenced-suffix,1048601,1048601,-1,0,0,0,8,0,0,0,0,1,1,0,1,1,1,1,1,1,1,1
fixed-time,random,8,100,9009,terminal-unfenced-suffix,1048601,1048601,-1,0,0,0,9,0,0,0,0,1,1,0,1,1,1,1,1,1,1,1
fixed-time,random,8,100,9009,terminal-unfenced-suffix,1048601,1048601,-1,0,0,0,10,0,0,0,0,1,1,0,1,1,1,1,1,1,1,1
fixed-time,random,8,100,9009,terminal-unfenced-suffix,1048601,1048601,-1,0,0,0,11,0,0,0,0,1,1,0,1,1,1,1,1,1,1,1
exchange-random,random,8,117,9009,terminal-unfenced-suffix,1048601,1048592,-1,9,0,9,0,0,0,0,0,1,1,0,1,1,1,1,1,1,1,1
exchange-random,random,8,117,9009,terminal-unfenced-suffix,1048601,1048592,-1,9,0,9,1,0,0,0,0,1,1,0,1,1,1,1,1,1,1,1
exchange-random,random,8,117,9009,terminal-unfenced-suffix,1048601,1048592,-1,9,0,9,2,0,0,0,0,1,1,0,1,1,1,1,1,1,1,1
exchange-random,random,8,117,9009,terminal-unfenced-suffix,1048601,1048592,-1,9,0,9,3,0.1,0.1,0.1,0,1,0.9,0.1,1,1,1,1,1,1,1,1
exchange-random,random,8,117,9009,terminal-unfenced-suffix,1048601,1048592,-1,9,0,9,4,0,0,0,0,1,1,0,1,1,1,1,1,1,1,1
exchange-random,random,8,117,9009,terminal-unfenced-suffix,1048601,1048592,-1,9,0,9,5,0.2,0.2,0.2,0,1,0.8,0.2,1,1,1,1,1,1,1,1
exchange-random,random,8,117,9009,terminal-unfenced-suffix,1048601,1048592,-1,9,0,9,6,0.1,0.1,0.1,0,1,0.9,0.1,1,1,1,1,1,1,1,1
exchange-random,random,8,117,9009,terminal-unfenced-suffix,1048601,1048592,-1,9,0,9,7,0.1,0.1,0.1,0,1,0.9,0.1,1,1,1,1,1,1,1,1
exchange-random,random,8,117,9009,terminal-unfenced-suffix,1048601,1048592,-1,9,0,9,8,0.1,0.1,0.1,0,1,0.9,0.1,1,1,1,1,1,1,1,1
exchange-random,random,8,117,9009,terminal-unfenced-suffix,1048601,1048592,-1,9,0,9,9,0,0,0,0,1,1,0,1,1,1,1,1,1,1,1
exchange-random,random,8,117,9009,terminal-unfenced-suffix,1048601,1048592,-1,9,0,9,10,0,0,0,0,1,1,0,1,1,1,1,1,1,1,1
exchange-random,random,8,117,9009,terminal-unfenced-suffix,1048601,1048592,-1,9,0,9,11,0,0,0,0,1,1,0,1,1,1,1,1,1,1,1
fixed-count,random,8,117,9009,terminal-unfenced-suffix,1048601,1048600,-1,1,0,1,0,0,0,0,0,1,1,0,1,1,1,1,1,1,1,1
fixed-count,random,8,117,9009,terminal-unfenced-suffix,1048601,1048600,-1,1,0,1,1,0,0,0,0,1,1,0,1,1,1,1,1,1,1,1
fixed-count,random,8,117,9009,terminal-unfenced-suffix,1048601,1048600,-1,1,0,1,2,0,0,0,0,1,1,0,1,1,1,1,1,1,1,1
fixed-count,random,8,117,9009,terminal-unfenced-suffix,1048601,1048600,-1,1,0,1,3,0,0,0,0,1,1,0,1,1,1,1,1,1,1,1
fixed-count,random,8,117,9009,terminal-unfenced-suffix,1048601,1048600,-1,1,0,1,4,0,0,0,0,1,1,0,1,1,1,1,1,1,1,1
fixed-count,random,8,117,9009,terminal-unfenced-suffix,1048601,1048600,-1,1,0,1,5,0,0,0,0,1,1,0,1,1,1,1,1,1,1,1
fixed-count,random,8,117,9009,terminal-unfenced-suffix,1048601,1048600,-1,1,0,1,6,0,0,0,0,1,1,0,1,1,1,1,1,1,1,1
fixed-count,random,8,117,9009,terminal-unfenced-suffix,1048601,1048600,-1,1,0,1,7,0.1,0.1,0.1,0,1,0.9,0.1,1,1,1,1,1,1,1,1
fixed-count,random,8,117,9009,terminal-unfenced-suffix,1048601,1048600,-1,1,0,1,8,0,0,0,0,1,1,0,1,1,1,1,1,1,1,1
fixed-count,random,8,117,9009,terminal-unfenced-suffix,1048601,1048600,-1,1,0,1,9,0,0,0,0,1,1,0,1,1,1,1,1,1,1,1
fixed-count,random,8,117,9009,terminal-unfenced-suffix,1048601,1048600,-1,1,0,1,10,0,0,0,0,1,1,0,1,1,1,1,1,1,1,1
fixed-count,random,8,117,9009,terminal-unfenced-suffix,1048601,1048600,-1,1,0,1,11,0,0,0,0,1,1,0,1,1,1,1,1,1,1,1
strict-hot,hot,8,100,45009,fence-after-sync-before-publish,2097154,1048601,86,2,2,0,0,0.2,0,0,0,1,1,0,0.8,1,1,1,1,1,1,1
strict-hot,hot,8,100,45009,fence-after-sync-before-publish,2097154,1048601,86,2,2,0,1,0,0,0,0,1,1,0,1,1,1,1,1,1,1,1
strict-hot,hot,8,100,45009,fence-after-sync-before-publish,2097154,1048601,86,2,2,0,2,0,0,0,0,1,1,0,1,1,1,1,1,1,1,1
strict-hot,hot,8,100,45009,fence-after-sync-before-publish,2097154,1048601,86,2,2,0,3,0,0,0,0,1,1,0,1,1,1,1,1,1,1,1
strict-hot,hot,8,100,45009,fence-after-sync-before-publish,2097154,1048601,86,2,2,0,4,0.2,0,0,0,1,1,0,0.8,1,1,1,1,1,1,1
strict-hot,hot,8,100,45009,fence-after-sync-before-publish,2097154,1048601,86,2,2,0,5,0,0,0,0,1,1,0,1,1,1,1,1,1,1,1
strict-hot,hot,8,100,45009,fence-after-sync-before-publish,2097154,1048601,86,2,2,0,6,0,0,0,0,1,1,0,1,1,1,1,1,1,1,1
strict-hot,hot,8,100,45009,fence-after-sync-before-publish,2097154,1048601,86,2,2,0,7,0,0,0,0,1,1,0,1,1,1,1,1,1,1,1
strict-hot,hot,8,100,45009,fence-after-sync-before-publish,2097154,1048601,86,2,2,0,8,0.2,0,0,0,1,1,0,0.8,1,1,1,1,1,1,1
strict-hot,hot,8,100,45009,fence-after-sync-before-publish,2097154,1048601,86,2,2,0,9,0,0,0,0,1,1,0,1,1,1,1,1,1,1,1
strict-hot,hot,8,100,45009,fence-after-sync-before-publish,2097154,1048601,86,2,2,0,10,0,0,0,0,1,1,0,1,1,1,1,1,1,1,1
strict-hot,hot,8,100,45009,fence-after-sync-before-publish,2097154,1048601,86,2,2,0,11,0,0,0,0,1,1,0,1,1,1,1,1,1,1,1
exchange-hot-guard,hot,8,117,45009,terminal-unfenced-suffix,1048601,1048601,-1,0,0,0,0,0,0,0,0,1,1,0,1,1,1,1,1,1,1,1
exchange-hot-guard,hot,8,117,45009,terminal-unfenced-suffix,1048601,1048601,-1,0,0,0,1,0,0,0,0,1,1,0,1,1,1,1,1,1,1,1
exchange-hot-guard,hot,8,117,45009,terminal-unfenced-suffix,1048601,1048601,-1,0,0,0,2,0,0,0,0,1,1,0,1,1,1,1,1,1,1,1
exchange-hot-guard,hot,8,117,45009,terminal-unfenced-suffix,1048601,1048601,-1,0,0,0,3,0,0,0,0,1,1,0,1,1,1,1,1,1,1,1
exchange-hot-guard,hot,8,117,45009,terminal-unfenced-suffix,1048601,1048601,-1,0,0,0,4,0,0,0,0,1,1,0,1,1,1,1,1,1,1,1
exchange-hot-guard,hot,8,117,45009,terminal-unfenced-suffix,1048601,1048601,-1,0,0,0,5,0,0,0,0,1,1,0,1,1,1,1,1,1,1,1
exchange-hot-guard,hot,8,117,45009,terminal-unfenced-suffix,1048601,1048601,-1,0,0,0,6,0,0,0,0,1,1,0,1,1,1,1,1,1,1,1
exchange-hot-guard,hot,8,117,45009,terminal-unfenced-suffix,1048601,1048601,-1,0,0,0,7,0,0,0,0,1,1,0,1,1,1,1,1,1,1,1
exchange-hot-guard,hot,8,117,45009,terminal-unfenced-suffix,1048601,1048601,-1,0,0,0,8,0,0,0,0,1,1,0,1,1,1,1,1,1,1,1
exchange-hot-guard,hot,8,117,45009,terminal-unfenced-suffix,1048601,1048601,-1,0,0,0,9,0,0,0,0,1,1,0,1,1,1,1,1,1,1,1
exchange-hot-guard,hot,8,117,45009,terminal-unfenced-suffix,1048601,1048601,-1,0,0,0,10,0,0,0,0,1,1,0,1,1,1,1,1,1,1,1
exchange-hot-guard,hot,8,117,45009,terminal-unfenced-suffix,1048601,1048601,-1,0,0,0,11,0,0,0,0,1,1,0,1,1,1,1,1,1,1,1
stable-group,random,8,100,9009,terminal-unfenced-suffix,1048601,1048601,-1,0,0,0,0,0,0,0,0,1,1,0,1,1,1,1,1,1,1,1
stable-group,random,8,100,9009,terminal-unfenced-suffix,1048601,1048601,-1,0,0,0,1,0,0,0,0,1,1,0,1,1,1,1,1,1,1,1
stable-group,random,8,100,9009,terminal-unfenced-suffix,1048601,1048601,-1,0,0,0,2,0,0,0,0,1,1,0,1,1,1,1,1,1,1,1
stable-group,random,8,100,9009,terminal-unfenced-suffix,1048601,1048601,-1,0,0,0,3,0,0,0,0,1,1,0,1,1,1,1,1,1,1,1
stable-group,random,8,100,9009,terminal-unfenced-suffix,1048601,1048601,-1,0,0,0,4,0,0,0,0,1,1,0,1,1,1,1,1,1,1,1
stable-group,random,8,100,9009,terminal-unfenced-suffix,1048601,1048601,-1,0,0,0,5,0,0,0,0,1,1,0,1,1,1,1,1,1,1,1
stable-group,random,8,100,9009,terminal-unfenced-suffix,1048601,1048601,-1,0,0,0,6,0,0,0,0,1,1,0,1,1,1,1,1,1,1,1
stable-group,random,8,100,9009,terminal-unfenced-suffix,1048601,1048601,-1,0,0,0,7,0,0,0,0,1,1,0,1,1,1,1,1,1,1,1
stable-group,random,8,100,9009,terminal-unfenced-suffix,1048601,1048601,-1,0,0,0,8,0,0,0,0,1,1,0,1,1,1,1,1,1,1,1
stable-group,random,8,100,9009,terminal-unfenced-suffix,1048601,1048601,-1,0,0,0,9,0,0,0,0,1,1,0,1,1,1,1,1,1,1,1
stable-group,random,8,100,9009,terminal-unfenced-suffix,1048601,1048601,-1,0,0,0,10,0,0,0,0,1,1,0,1,1,1,1,1,1,1,1
stable-group,random,8,100,9009,terminal-unfenced-suffix,1048601,1048601,-1,0,0,0,11,0,0,0,0,1,1,0,1,1,1,1,1,1,1,1
exchange-hot,hot,8,100,45009,terminal-unfenced-suffix,1048601,1048592,-1,9,0,9,0,0.3,0.3,0.3,5.55112e-17,1,0.7,0.3,1,1,1,1,1,1,1,1
exchange-hot,hot,8,100,45009,terminal-unfenced-suffix,1048601,1048592,-1,9,0,9,1,0.2,0.2,0.2,0,1,0.8,0.2,1,1,1,1,1,1,1,1
exchange-hot,hot,8,100,45009,terminal-unfenced-suffix,1048601,1048592,-1,9,0,9,2,0.2,0.2,0.2,0,1,0.8,0.2,1,1,1,1,1,1,1,1
exchange-hot,hot,8,100,45009,terminal-unfenced-suffix,1048601,1048592,-1,9,0,9,3,0.2,0.2,0.2,0,1,0.8,0.2,1,1,1,1,1,1,1,1
exchange-hot,hot,8,100,45009,terminal-unfenced-suffix,1048601,1048592,-1,9,0,9,4,0.3,0.3,0.3,5.55112e-17,1,0.7,0.3,1,1,1,1,1,1,1,1
exchange-hot,hot,8,100,45009,terminal-unfenced-suffix,1048601,1048592,-1,9,0,9,5,0.2,0.2,0.2,0,1,0.8,0.2,1,1,1,1,1,1,1,1
exchange-hot,hot,8,100,45009,terminal-unfenced-suffix,1048601,1048592,-1,9,0,9,6,0.2,0.2,0.2,0,1,0.8,0.2,1,1,1,1,1,1,1,1
exchange-hot,hot,8,100,45009,terminal-unfenced-suffix,1048601,1048592,-1,9,0,9,7,0.2,0.2,0.2,0,1,0.8,0.2,1,1,1,1,1,1,1,1
exchange-hot,hot,8,100,45009,terminal-unfenced-suffix,1048601,1048592,-1,9,0,9,8,0.3,0.3,0.3,5.55112e-17,1,0.7,0.3,1,1,1,1,1,1,1,1
exchange-hot,hot,8,100,45009,terminal-unfenced-suffix,1048601,1048592,-1,9,0,9,9,0.2,0.2,0.2,0,1,0.8,0.2,1,1,1,1,1,1,1,1
exchange-hot,hot,8,100,45009,terminal-unfenced-suffix,1048601,1048592,-1,9,0,9,10,0.2,0.2,0.2,0,1,0.8,0.2,1,1,1,1,1,1,1,1
exchange-hot,hot,8,100,45009,terminal-unfenced-suffix,1048601,1048592,-1,9,0,9,11,0.2,0.2,0.2,0,1,0.8,0.2,1,1,1,1,1,1,1,1
exchange-hot,hot,9,117,45010,terminal-unfenced-suffix,1048601,1048592,-1,9,0,9,0,0.3,0.3,0.3,5.55112e-17,1,0.7,0.3,1,1,1,1,1,1,1,1
exchange-hot,hot,9,117,45010,terminal-unfenced-suffix,1048601,1048592,-1,9,0,9,1,0.2,0.2,0.2,0,1,0.8,0.2,1,1,1,1,1,1,1,1
exchange-hot,hot,9,117,45010,terminal-unfenced-suffix,1048601,1048592,-1,9,0,9,2,0.2,0.2,0.2,0,1,0.8,0.2,1,1,1,1,1,1,1,1
exchange-hot,hot,9,117,45010,terminal-unfenced-suffix,1048601,1048592,-1,9,0,9,3,0.2,0.2,0.2,0,1,0.8,0.2,1,1,1,1,1,1,1,1
exchange-hot,hot,9,117,45010,terminal-unfenced-suffix,1048601,1048592,-1,9,0,9,4,0.3,0.3,0.3,5.55112e-17,1,0.7,0.3,1,1,1,1,1,1,1,1
exchange-hot,hot,9,117,45010,terminal-unfenced-suffix,1048601,1048592,-1,9,0,9,5,0.2,0.2,0.2,0,1,0.8,0.2,1,1,1,1,1,1,1,1
exchange-hot,hot,9,117,45010,terminal-unfenced-suffix,1048601,1048592,-1,9,0,9,6,0.2,0.2,0.2,0,1,0.8,0.2,1,1,1,1,1,1,1,1
exchange-hot,hot,9,117,45010,terminal-unfenced-suffix,1048601,1048592,-1,9,0,9,7,0.2,0.2,0.2,0,1,0.8,0.2,1,1,1,1,1,1,1,1
exchange-hot,hot,9,117,45010,terminal-unfenced-suffix,1048601,1048592,-1,9,0,9,8,0.3,0.3,0.3,5.55112e-17,1,0.7,0.3,1,1,1,1,1,1,1,1
exchange-hot,hot,9,117,45010,terminal-unfenced-suffix,1048601,1048592,-1,9,0,9,9,0.2,0.2,0.2,0,1,0.8,0.2,1,1,1,1,1,1,1,1
exchange-hot,hot,9,117,45010,terminal-unfenced-suffix,1048601,1048592,-1,9,0,9,10,0.2,0.2,0.2,0,1,0.8,0.2,1,1,1,1,1,1,1,1
exchange-hot,hot,9,117,45010,terminal-unfenced-suffix,1048601,1048592,-1,9,0,9,11,0.2,0.2,0.2,0,1,0.8,0.2,1,1,1,1,1,1,1,1
stable-group,random,9,117,9010,terminal-unfenced-suffix,1048601,1048601,-1,0,0,0,0,0,0,0,0,1,1,0,1,1,1,1,1,1,1,1
stable-group,random,9,117,9010,terminal-unfenced-suffix,1048601,1048601,-1,0,0,0,1,0,0,0,0,1,1,0,1,1,1,1,1,1,1,1
stable-group,random,9,117,9010,terminal-unfenced-suffix,1048601,1048601,-1,0,0,0,2,0,0,0,0,1,1,0,1,1,1,1,1,1,1,1
stable-group,random,9,117,9010,terminal-unfenced-suffix,1048601,1048601,-1,0,0,0,3,0,0,0,0,1,1,0,1,1,1,1,1,1,1,1
stable-group,random,9,117,9010,terminal-unfenced-suffix,1048601,1048601,-1,0,0,0,4,0,0,0,0,1,1,0,1,1,1,1,1,1,1,1
stable-group,random,9,117,9010,terminal-unfenced-suffix,1048601,1048601,-1,0,0,0,5,0,0,0,0,1,1,0,1,1,1,1,1,1,1,1
stable-group,random,9,117,9010,terminal-unfenced-suffix,1048601,1048601,-1,0,0,0,6,0,0,0,0,1,1,0,1,1,1,1,1,1,1,1
stable-group,random,9,117,9010,terminal-unfenced-suffix,1048601,1048601,-1,0,0,0,7,0,0,0,0,1,1,0,1,1,1,1,1,1,1,1
stable-group,random,9,117,9010,terminal-unfenced-suffix,1048601,1048601,-1,0,0,0,8,0,0,0,0,1,1,0,1,1,1,1,1,1,1,1
stable-group,random,9,117,9010,terminal-unfenced-suffix,1048601,1048601,-1,0,0,0,9,0,0,0,0,1,1,0,1,1,1,1,1,1,1,1
stable-group,random,9,117,9010,terminal-unfenced-suffix,1048601,1048601,-1,0,0,0,10,0,0,0,0,1,1,0,1,1,1,1,1,1,1,1
stable-group,random,9,117,9010,terminal-unfenced-suffix,1048601,1048601,-1,0,0,0,11,0,0,0,0,1,1,0,1,1,1,1,1,1,1,1
exchange-hot-guard,hot,9,100,45010,terminal-unfenced-suffix,1048601,1048601,-1,0,0,0,0,0,0,0,0,1,1,0,1,1,1,1,1,1,1,1
exchange-hot-guard,hot,9,100,45010,terminal-unfenced-suffix,1048601,1048601,-1,0,0,0,1,0,0,0,0,1,1,0,1,1,1,1,1,1,1,1
exchange-hot-guard,hot,9,100,45010,terminal-unfenced-suffix,1048601,1048601,-1,0,0,0,2,0,0,0,0,1,1,0,1,1,1,1,1,1,1,1
exchange-hot-guard,hot,9,100,45010,terminal-unfenced-suffix,1048601,1048601,-1,0,0,0,3,0,0,0,0,1,1,0,1,1,1,1,1,1,1,1
exchange-hot-guard,hot,9,100,45010,terminal-unfenced-suffix,1048601,1048601,-1,0,0,0,4,0,0,0,0,1,1,0,1,1,1,1,1,1,1,1
exchange-hot-guard,hot,9,100,45010,terminal-unfenced-suffix,1048601,1048601,-1,0,0,0,5,0,0,0,0,1,1,0,1,1,1,1,1,1,1,1
exchange-hot-guard,hot,9,100,45010,terminal-unfenced-suffix,1048601,1048601,-1,0,0,0,6,0,0,0,0,1,1,0,1,1,1,1,1,1,1,1
exchange-hot-guard,hot,9,100,45010,terminal-unfenced-suffix,1048601,1048601,-1,0,0,0,7,0,0,0,0,1,1,0,1,1,1,1,1,1,1,1
exchange-hot-guard,hot,9,100,45010,terminal-unfenced-suffix,1048601,1048601,-1,0,0,0,8,0,0,0,0,1,1,0,1,1,1,1,1,1,1,1
exchange-hot-guard,hot,9,100,45010,terminal-unfenced-suffix,1048601,1048601,-1,0,0,0,9,0,0,0,0,1,1,0,1,1,1,1,1,1,1,1
exchange-hot-guard,hot,9,100,45010,terminal-unfenced-suffix,1048601,1048601,-1,0,0,0,10,0,0,0,0,1,1,0,1,1,1,1,1,1,1,1
exchange-hot-guard,hot,9,100,45010,terminal-unfenced-suffix,1048601,1048601,-1,0,0,0,11,0,0,0,0,1,1,0,1,1,1,1,1,1,1,1
strict-random,random,9,100,9010,strict-cap-before-fence,2097154,1048601,87,2,0,2,0,0.2,0.2,0.2,0,1,0.8,0.2,1,1,1,1,1,1,1,1
strict-random,random,9,100,9010,strict-cap-before-fence,2097154,1048601,87,2,0,2,1,0,0,0,0,1,1,0,1,1,1,1,1,1,1,1
strict-random,random,9,100,9010,strict-cap-before-fence,2097154,1048601,87,2,0,2,2,0,0,0,0,1,1,0,1,1,1,1,1,1,1,1
strict-random,random,9,100,9010,strict-cap-before-fence,2097154,1048601,87,2,0,2,3,0,0,0,0,1,1,0,1,1,1,1,1,1,1,1
strict-random,random,9,100,9010,strict-cap-before-fence,2097154,1048601,87,2,0,2,4,0,0,0,0,1,1,0,1,1,1,1,1,1,1,1
strict-random,random,9,100,9010,strict-cap-before-fence,2097154,1048601,87,2,0,2,5,0,0,0,0,1,1,0,1,1,1,1,1,1,1,1
strict-random,random,9,100,9010,strict-cap-before-fence,2097154,1048601,87,2,0,2,6,0,0,0,0,1,1,0,1,1,1,1,1,1,1,1
strict-random,random,9,100,9010,strict-cap-before-fence,2097154,1048601,87,2,0,2,7,0,0,0,0,1,1,0,1,1,1,1,1,1,1,1
strict-random,random,9,100,9010,strict-cap-before-fence,2097154,1048601,87,2,0,2,8,0,0,0,0,1,1,0,1,1,1,1,1,1,1,1
strict-random,random,9,100,9010,strict-cap-before-fence,2097154,1048601,87,2,0,2,9,0,0,0,0,1,1,0,1,1,1,1,1,1,1,1
strict-random,random,9,100,9010,strict-cap-before-fence,2097154,1048601,87,2,0,2,10,0,0,0,0,1,1,0,1,1,1,1,1,1,1,1
strict-random,random,9,100,9010,strict-cap-before-fence,2097154,1048601,87,2,0,2,11,0,0,0,0,1,1,0,1,1,1,1,1,1,1,1
fixed-time,random,9,117,9010,terminal-unfenced-suffix,1048601,1048601,-1,0,0,0,0,0,0,0,0,1,1,0,1,1,1,1,1,1,1,1
fixed-time,random,9,117,9010,terminal-unfenced-suffix,1048601,1048601,-1,0,0,0,1,0,0,0,0,1,1,0,1,1,1,1,1,1,1,1
fixed-time,random,9,117,9010,terminal-unfenced-suffix,1048601,1048601,-1,0,0,0,2,0,0,0,0,1,1,0,1,1,1,1,1,1,1,1
fixed-time,random,9,117,9010,terminal-unfenced-suffix,1048601,1048601,-1,0,0,0,3,0,0,0,0,1,1,0,1,1,1,1,1,1,1,1
fixed-time,random,9,117,9010,terminal-unfenced-suffix,1048601,1048601,-1,0,0,0,4,0,0,0,0,1,1,0,1,1,1,1,1,1,1,1
fixed-time,random,9,117,9010,terminal-unfenced-suffix,1048601,1048601,-1,0,0,0,5,0,0,0,0,1,1,0,1,1,1,1,1,1,1,1
fixed-time,random,9,117,9010,terminal-unfenced-suffix,1048601,1048601,-1,0,0,0,6,0,0,0,0,1,1,0,1,1,1,1,1,1,1,1
fixed-time,random,9,117,9010,terminal-unfenced-suffix,1048601,1048601,-1,0,0,0,7,0,0,0,0,1,1,0,1,1,1,1,1,1,1,1
fixed-time,random,9,117,9010,terminal-unfenced-suffix,1048601,1048601,-1,0,0,0,8,0,0,0,0,1,1,0,1,1,1,1,1,1,1,1
fixed-time,random,9,117,9010,terminal-unfenced-suffix,1048601,1048601,-1,0,0,0,9,0,0,0,0,1,1,0,1,1,1,1,1,1,1,1
fixed-time,random,9,117,9010,terminal-unfenced-suffix,1048601,1048601,-1,0,0,0,10,0,0,0,0,1,1,0,1,1,1,1,1,1,1,1
fixed-time,random,9,117,9010,terminal-unfenced-suffix,1048601,1048601,-1,0,0,0,11,0,0,0,0,1,1,0,1,1,1,1,1,1,1,1
fixed-count,random,9,100,9010,terminal-unfenced-suffix,1048601,1048600,-1,1,0,1,0,0,0,0,0,1,1,0,1,1,1,1,1,1,1,1
fixed-count,random,9,100,9010,terminal-unfenced-suffix,1048601,1048600,-1,1,0,1,1,0,0,0,0,1,1,0,1,1,1,1,1,1,1,1
fixed-count,random,9,100,9010,terminal-unfenced-suffix,1048601,1048600,-1,1,0,1,2,0,0,0,0,1,1,0,1,1,1,1,1,1,1,1
fixed-count,random,9,100,9010,terminal-unfenced-suffix,1048601,1048600,-1,1,0,1,3,0,0,0,0,1,1,0,1,1,1,1,1,1,1,1
fixed-count,random,9,100,9010,terminal-unfenced-suffix,1048601,1048600,-1,1,0,1,4,0,0,0,0,1,1,0,1,1,1,1,1,1,1,1
fixed-count,random,9,100,9010,terminal-unfenced-suffix,1048601,1048600,-1,1,0,1,5,0,0,0,0,1,1,0,1,1,1,1,1,1,1,1
fixed-count,random,9,100,9010,terminal-unfenced-suffix,1048601,1048600,-1,1,0,1,6,0,0,0,0,1,1,0,1,1,1,1,1,1,1,1
fixed-count,random,9,100,9010,terminal-unfenced-suffix,1048601,1048600,-1,1,0,1,7,0,0,0,0,1,1,0,1,1,1,1,1,1,1,1
fixed-count,random,9,100,9010,terminal-unfenced-suffix,1048601,1048600,-1,1,0,1,8,0,0,0,0,1,1,0,1,1,1,1,1,1,1,1
fixed-count,random,9,100,9010,terminal-unfenced-suffix,1048601,1048600,-1,1,0,1,9,0,0,0,0,1,1,0,1,1,1,1,1,1,1,1
fixed-count,random,9,100,9010,terminal-unfenced-suffix,1048601,1048600,-1,1,0,1,10,0,0,0,0,1,1,0,1,1,1,1,1,1,1,1
fixed-count,random,9,100,9010,terminal-unfenced-suffix,1048601,1048600,-1,1,0,1,11,0,0,0,0,1,1,0,1,1,1,1,1,1,1,1
exchange-random,random,9,100,9010,terminal-unfenced-suffix,1048601,1048592,-1,9,0,9,0,0.1,0.1,0.1,0,1,0.9,0.1,1,1,1,1,1,1,1,1
exchange-random,random,9,100,9010,terminal-unfenced-suffix,1048601,1048592,-1,9,0,9,1,0,0,0,0,1,1,0,1,1,1,1,1,1,1,1
exchange-random,random,9,100,9010,terminal-unfenced-suffix,1048601,1048592,-1,9,0,9,2,0,0,0,0,1,1,0,1,1,1,1,1,1,1,1
exchange-random,random,9,100,9010,terminal-unfenced-suffix,1048601,1048592,-1,9,0,9,3,0,0,0,0,1,1,0,1,1,1,1,1,1,1,1
exchange-random,random,9,100,9010,terminal-unfenced-suffix,1048601,1048592,-1,9,0,9,4,0,0,0,0,1,1,0,1,1,1,1,1,1,1,1
exchange-random,random,9,100,9010,terminal-unfenced-suffix,1048601,1048592,-1,9,0,9,5,0,0,0,0,1,1,0,1,1,1,1,1,1,1,1
exchange-random,random,9,100,9010,terminal-unfenced-suffix,1048601,1048592,-1,9,0,9,6,0.1,0.1,0.1,0,1,0.9,0.1,1,1,1,1,1,1,1,1
exchange-random,random,9,100,9010,terminal-unfenced-suffix,1048601,1048592,-1,9,0,9,7,0.1,0.1,0.1,0,1,0.9,0.1,1,1,1,1,1,1,1,1
exchange-random,random,9,100,9010,terminal-unfenced-suffix,1048601,1048592,-1,9,0,9,8,0,0,0,0,1,1,0,1,1,1,1,1,1,1,1
exchange-random,random,9,100,9010,terminal-unfenced-suffix,1048601,1048592,-1,9,0,9,9,0.1,0.1,0.1,0,1,0.9,0.1,1,1,1,1,1,1,1,1
exchange-random,random,9,100,9010,terminal-unfenced-suffix,1048601,1048592,-1,9,0,9,10,0,0,0,0,1,1,0,1,1,1,1,1,1,1,1
exchange-random,random,9,100,9010,terminal-unfenced-suffix,1048601,1048592,-1,9,0,9,11,0,0,0,0,1,1,0,1,1,1,1,1,1,1,1
strict-hot,hot,9,117,45010,fence-after-sync-before-publish,2097154,1048601,86,2,2,0,0,0.2,0,0,0,1,1,0,0.8,1,1,1,1,1,1,1
strict-hot,hot,9,117,45010,fence-after-sync-before-publish,2097154,1048601,86,2,2,0,1,0,0,0,0,1,1,0,1,1,1,1,1,1,1,1
strict-hot,hot,9,117,45010,fence-after-sync-before-publish,2097154,1048601,86,2,2,0,2,0,0,0,0,1,1,0,1,1,1,1,1,1,1,1
strict-hot,hot,9,117,45010,fence-after-sync-before-publish,2097154,1048601,86,2,2,0,3,0,0,0,0,1,1,0,1,1,1,1,1,1,1,1
strict-hot,hot,9,117,45010,fence-after-sync-before-publish,2097154,1048601,86,2,2,0,4,0.2,0,0,0,1,1,0,0.8,1,1,1,1,1,1,1
strict-hot,hot,9,117,45010,fence-after-sync-before-publish,2097154,1048601,86,2,2,0,5,0,0,0,0,1,1,0,1,1,1,1,1,1,1,1
strict-hot,hot,9,117,45010,fence-after-sync-before-publish,2097154,1048601,86,2,2,0,6,0,0,0,0,1,1,0,1,1,1,1,1,1,1,1
strict-hot,hot,9,117,45010,fence-after-sync-before-publish,2097154,1048601,86,2,2,0,7,0,0,0,0,1,1,0,1,1,1,1,1,1,1,1
strict-hot,hot,9,117,45010,fence-after-sync-before-publish,2097154,1048601,86,2,2,0,8,0.2,0,0,0,1,1,0,0.8,1,1,1,1,1,1,1
strict-hot,hot,9,117,45010,fence-after-sync-before-publish,2097154,1048601,86,2,2,0,9,0,0,0,0,1,1,0,1,1,1,1,1,1,1,1
strict-hot,hot,9,117,45010,fence-after-sync-before-publish,2097154,1048601,86,2,2,0,10,0,0,0,0,1,1,0,1,1,1,1,1,1,1,1
strict-hot,hot,9,117,45010,fence-after-sync-before-publish,2097154,1048601,86,2,2,0,11,0,0,0,0,1,1,0,1,1,1,1,1,1,1,1
stable-group,random,10,100,9011,terminal-unfenced-suffix,1048601,1048601,-1,0,0,0,0,0,0,0,0,1,1,0,1,1,1,1,1,1,1,1
stable-group,random,10,100,9011,terminal-unfenced-suffix,1048601,1048601,-1,0,0,0,1,0,0,0,0,1,1,0,1,1,1,1,1,1,1,1
stable-group,random,10,100,9011,terminal-unfenced-suffix,1048601,1048601,-1,0,0,0,2,0,0,0,0,1,1,0,1,1,1,1,1,1,1,1
stable-group,random,10,100,9011,terminal-unfenced-suffix,1048601,1048601,-1,0,0,0,3,0,0,0,0,1,1,0,1,1,1,1,1,1,1,1
stable-group,random,10,100,9011,terminal-unfenced-suffix,1048601,1048601,-1,0,0,0,4,0,0,0,0,1,1,0,1,1,1,1,1,1,1,1
stable-group,random,10,100,9011,terminal-unfenced-suffix,1048601,1048601,-1,0,0,0,5,0,0,0,0,1,1,0,1,1,1,1,1,1,1,1
stable-group,random,10,100,9011,terminal-unfenced-suffix,1048601,1048601,-1,0,0,0,6,0,0,0,0,1,1,0,1,1,1,1,1,1,1,1
stable-group,random,10,100,9011,terminal-unfenced-suffix,1048601,1048601,-1,0,0,0,7,0,0,0,0,1,1,0,1,1,1,1,1,1,1,1
stable-group,random,10,100,9011,terminal-unfenced-suffix,1048601,1048601,-1,0,0,0,8,0,0,0,0,1,1,0,1,1,1,1,1,1,1,1
stable-group,random,10,100,9011,terminal-unfenced-suffix,1048601,1048601,-1,0,0,0,9,0,0,0,0,1,1,0,1,1,1,1,1,1,1,1
stable-group,random,10,100,9011,terminal-unfenced-suffix,1048601,1048601,-1,0,0,0,10,0,0,0,0,1,1,0,1,1,1,1,1,1,1,1
stable-group,random,10,100,9011,terminal-unfenced-suffix,1048601,1048601,-1,0,0,0,11,0,0,0,0,1,1,0,1,1,1,1,1,1,1,1
strict-hot,hot,10,100,45011,fence-after-sync-before-publish,2097154,1048601,86,2,2,0,0,0.2,0,0,0,1,1,0,0.8,1,1,1,1,1,1,1
strict-hot,hot,10,100,45011,fence-after-sync-before-publish,2097154,1048601,86,2,2,0,1,0,0,0,0,1,1,0,1,1,1,1,1,1,1,1
strict-hot,hot,10,100,45011,fence-after-sync-before-publish,2097154,1048601,86,2,2,0,2,0,0,0,0,1,1,0,1,1,1,1,1,1,1,1
strict-hot,hot,10,100,45011,fence-after-sync-before-publish,2097154,1048601,86,2,2,0,3,0,0,0,0,1,1,0,1,1,1,1,1,1,1,1
strict-hot,hot,10,100,45011,fence-after-sync-before-publish,2097154,1048601,86,2,2,0,4,0.2,0,0,0,1,1,0,0.8,1,1,1,1,1,1,1
strict-hot,hot,10,100,45011,fence-after-sync-before-publish,2097154,1048601,86,2,2,0,5,0,0,0,0,1,1,0,1,1,1,1,1,1,1,1
strict-hot,hot,10,100,45011,fence-after-sync-before-publish,2097154,1048601,86,2,2,0,6,0,0,0,0,1,1,0,1,1,1,1,1,1,1,1
strict-hot,hot,10,100,45011,fence-after-sync-before-publish,2097154,1048601,86,2,2,0,7,0,0,0,0,1,1,0,1,1,1,1,1,1,1,1
strict-hot,hot,10,100,45011,fence-after-sync-before-publish,2097154,1048601,86,2,2,0,8,0.2,0,0,0,1,1,0,0.8,1,1,1,1,1,1,1
strict-hot,hot,10,100,45011,fence-after-sync-before-publish,2097154,1048601,86,2,2,0,9,0,0,0,0,1,1,0,1,1,1,1,1,1,1,1
strict-hot,hot,10,100,45011,fence-after-sync-before-publish,2097154,1048601,86,2,2,0,10,0,0,0,0,1,1,0,1,1,1,1,1,1,1,1
strict-hot,hot,10,100,45011,fence-after-sync-before-publish,2097154,1048601,86,2,2,0,11,0,0,0,0,1,1,0,1,1,1,1,1,1,1,1
exchange-hot-guard,hot,10,117,45011,terminal-unfenced-suffix,1048601,1048601,-1,0,0,0,0,0,0,0,0,1,1,0,1,1,1,1,1,1,1,1
exchange-hot-guard,hot,10,117,45011,terminal-unfenced-suffix,1048601,1048601,-1,0,0,0,1,0,0,0,0,1,1,0,1,1,1,1,1,1,1,1
exchange-hot-guard,hot,10,117,45011,terminal-unfenced-suffix,1048601,1048601,-1,0,0,0,2,0,0,0,0,1,1,0,1,1,1,1,1,1,1,1
exchange-hot-guard,hot,10,117,45011,terminal-unfenced-suffix,1048601,1048601,-1,0,0,0,3,0,0,0,0,1,1,0,1,1,1,1,1,1,1,1
exchange-hot-guard,hot,10,117,45011,terminal-unfenced-suffix,1048601,1048601,-1,0,0,0,4,0,0,0,0,1,1,0,1,1,1,1,1,1,1,1
exchange-hot-guard,hot,10,117,45011,terminal-unfenced-suffix,1048601,1048601,-1,0,0,0,5,0,0,0,0,1,1,0,1,1,1,1,1,1,1,1
exchange-hot-guard,hot,10,117,45011,terminal-unfenced-suffix,1048601,1048601,-1,0,0,0,6,0,0,0,0,1,1,0,1,1,1,1,1,1,1,1
exchange-hot-guard,hot,10,117,45011,terminal-unfenced-suffix,1048601,1048601,-1,0,0,0,7,0,0,0,0,1,1,0,1,1,1,1,1,1,1,1
exchange-hot-guard,hot,10,117,45011,terminal-unfenced-suffix,1048601,1048601,-1,0,0,0,8,0,0,0,0,1,1,0,1,1,1,1,1,1,1,1
exchange-hot-guard,hot,10,117,45011,terminal-unfenced-suffix,1048601,1048601,-1,0,0,0,9,0,0,0,0,1,1,0,1,1,1,1,1,1,1,1
exchange-hot-guard,hot,10,117,45011,terminal-unfenced-suffix,1048601,1048601,-1,0,0,0,10,0,0,0,0,1,1,0,1,1,1,1,1,1,1,1
exchange-hot-guard,hot,10,117,45011,terminal-unfenced-suffix,1048601,1048601,-1,0,0,0,11,0,0,0,0,1,1,0,1,1,1,1,1,1,1,1
fixed-count,random,10,117,9011,terminal-unfenced-suffix,1048601,1048600,-1,1,0,1,0,0,0,0,0,1,1,0,1,1,1,1,1,1,1,1
fixed-count,random,10,117,9011,terminal-unfenced-suffix,1048601,1048600,-1,1,0,1,1,0,0,0,0,1,1,0,1,1,1,1,1,1,1,1
fixed-count,random,10,117,9011,terminal-unfenced-suffix,1048601,1048600,-1,1,0,1,2,0,0,0,0,1,1,0,1,1,1,1,1,1,1,1
fixed-count,random,10,117,9011,terminal-unfenced-suffix,1048601,1048600,-1,1,0,1,3,0,0,0,0,1,1,0,1,1,1,1,1,1,1,1
fixed-count,random,10,117,9011,terminal-unfenced-suffix,1048601,1048600,-1,1,0,1,4,0,0,0,0,1,1,0,1,1,1,1,1,1,1,1
fixed-count,random,10,117,9011,terminal-unfenced-suffix,1048601,1048600,-1,1,0,1,5,0,0,0,0,1,1,0,1,1,1,1,1,1,1,1
fixed-count,random,10,117,9011,terminal-unfenced-suffix,1048601,1048600,-1,1,0,1,6,0,0,0,0,1,1,0,1,1,1,1,1,1,1,1
fixed-count,random,10,117,9011,terminal-unfenced-suffix,1048601,1048600,-1,1,0,1,7,0.1,0.1,0.1,0,1,0.9,0.1,1,1,1,1,1,1,1,1
fixed-count,random,10,117,9011,terminal-unfenced-suffix,1048601,1048600,-1,1,0,1,8,0,0,0,0,1,1,0,1,1,1,1,1,1,1,1
fixed-count,random,10,117,9011,terminal-unfenced-suffix,1048601,1048600,-1,1,0,1,9,0,0,0,0,1,1,0,1,1,1,1,1,1,1,1
fixed-count,random,10,117,9011,terminal-unfenced-suffix,1048601,1048600,-1,1,0,1,10,0,0,0,0,1,1,0,1,1,1,1,1,1,1,1
fixed-count,random,10,117,9011,terminal-unfenced-suffix,1048601,1048600,-1,1,0,1,11,0,0,0,0,1,1,0,1,1,1,1,1,1,1,1
fixed-time,random,10,100,9011,terminal-unfenced-suffix,1048601,1048601,-1,0,0,0,0,0,0,0,0,1,1,0,1,1,1,1,1,1,1,1
fixed-time,random,10,100,9011,terminal-unfenced-suffix,1048601,1048601,-1,0,0,0,1,0,0,0,0,1,1,0,1,1,1,1,1,1,1,1
fixed-time,random,10,100,9011,terminal-unfenced-suffix,1048601,1048601,-1,0,0,0,2,0,0,0,0,1,1,0,1,1,1,1,1,1,1,1
fixed-time,random,10,100,9011,terminal-unfenced-suffix,1048601,1048601,-1,0,0,0,3,0,0,0,0,1,1,0,1,1,1,1,1,1,1,1
fixed-time,random,10,100,9011,terminal-unfenced-suffix,1048601,1048601,-1,0,0,0,4,0,0,0,0,1,1,0,1,1,1,1,1,1,1,1
fixed-time,random,10,100,9011,terminal-unfenced-suffix,1048601,1048601,-1,0,0,0,5,0,0,0,0,1,1,0,1,1,1,1,1,1,1,1
fixed-time,random,10,100,9011,terminal-unfenced-suffix,1048601,1048601,-1,0,0,0,6,0,0,0,0,1,1,0,1,1,1,1,1,1,1,1
fixed-time,random,10,100,9011,terminal-unfenced-suffix,1048601,1048601,-1,0,0,0,7,0,0,0,0,1,1,0,1,1,1,1,1,1,1,1
fixed-time,random,10,100,9011,terminal-unfenced-suffix,1048601,1048601,-1,0,0,0,8,0,0,0,0,1,1,0,1,1,1,1,1,1,1,1
fixed-time,random,10,100,9011,terminal-unfenced-suffix,1048601,1048601,-1,0,0,0,9,0,0,0,0,1,1,0,1,1,1,1,1,1,1,1
fixed-time,random,10,100,9011,terminal-unfenced-suffix,1048601,1048601,-1,0,0,0,10,0,0,0,0,1,1,0,1,1,1,1,1,1,1,1
fixed-time,random,10,100,9011,terminal-unfenced-suffix,1048601,1048601,-1,0,0,0,11,0,0,0,0,1,1,0,1,1,1,1,1,1,1,1
exchange-random,random,10,117,9011,terminal-unfenced-suffix,1048601,1048592,-1,9,0,9,0,0.1,0.1,0.1,0,1,0.9,0.1,1,1,1,1,1,1,1,1
exchange-random,random,10,117,9011,terminal-unfenced-suffix,1048601,1048592,-1,9,0,9,1,0,0,0,0,1,1,0,1,1,1,1,1,1,1,1
exchange-random,random,10,117,9011,terminal-unfenced-suffix,1048601,1048592,-1,9,0,9,2,0.1,0.1,0.1,0,1,0.9,0.1,1,1,1,1,1,1,1,1
exchange-random,random,10,117,9011,terminal-unfenced-suffix,1048601,1048592,-1,9,0,9,3,0,0,0,0,1,1,0,1,1,1,1,1,1,1,1
exchange-random,random,10,117,9011,terminal-unfenced-suffix,1048601,1048592,-1,9,0,9,4,0,0,0,0,1,1,0,1,1,1,1,1,1,1,1
exchange-random,random,10,117,9011,terminal-unfenced-suffix,1048601,1048592,-1,9,0,9,5,0.1,0.1,0.1,0,1,0.9,0.1,1,1,1,1,1,1,1,1
exchange-random,random,10,117,9011,terminal-unfenced-suffix,1048601,1048592,-1,9,0,9,6,0,0,0,0,1,1,0,1,1,1,1,1,1,1,1
exchange-random,random,10,117,9011,terminal-unfenced-suffix,1048601,1048592,-1,9,0,9,7,0.1,0.1,0.1,0,1,0.9,0.1,1,1,1,1,1,1,1,1
exchange-random,random,10,117,9011,terminal-unfenced-suffix,1048601,1048592,-1,9,0,9,8,0.1,0.1,0.1,0,1,0.9,0.1,1,1,1,1,1,1,1,1
exchange-random,random,10,117,9011,terminal-unfenced-suffix,1048601,1048592,-1,9,0,9,9,0,0,0,0,1,1,0,1,1,1,1,1,1,1,1
exchange-random,random,10,117,9011,terminal-unfenced-suffix,1048601,1048592,-1,9,0,9,10,0,0,0,0,1,1,0,1,1,1,1,1,1,1,1
exchange-random,random,10,117,9011,terminal-unfenced-suffix,1048601,1048592,-1,9,0,9,11,0,0,0,0,1,1,0,1,1,1,1,1,1,1,1
exchange-hot,hot,10,100,45011,terminal-unfenced-suffix,1048601,1048592,-1,9,0,9,0,0.3,0.3,0.3,5.55112e-17,1,0.7,0.3,1,1,1,1,1,1,1,1
exchange-hot,hot,10,100,45011,terminal-unfenced-suffix,1048601,1048592,-1,9,0,9,1,0.2,0.2,0.2,0,1,0.8,0.2,1,1,1,1,1,1,1,1
exchange-hot,hot,10,100,45011,terminal-unfenced-suffix,1048601,1048592,-1,9,0,9,2,0.2,0.2,0.2,0,1,0.8,0.2,1,1,1,1,1,1,1,1
exchange-hot,hot,10,100,45011,terminal-unfenced-suffix,1048601,1048592,-1,9,0,9,3,0.2,0.2,0.2,0,1,0.8,0.2,1,1,1,1,1,1,1,1
exchange-hot,hot,10,100,45011,terminal-unfenced-suffix,1048601,1048592,-1,9,0,9,4,0.3,0.3,0.3,5.55112e-17,1,0.7,0.3,1,1,1,1,1,1,1,1
exchange-hot,hot,10,100,45011,terminal-unfenced-suffix,1048601,1048592,-1,9,0,9,5,0.2,0.2,0.2,0,1,0.8,0.2,1,1,1,1,1,1,1,1
exchange-hot,hot,10,100,45011,terminal-unfenced-suffix,1048601,1048592,-1,9,0,9,6,0.2,0.2,0.2,0,1,0.8,0.2,1,1,1,1,1,1,1,1
exchange-hot,hot,10,100,45011,terminal-unfenced-suffix,1048601,1048592,-1,9,0,9,7,0.2,0.2,0.2,0,1,0.8,0.2,1,1,1,1,1,1,1,1
exchange-hot,hot,10,100,45011,terminal-unfenced-suffix,1048601,1048592,-1,9,0,9,8,0.3,0.3,0.3,5.55112e-17,1,0.7,0.3,1,1,1,1,1,1,1,1
exchange-hot,hot,10,100,45011,terminal-unfenced-suffix,1048601,1048592,-1,9,0,9,9,0.2,0.2,0.2,0,1,0.8,0.2,1,1,1,1,1,1,1,1
exchange-hot,hot,10,100,45011,terminal-unfenced-suffix,1048601,1048592,-1,9,0,9,10,0.2,0.2,0.2,0,1,0.8,0.2,1,1,1,1,1,1,1,1
exchange-hot,hot,10,100,45011,terminal-unfenced-suffix,1048601,1048592,-1,9,0,9,11,0.2,0.2,0.2,0,1,0.8,0.2,1,1,1,1,1,1,1,1
strict-random,random,10,117,9011,strict-cap-before-fence,2097154,1048601,87,2,0,2,0,0.2,0.2,0.2,0,1,0.8,0.2,1,1,1,1,1,1,1,1
strict-random,random,10,117,9011,strict-cap-before-fence,2097154,1048601,87,2,0,2,1,0,0,0,0,1,1,0,1,1,1,1,1,1,1,1
strict-random,random,10,117,9011,strict-cap-before-fence,2097154,1048601,87,2,0,2,2,0,0,0,0,1,1,0,1,1,1,1,1,1,1,1
strict-random,random,10,117,9011,strict-cap-before-fence,2097154,1048601,87,2,0,2,3,0,0,0,0,1,1,0,1,1,1,1,1,1,1,1
strict-random,random,10,117,9011,strict-cap-before-fence,2097154,1048601,87,2,0,2,4,0,0,0,0,1,1,0,1,1,1,1,1,1,1,1
strict-random,random,10,117,9011,strict-cap-before-fence,2097154,1048601,87,2,0,2,5,0,0,0,0,1,1,0,1,1,1,1,1,1,1,1
strict-random,random,10,117,9011,strict-cap-before-fence,2097154,1048601,87,2,0,2,6,0,0,0,0,1,1,0,1,1,1,1,1,1,1,1
strict-random,random,10,117,9011,strict-cap-before-fence,2097154,1048601,87,2,0,2,7,0,0,0,0,1,1,0,1,1,1,1,1,1,1,1
strict-random,random,10,117,9011,strict-cap-before-fence,2097154,1048601,87,2,0,2,8,0,0,0,0,1,1,0,1,1,1,1,1,1,1,1
strict-random,random,10,117,9011,strict-cap-before-fence,2097154,1048601,87,2,0,2,9,0,0,0,0,1,1,0,1,1,1,1,1,1,1,1
strict-random,random,10,117,9011,strict-cap-before-fence,2097154,1048601,87,2,0,2,10,0,0,0,0,1,1,0,1,1,1,1,1,1,1,1
strict-random,random,10,117,9011,strict-cap-before-fence,2097154,1048601,87,2,0,2,11,0,0,0,0,1,1,0,1,1,1,1,1,1,1,1
strict-hot,hot,11,117,45012,fence-after-sync-before-publish,2097154,1048601,86,2,2,0,0,0.2,0,0,0,1,1,0,0.8,1,1,1,1,1,1,1
strict-hot,hot,11,117,45012,fence-after-sync-before-publish,2097154,1048601,86,2,2,0,1,0,0,0,0,1,1,0,1,1,1,1,1,1,1,1
strict-hot,hot,11,117,45012,fence-after-sync-before-publish,2097154,1048601,86,2,2,0,2,0,0,0,0,1,1,0,1,1,1,1,1,1,1,1
strict-hot,hot,11,117,45012,fence-after-sync-before-publish,2097154,1048601,86,2,2,0,3,0,0,0,0,1,1,0,1,1,1,1,1,1,1,1
strict-hot,hot,11,117,45012,fence-after-sync-before-publish,2097154,1048601,86,2,2,0,4,0.2,0,0,0,1,1,0,0.8,1,1,1,1,1,1,1
strict-hot,hot,11,117,45012,fence-after-sync-before-publish,2097154,1048601,86,2,2,0,5,0,0,0,0,1,1,0,1,1,1,1,1,1,1,1
strict-hot,hot,11,117,45012,fence-after-sync-before-publish,2097154,1048601,86,2,2,0,6,0,0,0,0,1,1,0,1,1,1,1,1,1,1,1
strict-hot,hot,11,117,45012,fence-after-sync-before-publish,2097154,1048601,86,2,2,0,7,0,0,0,0,1,1,0,1,1,1,1,1,1,1,1
strict-hot,hot,11,117,45012,fence-after-sync-before-publish,2097154,1048601,86,2,2,0,8,0.2,0,0,0,1,1,0,0.8,1,1,1,1,1,1,1
strict-hot,hot,11,117,45012,fence-after-sync-before-publish,2097154,1048601,86,2,2,0,9,0,0,0,0,1,1,0,1,1,1,1,1,1,1,1
strict-hot,hot,11,117,45012,fence-after-sync-before-publish,2097154,1048601,86,2,2,0,10,0,0,0,0,1,1,0,1,1,1,1,1,1,1,1
strict-hot,hot,11,117,45012,fence-after-sync-before-publish,2097154,1048601,86,2,2,0,11,0,0,0,0,1,1,0,1,1,1,1,1,1,1,1
exchange-random,random,11,100,9012,terminal-unfenced-suffix,1048601,1048592,-1,9,0,9,0,0,0,0,0,1,1,0,1,1,1,1,1,1,1,1
exchange-random,random,11,100,9012,terminal-unfenced-suffix,1048601,1048592,-1,9,0,9,1,0,0,0,0,1,1,0,1,1,1,1,1,1,1,1
exchange-random,random,11,100,9012,terminal-unfenced-suffix,1048601,1048592,-1,9,0,9,2,0,0,0,0,1,1,0,1,1,1,1,1,1,1,1
exchange-random,random,11,100,9012,terminal-unfenced-suffix,1048601,1048592,-1,9,0,9,3,0,0,0,0,1,1,0,1,1,1,1,1,1,1,1
exchange-random,random,11,100,9012,terminal-unfenced-suffix,1048601,1048592,-1,9,0,9,4,0.1,0.1,0.1,0,1,0.9,0.1,1,1,1,1,1,1,1,1
exchange-random,random,11,100,9012,terminal-unfenced-suffix,1048601,1048592,-1,9,0,9,5,0,0,0,0,1,1,0,1,1,1,1,1,1,1,1
exchange-random,random,11,100,9012,terminal-unfenced-suffix,1048601,1048592,-1,9,0,9,6,0,0,0,0,1,1,0,1,1,1,1,1,1,1,1
exchange-random,random,11,100,9012,terminal-unfenced-suffix,1048601,1048592,-1,9,0,9,7,0,0,0,0,1,1,0,1,1,1,1,1,1,1,1
exchange-random,random,11,100,9012,terminal-unfenced-suffix,1048601,1048592,-1,9,0,9,8,0,0,0,0,1,1,0,1,1,1,1,1,1,1,1
exchange-random,random,11,100,9012,terminal-unfenced-suffix,1048601,1048592,-1,9,0,9,9,0,0,0,0,1,1,0,1,1,1,1,1,1,1,1
exchange-random,random,11,100,9012,terminal-unfenced-suffix,1048601,1048592,-1,9,0,9,10,0.1,0.1,0.1,0,1,0.9,0.1,1,1,1,1,1,1,1,1
exchange-random,random,11,100,9012,terminal-unfenced-suffix,1048601,1048592,-1,9,0,9,11,0.1,0.1,0.1,0,1,0.9,0.1,1,1,1,1,1,1,1,1
exchange-hot,hot,11,117,45012,terminal-unfenced-suffix,1048601,1048592,-1,9,0,9,0,0.3,0.3,0.3,5.55112e-17,1,0.7,0.3,1,1,1,1,1,1,1,1
exchange-hot,hot,11,117,45012,terminal-unfenced-suffix,1048601,1048592,-1,9,0,9,1,0.2,0.2,0.2,0,1,0.8,0.2,1,1,1,1,1,1,1,1
exchange-hot,hot,11,117,45012,terminal-unfenced-suffix,1048601,1048592,-1,9,0,9,2,0.2,0.2,0.2,0,1,0.8,0.2,1,1,1,1,1,1,1,1
exchange-hot,hot,11,117,45012,terminal-unfenced-suffix,1048601,1048592,-1,9,0,9,3,0.2,0.2,0.2,0,1,0.8,0.2,1,1,1,1,1,1,1,1
exchange-hot,hot,11,117,45012,terminal-unfenced-suffix,1048601,1048592,-1,9,0,9,4,0.3,0.3,0.3,5.55112e-17,1,0.7,0.3,1,1,1,1,1,1,1,1
exchange-hot,hot,11,117,45012,terminal-unfenced-suffix,1048601,1048592,-1,9,0,9,5,0.2,0.2,0.2,0,1,0.8,0.2,1,1,1,1,1,1,1,1
exchange-hot,hot,11,117,45012,terminal-unfenced-suffix,1048601,1048592,-1,9,0,9,6,0.2,0.2,0.2,0,1,0.8,0.2,1,1,1,1,1,1,1,1
exchange-hot,hot,11,117,45012,terminal-unfenced-suffix,1048601,1048592,-1,9,0,9,7,0.2,0.2,0.2,0,1,0.8,0.2,1,1,1,1,1,1,1,1
exchange-hot,hot,11,117,45012,terminal-unfenced-suffix,1048601,1048592,-1,9,0,9,8,0.3,0.3,0.3,5.55112e-17,1,0.7,0.3,1,1,1,1,1,1,1,1
exchange-hot,hot,11,117,45012,terminal-unfenced-suffix,1048601,1048592,-1,9,0,9,9,0.2,0.2,0.2,0,1,0.8,0.2,1,1,1,1,1,1,1,1
exchange-hot,hot,11,117,45012,terminal-unfenced-suffix,1048601,1048592,-1,9,0,9,10,0.2,0.2,0.2,0,1,0.8,0.2,1,1,1,1,1,1,1,1
exchange-hot,hot,11,117,45012,terminal-unfenced-suffix,1048601,1048592,-1,9,0,9,11,0.2,0.2,0.2,0,1,0.8,0.2,1,1,1,1,1,1,1,1
exchange-hot-guard,hot,11,100,45012,terminal-unfenced-suffix,1048601,1048601,-1,0,0,0,0,0,0,0,0,1,1,0,1,1,1,1,1,1,1,1
exchange-hot-guard,hot,11,100,45012,terminal-unfenced-suffix,1048601,1048601,-1,0,0,0,1,0,0,0,0,1,1,0,1,1,1,1,1,1,1,1
exchange-hot-guard,hot,11,100,45012,terminal-unfenced-suffix,1048601,1048601,-1,0,0,0,2,0,0,0,0,1,1,0,1,1,1,1,1,1,1,1
exchange-hot-guard,hot,11,100,45012,terminal-unfenced-suffix,1048601,1048601,-1,0,0,0,3,0,0,0,0,1,1,0,1,1,1,1,1,1,1,1
exchange-hot-guard,hot,11,100,45012,terminal-unfenced-suffix,1048601,1048601,-1,0,0,0,4,0,0,0,0,1,1,0,1,1,1,1,1,1,1,1
exchange-hot-guard,hot,11,100,45012,terminal-unfenced-suffix,1048601,1048601,-1,0,0,0,5,0,0,0,0,1,1,0,1,1,1,1,1,1,1,1
exchange-hot-guard,hot,11,100,45012,terminal-unfenced-suffix,1048601,1048601,-1,0,0,0,6,0,0,0,0,1,1,0,1,1,1,1,1,1,1,1
exchange-hot-guard,hot,11,100,45012,terminal-unfenced-suffix,1048601,1048601,-1,0,0,0,7,0,0,0,0,1,1,0,1,1,1,1,1,1,1,1
exchange-hot-guard,hot,11,100,45012,terminal-unfenced-suffix,1048601,1048601,-1,0,0,0,8,0,0,0,0,1,1,0,1,1,1,1,1,1,1,1
exchange-hot-guard,hot,11,100,45012,terminal-unfenced-suffix,1048601,1048601,-1,0,0,0,9,0,0,0,0,1,1,0,1,1,1,1,1,1,1,1
exchange-hot-guard,hot,11,100,45012,terminal-unfenced-suffix,1048601,1048601,-1,0,0,0,10,0,0,0,0,1,1,0,1,1,1,1,1,1,1,1
exchange-hot-guard,hot,11,100,45012,terminal-unfenced-suffix,1048601,1048601,-1,0,0,0,11,0,0,0,0,1,1,0,1,1,1,1,1,1,1,1
fixed-time,random,11,117,9012,terminal-unfenced-suffix,1048601,1048601,-1,0,0,0,0,0,0,0,0,1,1,0,1,1,1,1,1,1,1,1
fixed-time,random,11,117,9012,terminal-unfenced-suffix,1048601,1048601,-1,0,0,0,1,0,0,0,0,1,1,0,1,1,1,1,1,1,1,1
fixed-time,random,11,117,9012,terminal-unfenced-suffix,1048601,1048601,-1,0,0,0,2,0,0,0,0,1,1,0,1,1,1,1,1,1,1,1
fixed-time,random,11,117,9012,terminal-unfenced-suffix,1048601,1048601,-1,0,0,0,3,0,0,0,0,1,1,0,1,1,1,1,1,1,1,1
fixed-time,random,11,117,9012,terminal-unfenced-suffix,1048601,1048601,-1,0,0,0,4,0,0,0,0,1,1,0,1,1,1,1,1,1,1,1
fixed-time,random,11,117,9012,terminal-unfenced-suffix,1048601,1048601,-1,0,0,0,5,0,0,0,0,1,1,0,1,1,1,1,1,1,1,1
fixed-time,random,11,117,9012,terminal-unfenced-suffix,1048601,1048601,-1,0,0,0,6,0,0,0,0,1,1,0,1,1,1,1,1,1,1,1
fixed-time,random,11,117,9012,terminal-unfenced-suffix,1048601,1048601,-1,0,0,0,7,0,0,0,0,1,1,0,1,1,1,1,1,1,1,1
fixed-time,random,11,117,9012,terminal-unfenced-suffix,1048601,1048601,-1,0,0,0,8,0,0,0,0,1,1,0,1,1,1,1,1,1,1,1
fixed-time,random,11,117,9012,terminal-unfenced-suffix,1048601,1048601,-1,0,0,0,9,0,0,0,0,1,1,0,1,1,1,1,1,1,1,1
fixed-time,random,11,117,9012,terminal-unfenced-suffix,1048601,1048601,-1,0,0,0,10,0,0,0,0,1,1,0,1,1,1,1,1,1,1,1
fixed-time,random,11,117,9012,terminal-unfenced-suffix,1048601,1048601,-1,0,0,0,11,0,0,0,0,1,1,0,1,1,1,1,1,1,1,1
stable-group,random,11,117,9012,terminal-unfenced-suffix,1048601,1048601,-1,0,0,0,0,0,0,0,0,1,1,0,1,1,1,1,1,1,1,1
stable-group,random,11,117,9012,terminal-unfenced-suffix,1048601,1048601,-1,0,0,0,1,0,0,0,0,1,1,0,1,1,1,1,1,1,1,1
stable-group,random,11,117,9012,terminal-unfenced-suffix,1048601,1048601,-1,0,0,0,2,0,0,0,0,1,1,0,1,1,1,1,1,1,1,1
stable-group,random,11,117,9012,terminal-unfenced-suffix,1048601,1048601,-1,0,0,0,3,0,0,0,0,1,1,0,1,1,1,1,1,1,1,1
stable-group,random,11,117,9012,terminal-unfenced-suffix,1048601,1048601,-1,0,0,0,4,0,0,0,0,1,1,0,1,1,1,1,1,1,1,1
stable-group,random,11,117,9012,terminal-unfenced-suffix,1048601,1048601,-1,0,0,0,5,0,0,0,0,1,1,0,1,1,1,1,1,1,1,1
stable-group,random,11,117,9012,terminal-unfenced-suffix,1048601,1048601,-1,0,0,0,6,0,0,0,0,1,1,0,1,1,1,1,1,1,1,1
stable-group,random,11,117,9012,terminal-unfenced-suffix,1048601,1048601,-1,0,0,0,7,0,0,0,0,1,1,0,1,1,1,1,1,1,1,1
stable-group,random,11,117,9012,terminal-unfenced-suffix,1048601,1048601,-1,0,0,0,8,0,0,0,0,1,1,0,1,1,1,1,1,1,1,1
stable-group,random,11,117,9012,terminal-unfenced-suffix,1048601,1048601,-1,0,0,0,9,0,0,0,0,1,1,0,1,1,1,1,1,1,1,1
stable-group,random,11,117,9012,terminal-unfenced-suffix,1048601,1048601,-1,0,0,0,10,0,0,0,0,1,1,0,1,1,1,1,1,1,1,1
stable-group,random,11,117,9012,terminal-unfenced-suffix,1048601,1048601,-1,0,0,0,11,0,0,0,0,1,1,0,1,1,1,1,1,1,1,1
fixed-count,random,11,100,9012,terminal-unfenced-suffix,1048601,1048600,-1,1,0,1,0,0,0,0,0,1,1,0,1,1,1,1,1,1,1,1
fixed-count,random,11,100,9012,terminal-unfenced-suffix,1048601,1048600,-1,1,0,1,1,0,0,0,0,1,1,0,1,1,1,1,1,1,1,1
fixed-count,random,11,100,9012,terminal-unfenced-suffix,1048601,1048600,-1,1,0,1,2,0,0,0,0,1,1,0,1,1,1,1,1,1,1,1
fixed-count,random,11,100,9012,terminal-unfenced-suffix,1048601,1048600,-1,1,0,1,3,0,0,0,0,1,1,0,1,1,1,1,1,1,1,1
fixed-count,random,11,100,9012,terminal-unfenced-suffix,1048601,1048600,-1,1,0,1,4,0,0,0,0,1,1,0,1,1,1,1,1,1,1,1
fixed-count,random,11,100,9012,terminal-unfenced-suffix,1048601,1048600,-1,1,0,1,5,0,0,0,0,1,1,0,1,1,1,1,1,1,1,1
fixed-count,random,11,100,9012,terminal-unfenced-suffix,1048601,1048600,-1,1,0,1,6,0,0,0,0,1,1,0,1,1,1,1,1,1,1,1
fixed-count,random,11,100,9012,terminal-unfenced-suffix,1048601,1048600,-1,1,0,1,7,0,0,0,0,1,1,0,1,1,1,1,1,1,1,1
fixed-count,random,11,100,9012,terminal-unfenced-suffix,1048601,1048600,-1,1,0,1,8,0,0,0,0,1,1,0,1,1,1,1,1,1,1,1
fixed-count,random,11,100,9012,terminal-unfenced-suffix,1048601,1048600,-1,1,0,1,9,0,0,0,0,1,1,0,1,1,1,1,1,1,1,1
fixed-count,random,11,100,9012,terminal-unfenced-suffix,1048601,1048600,-1,1,0,1,10,0,0,0,0,1,1,0,1,1,1,1,1,1,1,1
fixed-count,random,11,100,9012,terminal-unfenced-suffix,1048601,1048600,-1,1,0,1,11,0.1,0.1,0.1,0,1,0.9,0.1,1,1,1,1,1,1,1,1
strict-random,random,11,100,9012,strict-cap-before-fence,2097154,1048601,87,2,0,2,0,0.2,0.2,0.2,0,1,0.8,0.2,1,1,1,1,1,1,1,1
strict-random,random,11,100,9012,strict-cap-before-fence,2097154,1048601,87,2,0,2,1,0,0,0,0,1,1,0,1,1,1,1,1,1,1,1
strict-random,random,11,100,9012,strict-cap-before-fence,2097154,1048601,87,2,0,2,2,0,0,0,0,1,1,0,1,1,1,1,1,1,1,1
strict-random,random,11,100,9012,strict-cap-before-fence,2097154,1048601,87,2,0,2,3,0,0,0,0,1,1,0,1,1,1,1,1,1,1,1
strict-random,random,11,100,9012,strict-cap-before-fence,2097154,1048601,87,2,0,2,4,0,0,0,0,1,1,0,1,1,1,1,1,1,1,1
strict-random,random,11,100,9012,strict-cap-before-fence,2097154,1048601,87,2,0,2,5,0,0,0,0,1,1,0,1,1,1,1,1,1,1,1
strict-random,random,11,100,9012,strict-cap-before-fence,2097154,1048601,87,2,0,2,6,0,0,0,0,1,1,0,1,1,1,1,1,1,1,1
strict-random,random,11,100,9012,strict-cap-before-fence,2097154,1048601,87,2,0,2,7,0,0,0,0,1,1,0,1,1,1,1,1,1,1,1
strict-random,random,11,100,9012,strict-cap-before-fence,2097154,1048601,87,2,0,2,8,0,0,0,0,1,1,0,1,1,1,1,1,1,1,1
strict-random,random,11,100,9012,strict-cap-before-fence,2097154,1048601,87,2,0,2,9,0,0,0,0,1,1,0,1,1,1,1,1,1,1,1
strict-random,random,11,100,9012,strict-cap-before-fence,2097154,1048601,87,2,0,2,10,0,0,0,0,1,1,0,1,1,1,1,1,1,1,1
strict-random,random,11,100,9012,strict-cap-before-fence,2097154,1048601,87,2,0,2,11,0,0,0,0,1,1,0,1,1,1,1,1,1,1,1
strict-hot,hot,12,100,45013,fence-after-sync-before-publish,2097154,1048601,86,2,2,0,0,0.2,0,0,0,1,1,0,0.8,1,1,1,1,1,1,1
strict-hot,hot,12,100,45013,fence-after-sync-before-publish,2097154,1048601,86,2,2,0,1,0,0,0,0,1,1,0,1,1,1,1,1,1,1,1
strict-hot,hot,12,100,45013,fence-after-sync-before-publish,2097154,1048601,86,2,2,0,2,0,0,0,0,1,1,0,1,1,1,1,1,1,1,1
strict-hot,hot,12,100,45013,fence-after-sync-before-publish,2097154,1048601,86,2,2,0,3,0,0,0,0,1,1,0,1,1,1,1,1,1,1,1
strict-hot,hot,12,100,45013,fence-after-sync-before-publish,2097154,1048601,86,2,2,0,4,0.2,0,0,0,1,1,0,0.8,1,1,1,1,1,1,1
strict-hot,hot,12,100,45013,fence-after-sync-before-publish,2097154,1048601,86,2,2,0,5,0,0,0,0,1,1,0,1,1,1,1,1,1,1,1
strict-hot,hot,12,100,45013,fence-after-sync-before-publish,2097154,1048601,86,2,2,0,6,0,0,0,0,1,1,0,1,1,1,1,1,1,1,1
strict-hot,hot,12,100,45013,fence-after-sync-before-publish,2097154,1048601,86,2,2,0,7,0,0,0,0,1,1,0,1,1,1,1,1,1,1,1
strict-hot,hot,12,100,45013,fence-after-sync-before-publish,2097154,1048601,86,2,2,0,8,0.2,0,0,0,1,1,0,0.8,1,1,1,1,1,1,1
strict-hot,hot,12,100,45013,fence-after-sync-before-publish,2097154,1048601,86,2,2,0,9,0,0,0,0,1,1,0,1,1,1,1,1,1,1,1
strict-hot,hot,12,100,45013,fence-after-sync-before-publish,2097154,1048601,86,2,2,0,10,0,0,0,0,1,1,0,1,1,1,1,1,1,1,1
strict-hot,hot,12,100,45013,fence-after-sync-before-publish,2097154,1048601,86,2,2,0,11,0,0,0,0,1,1,0,1,1,1,1,1,1,1,1
stable-group,random,12,100,9013,terminal-unfenced-suffix,1048601,1048601,-1,0,0,0,0,0,0,0,0,1,1,0,1,1,1,1,1,1,1,1
stable-group,random,12,100,9013,terminal-unfenced-suffix,1048601,1048601,-1,0,0,0,1,0,0,0,0,1,1,0,1,1,1,1,1,1,1,1
stable-group,random,12,100,9013,terminal-unfenced-suffix,1048601,1048601,-1,0,0,0,2,0,0,0,0,1,1,0,1,1,1,1,1,1,1,1
stable-group,random,12,100,9013,terminal-unfenced-suffix,1048601,1048601,-1,0,0,0,3,0,0,0,0,1,1,0,1,1,1,1,1,1,1,1
stable-group,random,12,100,9013,terminal-unfenced-suffix,1048601,1048601,-1,0,0,0,4,0,0,0,0,1,1,0,1,1,1,1,1,1,1,1
stable-group,random,12,100,9013,terminal-unfenced-suffix,1048601,1048601,-1,0,0,0,5,0,0,0,0,1,1,0,1,1,1,1,1,1,1,1
stable-group,random,12,100,9013,terminal-unfenced-suffix,1048601,1048601,-1,0,0,0,6,0,0,0,0,1,1,0,1,1,1,1,1,1,1,1
stable-group,random,12,100,9013,terminal-unfenced-suffix,1048601,1048601,-1,0,0,0,7,0,0,0,0,1,1,0,1,1,1,1,1,1,1,1
stable-group,random,12,100,9013,terminal-unfenced-suffix,1048601,1048601,-1,0,0,0,8,0,0,0,0,1,1,0,1,1,1,1,1,1,1,1
stable-group,random,12,100,9013,terminal-unfenced-suffix,1048601,1048601,-1,0,0,0,9,0,0,0,0,1,1,0,1,1,1,1,1,1,1,1
stable-group,random,12,100,9013,terminal-unfenced-suffix,1048601,1048601,-1,0,0,0,10,0,0,0,0,1,1,0,1,1,1,1,1,1,1,1
stable-group,random,12,100,9013,terminal-unfenced-suffix,1048601,1048601,-1,0,0,0,11,0,0,0,0,1,1,0,1,1,1,1,1,1,1,1
fixed-time,random,12,100,9013,terminal-unfenced-suffix,1048601,1048601,-1,0,0,0,0,0,0,0,0,1,1,0,1,1,1,1,1,1,1,1
fixed-time,random,12,100,9013,terminal-unfenced-suffix,1048601,1048601,-1,0,0,0,1,0,0,0,0,1,1,0,1,1,1,1,1,1,1,1
fixed-time,random,12,100,9013,terminal-unfenced-suffix,1048601,1048601,-1,0,0,0,2,0,0,0,0,1,1,0,1,1,1,1,1,1,1,1
fixed-time,random,12,100,9013,terminal-unfenced-suffix,1048601,1048601,-1,0,0,0,3,0,0,0,0,1,1,0,1,1,1,1,1,1,1,1
fixed-time,random,12,100,9013,terminal-unfenced-suffix,1048601,1048601,-1,0,0,0,4,0,0,0,0,1,1,0,1,1,1,1,1,1,1,1
fixed-time,random,12,100,9013,terminal-unfenced-suffix,1048601,1048601,-1,0,0,0,5,0,0,0,0,1,1,0,1,1,1,1,1,1,1,1
fixed-time,random,12,100,9013,terminal-unfenced-suffix,1048601,1048601,-1,0,0,0,6,0,0,0,0,1,1,0,1,1,1,1,1,1,1,1
fixed-time,random,12,100,9013,terminal-unfenced-suffix,1048601,1048601,-1,0,0,0,7,0,0,0,0,1,1,0,1,1,1,1,1,1,1,1
fixed-time,random,12,100,9013,terminal-unfenced-suffix,1048601,1048601,-1,0,0,0,8,0,0,0,0,1,1,0,1,1,1,1,1,1,1,1
fixed-time,random,12,100,9013,terminal-unfenced-suffix,1048601,1048601,-1,0,0,0,9,0,0,0,0,1,1,0,1,1,1,1,1,1,1,1
fixed-time,random,12,100,9013,terminal-unfenced-suffix,1048601,1048601,-1,0,0,0,10,0,0,0,0,1,1,0,1,1,1,1,1,1,1,1
fixed-time,random,12,100,9013,terminal-unfenced-suffix,1048601,1048601,-1,0,0,0,11,0,0,0,0,1,1,0,1,1,1,1,1,1,1,1
exchange-random,random,12,117,9013,terminal-unfenced-suffix,1048601,1048592,-1,9,0,9,0,0,0,0,0,1,1,0,1,1,1,1,1,1,1,1
exchange-random,random,12,117,9013,terminal-unfenced-suffix,1048601,1048592,-1,9,0,9,1,0,0,0,0,1,1,0,1,1,1,1,1,1,1,1
exchange-random,random,12,117,9013,terminal-unfenced-suffix,1048601,1048592,-1,9,0,9,2,0.1,0.1,0.1,0,1,0.9,0.1,1,1,1,1,1,1,1,1
exchange-random,random,12,117,9013,terminal-unfenced-suffix,1048601,1048592,-1,9,0,9,3,0,0,0,0,1,1,0,1,1,1,1,1,1,1,1
exchange-random,random,12,117,9013,terminal-unfenced-suffix,1048601,1048592,-1,9,0,9,4,0,0,0,0,1,1,0,1,1,1,1,1,1,1,1
exchange-random,random,12,117,9013,terminal-unfenced-suffix,1048601,1048592,-1,9,0,9,5,0,0,0,0,1,1,0,1,1,1,1,1,1,1,1
exchange-random,random,12,117,9013,terminal-unfenced-suffix,1048601,1048592,-1,9,0,9,6,0,0,0,0,1,1,0,1,1,1,1,1,1,1,1
exchange-random,random,12,117,9013,terminal-unfenced-suffix,1048601,1048592,-1,9,0,9,7,0.1,0.1,0.1,0,1,0.9,0.1,1,1,1,1,1,1,1,1
exchange-random,random,12,117,9013,terminal-unfenced-suffix,1048601,1048592,-1,9,0,9,8,0,0,0,0,1,1,0,1,1,1,1,1,1,1,1
exchange-random,random,12,117,9013,terminal-unfenced-suffix,1048601,1048592,-1,9,0,9,9,0.1,0.1,0.1,0,1,0.9,0.1,1,1,1,1,1,1,1,1
exchange-random,random,12,117,9013,terminal-unfenced-suffix,1048601,1048592,-1,9,0,9,10,0.1,0.1,0.1,0,1,0.9,0.1,1,1,1,1,1,1,1,1
exchange-random,random,12,117,9013,terminal-unfenced-suffix,1048601,1048592,-1,9,0,9,11,0.1,0.1,0.1,0,1,0.9,0.1,1,1,1,1,1,1,1,1
strict-random,random,12,117,9013,strict-cap-before-fence,2097154,1048601,87,2,0,2,0,0.2,0.2,0.2,0,1,0.8,0.2,1,1,1,1,1,1,1,1
strict-random,random,12,117,9013,strict-cap-before-fence,2097154,1048601,87,2,0,2,1,0,0,0,0,1,1,0,1,1,1,1,1,1,1,1
strict-random,random,12,117,9013,strict-cap-before-fence,2097154,1048601,87,2,0,2,2,0,0,0,0,1,1,0,1,1,1,1,1,1,1,1
strict-random,random,12,117,9013,strict-cap-before-fence,2097154,1048601,87,2,0,2,3,0,0,0,0,1,1,0,1,1,1,1,1,1,1,1
strict-random,random,12,117,9013,strict-cap-before-fence,2097154,1048601,87,2,0,2,4,0,0,0,0,1,1,0,1,1,1,1,1,1,1,1
strict-random,random,12,117,9013,strict-cap-before-fence,2097154,1048601,87,2,0,2,5,0,0,0,0,1,1,0,1,1,1,1,1,1,1,1
strict-random,random,12,117,9013,strict-cap-before-fence,2097154,1048601,87,2,0,2,6,0,0,0,0,1,1,0,1,1,1,1,1,1,1,1
strict-random,random,12,117,9013,strict-cap-before-fence,2097154,1048601,87,2,0,2,7,0,0,0,0,1,1,0,1,1,1,1,1,1,1,1
strict-random,random,12,117,9013,strict-cap-before-fence,2097154,1048601,87,2,0,2,8,0,0,0,0,1,1,0,1,1,1,1,1,1,1,1
strict-random,random,12,117,9013,strict-cap-before-fence,2097154,1048601,87,2,0,2,9,0,0,0,0,1,1,0,1,1,1,1,1,1,1,1
strict-random,random,12,117,9013,strict-cap-before-fence,2097154,1048601,87,2,0,2,10,0,0,0,0,1,1,0,1,1,1,1,1,1,1,1
strict-random,random,12,117,9013,strict-cap-before-fence,2097154,1048601,87,2,0,2,11,0,0,0,0,1,1,0,1,1,1,1,1,1,1,1
fixed-count,random,12,117,9013,terminal-unfenced-suffix,1048601,1048600,-1,1,0,1,0,0,0,0,0,1,1,0,1,1,1,1,1,1,1,1
fixed-count,random,12,117,9013,terminal-unfenced-suffix,1048601,1048600,-1,1,0,1,1,0,0,0,0,1,1,0,1,1,1,1,1,1,1,1
fixed-count,random,12,117,9013,terminal-unfenced-suffix,1048601,1048600,-1,1,0,1,2,0,0,0,0,1,1,0,1,1,1,1,1,1,1,1
fixed-count,random,12,117,9013,terminal-unfenced-suffix,1048601,1048600,-1,1,0,1,3,0,0,0,0,1,1,0,1,1,1,1,1,1,1,1
fixed-count,random,12,117,9013,terminal-unfenced-suffix,1048601,1048600,-1,1,0,1,4,0,0,0,0,1,1,0,1,1,1,1,1,1,1,1
fixed-count,random,12,117,9013,terminal-unfenced-suffix,1048601,1048600,-1,1,0,1,5,0,0,0,0,1,1,0,1,1,1,1,1,1,1,1
fixed-count,random,12,117,9013,terminal-unfenced-suffix,1048601,1048600,-1,1,0,1,6,0,0,0,0,1,1,0,1,1,1,1,1,1,1,1
fixed-count,random,12,117,9013,terminal-unfenced-suffix,1048601,1048600,-1,1,0,1,7,0,0,0,0,1,1,0,1,1,1,1,1,1,1,1
fixed-count,random,12,117,9013,terminal-unfenced-suffix,1048601,1048600,-1,1,0,1,8,0,0,0,0,1,1,0,1,1,1,1,1,1,1,1
fixed-count,random,12,117,9013,terminal-unfenced-suffix,1048601,1048600,-1,1,0,1,9,0.1,0.1,0.1,0,1,0.9,0.1,1,1,1,1,1,1,1,1
fixed-count,random,12,117,9013,terminal-unfenced-suffix,1048601,1048600,-1,1,0,1,10,0,0,0,0,1,1,0,1,1,1,1,1,1,1,1
fixed-count,random,12,117,9013,terminal-unfenced-suffix,1048601,1048600,-1,1,0,1,11,0,0,0,0,1,1,0,1,1,1,1,1,1,1,1
exchange-hot-guard,hot,12,117,45013,terminal-unfenced-suffix,1048601,1048601,-1,0,0,0,0,0,0,0,0,1,1,0,1,1,1,1,1,1,1,1
exchange-hot-guard,hot,12,117,45013,terminal-unfenced-suffix,1048601,1048601,-1,0,0,0,1,0,0,0,0,1,1,0,1,1,1,1,1,1,1,1
exchange-hot-guard,hot,12,117,45013,terminal-unfenced-suffix,1048601,1048601,-1,0,0,0,2,0,0,0,0,1,1,0,1,1,1,1,1,1,1,1
exchange-hot-guard,hot,12,117,45013,terminal-unfenced-suffix,1048601,1048601,-1,0,0,0,3,0,0,0,0,1,1,0,1,1,1,1,1,1,1,1
exchange-hot-guard,hot,12,117,45013,terminal-unfenced-suffix,1048601,1048601,-1,0,0,0,4,0,0,0,0,1,1,0,1,1,1,1,1,1,1,1
exchange-hot-guard,hot,12,117,45013,terminal-unfenced-suffix,1048601,1048601,-1,0,0,0,5,0,0,0,0,1,1,0,1,1,1,1,1,1,1,1
exchange-hot-guard,hot,12,117,45013,terminal-unfenced-suffix,1048601,1048601,-1,0,0,0,6,0,0,0,0,1,1,0,1,1,1,1,1,1,1,1
exchange-hot-guard,hot,12,117,45013,terminal-unfenced-suffix,1048601,1048601,-1,0,0,0,7,0,0,0,0,1,1,0,1,1,1,1,1,1,1,1
exchange-hot-guard,hot,12,117,45013,terminal-unfenced-suffix,1048601,1048601,-1,0,0,0,8,0,0,0,0,1,1,0,1,1,1,1,1,1,1,1
exchange-hot-guard,hot,12,117,45013,terminal-unfenced-suffix,1048601,1048601,-1,0,0,0,9,0,0,0,0,1,1,0,1,1,1,1,1,1,1,1
exchange-hot-guard,hot,12,117,45013,terminal-unfenced-suffix,1048601,1048601,-1,0,0,0,10,0,0,0,0,1,1,0,1,1,1,1,1,1,1,1
exchange-hot-guard,hot,12,117,45013,terminal-unfenced-suffix,1048601,1048601,-1,0,0,0,11,0,0,0,0,1,1,0,1,1,1,1,1,1,1,1
exchange-hot,hot,12,100,45013,terminal-unfenced-suffix,1048601,1048592,-1,9,0,9,0,0.3,0.3,0.3,5.55112e-17,1,0.7,0.3,1,1,1,1,1,1,1,1
exchange-hot,hot,12,100,45013,terminal-unfenced-suffix,1048601,1048592,-1,9,0,9,1,0.2,0.2,0.2,0,1,0.8,0.2,1,1,1,1,1,1,1,1
exchange-hot,hot,12,100,45013,terminal-unfenced-suffix,1048601,1048592,-1,9,0,9,2,0.2,0.2,0.2,0,1,0.8,0.2,1,1,1,1,1,1,1,1
exchange-hot,hot,12,100,45013,terminal-unfenced-suffix,1048601,1048592,-1,9,0,9,3,0.2,0.2,0.2,0,1,0.8,0.2,1,1,1,1,1,1,1,1
exchange-hot,hot,12,100,45013,terminal-unfenced-suffix,1048601,1048592,-1,9,0,9,4,0.3,0.3,0.3,5.55112e-17,1,0.7,0.3,1,1,1,1,1,1,1,1
exchange-hot,hot,12,100,45013,terminal-unfenced-suffix,1048601,1048592,-1,9,0,9,5,0.2,0.2,0.2,0,1,0.8,0.2,1,1,1,1,1,1,1,1
exchange-hot,hot,12,100,45013,terminal-unfenced-suffix,1048601,1048592,-1,9,0,9,6,0.2,0.2,0.2,0,1,0.8,0.2,1,1,1,1,1,1,1,1
exchange-hot,hot,12,100,45013,terminal-unfenced-suffix,1048601,1048592,-1,9,0,9,7,0.2,0.2,0.2,0,1,0.8,0.2,1,1,1,1,1,1,1,1
exchange-hot,hot,12,100,45013,terminal-unfenced-suffix,1048601,1048592,-1,9,0,9,8,0.3,0.3,0.3,5.55112e-17,1,0.7,0.3,1,1,1,1,1,1,1,1
exchange-hot,hot,12,100,45013,terminal-unfenced-suffix,1048601,1048592,-1,9,0,9,9,0.2,0.2,0.2,0,1,0.8,0.2,1,1,1,1,1,1,1,1
exchange-hot,hot,12,100,45013,terminal-unfenced-suffix,1048601,1048592,-1,9,0,9,10,0.2,0.2,0.2,0,1,0.8,0.2,1,1,1,1,1,1,1,1
exchange-hot,hot,12,100,45013,terminal-unfenced-suffix,1048601,1048592,-1,9,0,9,11,0.2,0.2,0.2,0,1,0.8,0.2,1,1,1,1,1,1,1,1
exchange-random,random,13,100,9014,terminal-unfenced-suffix,1048601,1048592,-1,9,0,9,0,0,0,0,0,1,1,0,1,1,1,1,1,1,1,1
exchange-random,random,13,100,9014,terminal-unfenced-suffix,1048601,1048592,-1,9,0,9,1,0,0,0,0,1,1,0,1,1,1,1,1,1,1,1
exchange-random,random,13,100,9014,terminal-unfenced-suffix,1048601,1048592,-1,9,0,9,2,0,0,0,0,1,1,0,1,1,1,1,1,1,1,1
exchange-random,random,13,100,9014,terminal-unfenced-suffix,1048601,1048592,-1,9,0,9,3,0,0,0,0,1,1,0,1,1,1,1,1,1,1,1
exchange-random,random,13,100,9014,terminal-unfenced-suffix,1048601,1048592,-1,9,0,9,4,0.1,0.1,0.1,0,1,0.9,0.1,1,1,1,1,1,1,1,1
exchange-random,random,13,100,9014,terminal-unfenced-suffix,1048601,1048592,-1,9,0,9,5,0,0,0,0,1,1,0,1,1,1,1,1,1,1,1
exchange-random,random,13,100,9014,terminal-unfenced-suffix,1048601,1048592,-1,9,0,9,6,0.1,0.1,0.1,0,1,0.9,0.1,1,1,1,1,1,1,1,1
exchange-random,random,13,100,9014,terminal-unfenced-suffix,1048601,1048592,-1,9,0,9,7,0,0,0,0,1,1,0,1,1,1,1,1,1,1,1
exchange-random,random,13,100,9014,terminal-unfenced-suffix,1048601,1048592,-1,9,0,9,8,0.1,0.1,0.1,0,1,0.9,0.1,1,1,1,1,1,1,1,1
exchange-random,random,13,100,9014,terminal-unfenced-suffix,1048601,1048592,-1,9,0,9,9,0.2,0.2,0.2,0,1,0.8,0.2,1,1,1,1,1,1,1,1
exchange-random,random,13,100,9014,terminal-unfenced-suffix,1048601,1048592,-1,9,0,9,10,0.1,0.1,0.1,0,1,0.9,0.1,1,1,1,1,1,1,1,1
exchange-random,random,13,100,9014,terminal-unfenced-suffix,1048601,1048592,-1,9,0,9,11,0.1,0.1,0.1,0,1,0.9,0.1,1,1,1,1,1,1,1,1
stable-group,random,13,117,9014,terminal-unfenced-suffix,1048601,1048601,-1,0,0,0,0,0,0,0,0,1,1,0,1,1,1,1,1,1,1,1
stable-group,random,13,117,9014,terminal-unfenced-suffix,1048601,1048601,-1,0,0,0,1,0,0,0,0,1,1,0,1,1,1,1,1,1,1,1
stable-group,random,13,117,9014,terminal-unfenced-suffix,1048601,1048601,-1,0,0,0,2,0,0,0,0,1,1,0,1,1,1,1,1,1,1,1
stable-group,random,13,117,9014,terminal-unfenced-suffix,1048601,1048601,-1,0,0,0,3,0,0,0,0,1,1,0,1,1,1,1,1,1,1,1
stable-group,random,13,117,9014,terminal-unfenced-suffix,1048601,1048601,-1,0,0,0,4,0,0,0,0,1,1,0,1,1,1,1,1,1,1,1
stable-group,random,13,117,9014,terminal-unfenced-suffix,1048601,1048601,-1,0,0,0,5,0,0,0,0,1,1,0,1,1,1,1,1,1,1,1
stable-group,random,13,117,9014,terminal-unfenced-suffix,1048601,1048601,-1,0,0,0,6,0,0,0,0,1,1,0,1,1,1,1,1,1,1,1
stable-group,random,13,117,9014,terminal-unfenced-suffix,1048601,1048601,-1,0,0,0,7,0,0,0,0,1,1,0,1,1,1,1,1,1,1,1
stable-group,random,13,117,9014,terminal-unfenced-suffix,1048601,1048601,-1,0,0,0,8,0,0,0,0,1,1,0,1,1,1,1,1,1,1,1
stable-group,random,13,117,9014,terminal-unfenced-suffix,1048601,1048601,-1,0,0,0,9,0,0,0,0,1,1,0,1,1,1,1,1,1,1,1
stable-group,random,13,117,9014,terminal-unfenced-suffix,1048601,1048601,-1,0,0,0,10,0,0,0,0,1,1,0,1,1,1,1,1,1,1,1
stable-group,random,13,117,9014,terminal-unfenced-suffix,1048601,1048601,-1,0,0,0,11,0,0,0,0,1,1,0,1,1,1,1,1,1,1,1
strict-hot,hot,13,117,45014,fence-after-sync-before-publish,2097154,1048601,86,2,2,0,0,0.2,0,0,0,1,1,0,0.8,1,1,1,1,1,1,1
strict-hot,hot,13,117,45014,fence-after-sync-before-publish,2097154,1048601,86,2,2,0,1,0,0,0,0,1,1,0,1,1,1,1,1,1,1,1
strict-hot,hot,13,117,45014,fence-after-sync-before-publish,2097154,1048601,86,2,2,0,2,0,0,0,0,1,1,0,1,1,1,1,1,1,1,1
strict-hot,hot,13,117,45014,fence-after-sync-before-publish,2097154,1048601,86,2,2,0,3,0,0,0,0,1,1,0,1,1,1,1,1,1,1,1
strict-hot,hot,13,117,45014,fence-after-sync-before-publish,2097154,1048601,86,2,2,0,4,0.2,0,0,0,1,1,0,0.8,1,1,1,1,1,1,1
strict-hot,hot,13,117,45014,fence-after-sync-before-publish,2097154,1048601,86,2,2,0,5,0,0,0,0,1,1,0,1,1,1,1,1,1,1,1
strict-hot,hot,13,117,45014,fence-after-sync-before-publish,2097154,1048601,86,2,2,0,6,0,0,0,0,1,1,0,1,1,1,1,1,1,1,1
strict-hot,hot,13,117,45014,fence-after-sync-before-publish,2097154,1048601,86,2,2,0,7,0,0,0,0,1,1,0,1,1,1,1,1,1,1,1
strict-hot,hot,13,117,45014,fence-after-sync-before-publish,2097154,1048601,86,2,2,0,8,0.2,0,0,0,1,1,0,0.8,1,1,1,1,1,1,1
strict-hot,hot,13,117,45014,fence-after-sync-before-publish,2097154,1048601,86,2,2,0,9,0,0,0,0,1,1,0,1,1,1,1,1,1,1,1
strict-hot,hot,13,117,45014,fence-after-sync-before-publish,2097154,1048601,86,2,2,0,10,0,0,0,0,1,1,0,1,1,1,1,1,1,1,1
strict-hot,hot,13,117,45014,fence-after-sync-before-publish,2097154,1048601,86,2,2,0,11,0,0,0,0,1,1,0,1,1,1,1,1,1,1,1
fixed-count,random,13,100,9014,terminal-unfenced-suffix,1048601,1048600,-1,1,0,1,0,0,0,0,0,1,1,0,1,1,1,1,1,1,1,1
fixed-count,random,13,100,9014,terminal-unfenced-suffix,1048601,1048600,-1,1,0,1,1,0,0,0,0,1,1,0,1,1,1,1,1,1,1,1
fixed-count,random,13,100,9014,terminal-unfenced-suffix,1048601,1048600,-1,1,0,1,2,0,0,0,0,1,1,0,1,1,1,1,1,1,1,1
fixed-count,random,13,100,9014,terminal-unfenced-suffix,1048601,1048600,-1,1,0,1,3,0,0,0,0,1,1,0,1,1,1,1,1,1,1,1
fixed-count,random,13,100,9014,terminal-unfenced-suffix,1048601,1048600,-1,1,0,1,4,0,0,0,0,1,1,0,1,1,1,1,1,1,1,1
fixed-count,random,13,100,9014,terminal-unfenced-suffix,1048601,1048600,-1,1,0,1,5,0,0,0,0,1,1,0,1,1,1,1,1,1,1,1
fixed-count,random,13,100,9014,terminal-unfenced-suffix,1048601,1048600,-1,1,0,1,6,0,0,0,0,1,1,0,1,1,1,1,1,1,1,1
fixed-count,random,13,100,9014,terminal-unfenced-suffix,1048601,1048600,-1,1,0,1,7,0,0,0,0,1,1,0,1,1,1,1,1,1,1,1
fixed-count,random,13,100,9014,terminal-unfenced-suffix,1048601,1048600,-1,1,0,1,8,0,0,0,0,1,1,0,1,1,1,1,1,1,1,1
fixed-count,random,13,100,9014,terminal-unfenced-suffix,1048601,1048600,-1,1,0,1,9,0,0,0,0,1,1,0,1,1,1,1,1,1,1,1
fixed-count,random,13,100,9014,terminal-unfenced-suffix,1048601,1048600,-1,1,0,1,10,0,0,0,0,1,1,0,1,1,1,1,1,1,1,1
fixed-count,random,13,100,9014,terminal-unfenced-suffix,1048601,1048600,-1,1,0,1,11,0,0,0,0,1,1,0,1,1,1,1,1,1,1,1
fixed-time,random,13,117,9014,terminal-unfenced-suffix,1048601,1048601,-1,0,0,0,0,0,0,0,0,1,1,0,1,1,1,1,1,1,1,1
fixed-time,random,13,117,9014,terminal-unfenced-suffix,1048601,1048601,-1,0,0,0,1,0,0,0,0,1,1,0,1,1,1,1,1,1,1,1
fixed-time,random,13,117,9014,terminal-unfenced-suffix,1048601,1048601,-1,0,0,0,2,0,0,0,0,1,1,0,1,1,1,1,1,1,1,1
fixed-time,random,13,117,9014,terminal-unfenced-suffix,1048601,1048601,-1,0,0,0,3,0,0,0,0,1,1,0,1,1,1,1,1,1,1,1
fixed-time,random,13,117,9014,terminal-unfenced-suffix,1048601,1048601,-1,0,0,0,4,0,0,0,0,1,1,0,1,1,1,1,1,1,1,1
fixed-time,random,13,117,9014,terminal-unfenced-suffix,1048601,1048601,-1,0,0,0,5,0,0,0,0,1,1,0,1,1,1,1,1,1,1,1
fixed-time,random,13,117,9014,terminal-unfenced-suffix,1048601,1048601,-1,0,0,0,6,0,0,0,0,1,1,0,1,1,1,1,1,1,1,1
fixed-time,random,13,117,9014,terminal-unfenced-suffix,1048601,1048601,-1,0,0,0,7,0,0,0,0,1,1,0,1,1,1,1,1,1,1,1
fixed-time,random,13,117,9014,terminal-unfenced-suffix,1048601,1048601,-1,0,0,0,8,0,0,0,0,1,1,0,1,1,1,1,1,1,1,1
fixed-time,random,13,117,9014,terminal-unfenced-suffix,1048601,1048601,-1,0,0,0,9,0,0,0,0,1,1,0,1,1,1,1,1,1,1,1
fixed-time,random,13,117,9014,terminal-unfenced-suffix,1048601,1048601,-1,0,0,0,10,0,0,0,0,1,1,0,1,1,1,1,1,1,1,1
fixed-time,random,13,117,9014,terminal-unfenced-suffix,1048601,1048601,-1,0,0,0,11,0,0,0,0,1,1,0,1,1,1,1,1,1,1,1
exchange-hot-guard,hot,13,100,45014,terminal-unfenced-suffix,1048601,1048601,-1,0,0,0,0,0,0,0,0,1,1,0,1,1,1,1,1,1,1,1
exchange-hot-guard,hot,13,100,45014,terminal-unfenced-suffix,1048601,1048601,-1,0,0,0,1,0,0,0,0,1,1,0,1,1,1,1,1,1,1,1
exchange-hot-guard,hot,13,100,45014,terminal-unfenced-suffix,1048601,1048601,-1,0,0,0,2,0,0,0,0,1,1,0,1,1,1,1,1,1,1,1
exchange-hot-guard,hot,13,100,45014,terminal-unfenced-suffix,1048601,1048601,-1,0,0,0,3,0,0,0,0,1,1,0,1,1,1,1,1,1,1,1
exchange-hot-guard,hot,13,100,45014,terminal-unfenced-suffix,1048601,1048601,-1,0,0,0,4,0,0,0,0,1,1,0,1,1,1,1,1,1,1,1
exchange-hot-guard,hot,13,100,45014,terminal-unfenced-suffix,1048601,1048601,-1,0,0,0,5,0,0,0,0,1,1,0,1,1,1,1,1,1,1,1
exchange-hot-guard,hot,13,100,45014,terminal-unfenced-suffix,1048601,1048601,-1,0,0,0,6,0,0,0,0,1,1,0,1,1,1,1,1,1,1,1
exchange-hot-guard,hot,13,100,45014,terminal-unfenced-suffix,1048601,1048601,-1,0,0,0,7,0,0,0,0,1,1,0,1,1,1,1,1,1,1,1
exchange-hot-guard,hot,13,100,45014,terminal-unfenced-suffix,1048601,1048601,-1,0,0,0,8,0,0,0,0,1,1,0,1,1,1,1,1,1,1,1
exchange-hot-guard,hot,13,100,45014,terminal-unfenced-suffix,1048601,1048601,-1,0,0,0,9,0,0,0,0,1,1,0,1,1,1,1,1,1,1,1
exchange-hot-guard,hot,13,100,45014,terminal-unfenced-suffix,1048601,1048601,-1,0,0,0,10,0,0,0,0,1,1,0,1,1,1,1,1,1,1,1
exchange-hot-guard,hot,13,100,45014,terminal-unfenced-suffix,1048601,1048601,-1,0,0,0,11,0,0,0,0,1,1,0,1,1,1,1,1,1,1,1
exchange-hot,hot,13,117,45014,terminal-unfenced-suffix,1048601,1048592,-1,9,0,9,0,0.3,0.3,0.3,5.55112e-17,1,0.7,0.3,1,1,1,1,1,1,1,1
exchange-hot,hot,13,117,45014,terminal-unfenced-suffix,1048601,1048592,-1,9,0,9,1,0.2,0.2,0.2,0,1,0.8,0.2,1,1,1,1,1,1,1,1
exchange-hot,hot,13,117,45014,terminal-unfenced-suffix,1048601,1048592,-1,9,0,9,2,0.2,0.2,0.2,0,1,0.8,0.2,1,1,1,1,1,1,1,1
exchange-hot,hot,13,117,45014,terminal-unfenced-suffix,1048601,1048592,-1,9,0,9,3,0.2,0.2,0.2,0,1,0.8,0.2,1,1,1,1,1,1,1,1
exchange-hot,hot,13,117,45014,terminal-unfenced-suffix,1048601,1048592,-1,9,0,9,4,0.3,0.3,0.3,5.55112e-17,1,0.7,0.3,1,1,1,1,1,1,1,1
exchange-hot,hot,13,117,45014,terminal-unfenced-suffix,1048601,1048592,-1,9,0,9,5,0.2,0.2,0.2,0,1,0.8,0.2,1,1,1,1,1,1,1,1
exchange-hot,hot,13,117,45014,terminal-unfenced-suffix,1048601,1048592,-1,9,0,9,6,0.2,0.2,0.2,0,1,0.8,0.2,1,1,1,1,1,1,1,1
exchange-hot,hot,13,117,45014,terminal-unfenced-suffix,1048601,1048592,-1,9,0,9,7,0.2,0.2,0.2,0,1,0.8,0.2,1,1,1,1,1,1,1,1
exchange-hot,hot,13,117,45014,terminal-unfenced-suffix,1048601,1048592,-1,9,0,9,8,0.3,0.3,0.3,5.55112e-17,1,0.7,0.3,1,1,1,1,1,1,1,1
exchange-hot,hot,13,117,45014,terminal-unfenced-suffix,1048601,1048592,-1,9,0,9,9,0.2,0.2,0.2,0,1,0.8,0.2,1,1,1,1,1,1,1,1
exchange-hot,hot,13,117,45014,terminal-unfenced-suffix,1048601,1048592,-1,9,0,9,10,0.2,0.2,0.2,0,1,0.8,0.2,1,1,1,1,1,1,1,1
exchange-hot,hot,13,117,45014,terminal-unfenced-suffix,1048601,1048592,-1,9,0,9,11,0.2,0.2,0.2,0,1,0.8,0.2,1,1,1,1,1,1,1,1
strict-random,random,13,100,9014,strict-cap-before-fence,2097154,1048601,87,2,0,2,0,0.2,0.2,0.2,0,1,0.8,0.2,1,1,1,1,1,1,1,1
strict-random,random,13,100,9014,strict-cap-before-fence,2097154,1048601,87,2,0,2,1,0,0,0,0,1,1,0,1,1,1,1,1,1,1,1
strict-random,random,13,100,9014,strict-cap-before-fence,2097154,1048601,87,2,0,2,2,0,0,0,0,1,1,0,1,1,1,1,1,1,1,1
strict-random,random,13,100,9014,strict-cap-before-fence,2097154,1048601,87,2,0,2,3,0,0,0,0,1,1,0,1,1,1,1,1,1,1,1
strict-random,random,13,100,9014,strict-cap-before-fence,2097154,1048601,87,2,0,2,4,0,0,0,0,1,1,0,1,1,1,1,1,1,1,1
strict-random,random,13,100,9014,strict-cap-before-fence,2097154,1048601,87,2,0,2,5,0,0,0,0,1,1,0,1,1,1,1,1,1,1,1
strict-random,random,13,100,9014,strict-cap-before-fence,2097154,1048601,87,2,0,2,6,0,0,0,0,1,1,0,1,1,1,1,1,1,1,1
strict-random,random,13,100,9014,strict-cap-before-fence,2097154,1048601,87,2,0,2,7,0,0,0,0,1,1,0,1,1,1,1,1,1,1,1
strict-random,random,13,100,9014,strict-cap-before-fence,2097154,1048601,87,2,0,2,8,0,0,0,0,1,1,0,1,1,1,1,1,1,1,1
strict-random,random,13,100,9014,strict-cap-before-fence,2097154,1048601,87,2,0,2,9,0,0,0,0,1,1,0,1,1,1,1,1,1,1,1
strict-random,random,13,100,9014,strict-cap-before-fence,2097154,1048601,87,2,0,2,10,0,0,0,0,1,1,0,1,1,1,1,1,1,1,1
strict-random,random,13,100,9014,strict-cap-before-fence,2097154,1048601,87,2,0,2,11,0,0,0,0,1,1,0,1,1,1,1,1,1,1,1
fixed-time,random,14,100,9015,terminal-unfenced-suffix,1048601,1048601,-1,0,0,0,0,0,0,0,0,1,1,0,1,1,1,1,1,1,1,1
fixed-time,random,14,100,9015,terminal-unfenced-suffix,1048601,1048601,-1,0,0,0,1,0,0,0,0,1,1,0,1,1,1,1,1,1,1,1
fixed-time,random,14,100,9015,terminal-unfenced-suffix,1048601,1048601,-1,0,0,0,2,0,0,0,0,1,1,0,1,1,1,1,1,1,1,1
fixed-time,random,14,100,9015,terminal-unfenced-suffix,1048601,1048601,-1,0,0,0,3,0,0,0,0,1,1,0,1,1,1,1,1,1,1,1
fixed-time,random,14,100,9015,terminal-unfenced-suffix,1048601,1048601,-1,0,0,0,4,0,0,0,0,1,1,0,1,1,1,1,1,1,1,1
fixed-time,random,14,100,9015,terminal-unfenced-suffix,1048601,1048601,-1,0,0,0,5,0,0,0,0,1,1,0,1,1,1,1,1,1,1,1
fixed-time,random,14,100,9015,terminal-unfenced-suffix,1048601,1048601,-1,0,0,0,6,0,0,0,0,1,1,0,1,1,1,1,1,1,1,1
fixed-time,random,14,100,9015,terminal-unfenced-suffix,1048601,1048601,-1,0,0,0,7,0,0,0,0,1,1,0,1,1,1,1,1,1,1,1
fixed-time,random,14,100,9015,terminal-unfenced-suffix,1048601,1048601,-1,0,0,0,8,0,0,0,0,1,1,0,1,1,1,1,1,1,1,1
fixed-time,random,14,100,9015,terminal-unfenced-suffix,1048601,1048601,-1,0,0,0,9,0,0,0,0,1,1,0,1,1,1,1,1,1,1,1
fixed-time,random,14,100,9015,terminal-unfenced-suffix,1048601,1048601,-1,0,0,0,10,0,0,0,0,1,1,0,1,1,1,1,1,1,1,1
fixed-time,random,14,100,9015,terminal-unfenced-suffix,1048601,1048601,-1,0,0,0,11,0,0,0,0,1,1,0,1,1,1,1,1,1,1,1
strict-hot,hot,14,100,45015,fence-after-sync-before-publish,2097154,1048601,86,2,2,0,0,0.2,0,0,0,1,1,0,0.8,1,1,1,1,1,1,1
strict-hot,hot,14,100,45015,fence-after-sync-before-publish,2097154,1048601,86,2,2,0,1,0,0,0,0,1,1,0,1,1,1,1,1,1,1,1
strict-hot,hot,14,100,45015,fence-after-sync-before-publish,2097154,1048601,86,2,2,0,2,0,0,0,0,1,1,0,1,1,1,1,1,1,1,1
strict-hot,hot,14,100,45015,fence-after-sync-before-publish,2097154,1048601,86,2,2,0,3,0,0,0,0,1,1,0,1,1,1,1,1,1,1,1
strict-hot,hot,14,100,45015,fence-after-sync-before-publish,2097154,1048601,86,2,2,0,4,0.2,0,0,0,1,1,0,0.8,1,1,1,1,1,1,1
strict-hot,hot,14,100,45015,fence-after-sync-before-publish,2097154,1048601,86,2,2,0,5,0,0,0,0,1,1,0,1,1,1,1,1,1,1,1
strict-hot,hot,14,100,45015,fence-after-sync-before-publish,2097154,1048601,86,2,2,0,6,0,0,0,0,1,1,0,1,1,1,1,1,1,1,1
strict-hot,hot,14,100,45015,fence-after-sync-before-publish,2097154,1048601,86,2,2,0,7,0,0,0,0,1,1,0,1,1,1,1,1,1,1,1
strict-hot,hot,14,100,45015,fence-after-sync-before-publish,2097154,1048601,86,2,2,0,8,0.2,0,0,0,1,1,0,0.8,1,1,1,1,1,1,1
strict-hot,hot,14,100,45015,fence-after-sync-before-publish,2097154,1048601,86,2,2,0,9,0,0,0,0,1,1,0,1,1,1,1,1,1,1,1
strict-hot,hot,14,100,45015,fence-after-sync-before-publish,2097154,1048601,86,2,2,0,10,0,0,0,0,1,1,0,1,1,1,1,1,1,1,1
strict-hot,hot,14,100,45015,fence-after-sync-before-publish,2097154,1048601,86,2,2,0,11,0,0,0,0,1,1,0,1,1,1,1,1,1,1,1
fixed-count,random,14,117,9015,terminal-unfenced-suffix,1048601,1048600,-1,1,0,1,0,0.1,0.1,0.1,0,1,0.9,0.1,1,1,1,1,1,1,1,1
fixed-count,random,14,117,9015,terminal-unfenced-suffix,1048601,1048600,-1,1,0,1,1,0,0,0,0,1,1,0,1,1,1,1,1,1,1,1
fixed-count,random,14,117,9015,terminal-unfenced-suffix,1048601,1048600,-1,1,0,1,2,0,0,0,0,1,1,0,1,1,1,1,1,1,1,1
fixed-count,random,14,117,9015,terminal-unfenced-suffix,1048601,1048600,-1,1,0,1,3,0,0,0,0,1,1,0,1,1,1,1,1,1,1,1
fixed-count,random,14,117,9015,terminal-unfenced-suffix,1048601,1048600,-1,1,0,1,4,0.1,0.1,0.1,0,1,0.9,0.1,1,1,1,1,1,1,1,1
fixed-count,random,14,117,9015,terminal-unfenced-suffix,1048601,1048600,-1,1,0,1,5,0,0,0,0,1,1,0,1,1,1,1,1,1,1,1
fixed-count,random,14,117,9015,terminal-unfenced-suffix,1048601,1048600,-1,1,0,1,6,0,0,0,0,1,1,0,1,1,1,1,1,1,1,1
fixed-count,random,14,117,9015,terminal-unfenced-suffix,1048601,1048600,-1,1,0,1,7,0,0,0,0,1,1,0,1,1,1,1,1,1,1,1
fixed-count,random,14,117,9015,terminal-unfenced-suffix,1048601,1048600,-1,1,0,1,8,0,0,0,0,1,1,0,1,1,1,1,1,1,1,1
fixed-count,random,14,117,9015,terminal-unfenced-suffix,1048601,1048600,-1,1,0,1,9,0,0,0,0,1,1,0,1,1,1,1,1,1,1,1
fixed-count,random,14,117,9015,terminal-unfenced-suffix,1048601,1048600,-1,1,0,1,10,0,0,0,0,1,1,0,1,1,1,1,1,1,1,1
fixed-count,random,14,117,9015,terminal-unfenced-suffix,1048601,1048600,-1,1,0,1,11,0,0,0,0,1,1,0,1,1,1,1,1,1,1,1
exchange-hot,hot,14,100,45015,terminal-unfenced-suffix,1048601,1048592,-1,9,0,9,0,0.3,0.3,0.3,5.55112e-17,1,0.7,0.3,1,1,1,1,1,1,1,1
exchange-hot,hot,14,100,45015,terminal-unfenced-suffix,1048601,1048592,-1,9,0,9,1,0.2,0.2,0.2,0,1,0.8,0.2,1,1,1,1,1,1,1,1
exchange-hot,hot,14,100,45015,terminal-unfenced-suffix,1048601,1048592,-1,9,0,9,2,0.2,0.2,0.2,0,1,0.8,0.2,1,1,1,1,1,1,1,1
exchange-hot,hot,14,100,45015,terminal-unfenced-suffix,1048601,1048592,-1,9,0,9,3,0.2,0.2,0.2,0,1,0.8,0.2,1,1,1,1,1,1,1,1
exchange-hot,hot,14,100,45015,terminal-unfenced-suffix,1048601,1048592,-1,9,0,9,4,0.3,0.3,0.3,5.55112e-17,1,0.7,0.3,1,1,1,1,1,1,1,1
exchange-hot,hot,14,100,45015,terminal-unfenced-suffix,1048601,1048592,-1,9,0,9,5,0.2,0.2,0.2,0,1,0.8,0.2,1,1,1,1,1,1,1,1
exchange-hot,hot,14,100,45015,terminal-unfenced-suffix,1048601,1048592,-1,9,0,9,6,0.2,0.2,0.2,0,1,0.8,0.2,1,1,1,1,1,1,1,1
exchange-hot,hot,14,100,45015,terminal-unfenced-suffix,1048601,1048592,-1,9,0,9,7,0.2,0.2,0.2,0,1,0.8,0.2,1,1,1,1,1,1,1,1
exchange-hot,hot,14,100,45015,terminal-unfenced-suffix,1048601,1048592,-1,9,0,9,8,0.3,0.3,0.3,5.55112e-17,1,0.7,0.3,1,1,1,1,1,1,1,1
exchange-hot,hot,14,100,45015,terminal-unfenced-suffix,1048601,1048592,-1,9,0,9,9,0.2,0.2,0.2,0,1,0.8,0.2,1,1,1,1,1,1,1,1
exchange-hot,hot,14,100,45015,terminal-unfenced-suffix,1048601,1048592,-1,9,0,9,10,0.2,0.2,0.2,0,1,0.8,0.2,1,1,1,1,1,1,1,1
exchange-hot,hot,14,100,45015,terminal-unfenced-suffix,1048601,1048592,-1,9,0,9,11,0.2,0.2,0.2,0,1,0.8,0.2,1,1,1,1,1,1,1,1
exchange-hot-guard,hot,14,117,45015,terminal-unfenced-suffix,1048601,1048601,-1,0,0,0,0,0,0,0,0,1,1,0,1,1,1,1,1,1,1,1
exchange-hot-guard,hot,14,117,45015,terminal-unfenced-suffix,1048601,1048601,-1,0,0,0,1,0,0,0,0,1,1,0,1,1,1,1,1,1,1,1
exchange-hot-guard,hot,14,117,45015,terminal-unfenced-suffix,1048601,1048601,-1,0,0,0,2,0,0,0,0,1,1,0,1,1,1,1,1,1,1,1
exchange-hot-guard,hot,14,117,45015,terminal-unfenced-suffix,1048601,1048601,-1,0,0,0,3,0,0,0,0,1,1,0,1,1,1,1,1,1,1,1
exchange-hot-guard,hot,14,117,45015,terminal-unfenced-suffix,1048601,1048601,-1,0,0,0,4,0,0,0,0,1,1,0,1,1,1,1,1,1,1,1
exchange-hot-guard,hot,14,117,45015,terminal-unfenced-suffix,1048601,1048601,-1,0,0,0,5,0,0,0,0,1,1,0,1,1,1,1,1,1,1,1
exchange-hot-guard,hot,14,117,45015,terminal-unfenced-suffix,1048601,1048601,-1,0,0,0,6,0,0,0,0,1,1,0,1,1,1,1,1,1,1,1
exchange-hot-guard,hot,14,117,45015,terminal-unfenced-suffix,1048601,1048601,-1,0,0,0,7,0,0,0,0,1,1,0,1,1,1,1,1,1,1,1
exchange-hot-guard,hot,14,117,45015,terminal-unfenced-suffix,1048601,1048601,-1,0,0,0,8,0,0,0,0,1,1,0,1,1,1,1,1,1,1,1
exchange-hot-guard,hot,14,117,45015,terminal-unfenced-suffix,1048601,1048601,-1,0,0,0,9,0,0,0,0,1,1,0,1,1,1,1,1,1,1,1
exchange-hot-guard,hot,14,117,45015,terminal-unfenced-suffix,1048601,1048601,-1,0,0,0,10,0,0,0,0,1,1,0,1,1,1,1,1,1,1,1
exchange-hot-guard,hot,14,117,45015,terminal-unfenced-suffix,1048601,1048601,-1,0,0,0,11,0,0,0,0,1,1,0,1,1,1,1,1,1,1,1
exchange-random,random,14,117,9015,terminal-unfenced-suffix,1048601,1048592,-1,9,0,9,0,0.1,0.1,0.1,0,1,0.9,0.1,1,1,1,1,1,1,1,1
exchange-random,random,14,117,9015,terminal-unfenced-suffix,1048601,1048592,-1,9,0,9,1,0,0,0,0,1,1,0,1,1,1,1,1,1,1,1
exchange-random,random,14,117,9015,terminal-unfenced-suffix,1048601,1048592,-1,9,0,9,2,0,0,0,0,1,1,0,1,1,1,1,1,1,1,1
exchange-random,random,14,117,9015,terminal-unfenced-suffix,1048601,1048592,-1,9,0,9,3,0,0,0,0,1,1,0,1,1,1,1,1,1,1,1
exchange-random,random,14,117,9015,terminal-unfenced-suffix,1048601,1048592,-1,9,0,9,4,0.1,0.1,0.1,0,1,0.9,0.1,1,1,1,1,1,1,1,1
exchange-random,random,14,117,9015,terminal-unfenced-suffix,1048601,1048592,-1,9,0,9,5,0.1,0.1,0.1,0,1,0.9,0.1,1,1,1,1,1,1,1,1
exchange-random,random,14,117,9015,terminal-unfenced-suffix,1048601,1048592,-1,9,0,9,6,0,0,0,0,1,1,0,1,1,1,1,1,1,1,1
exchange-random,random,14,117,9015,terminal-unfenced-suffix,1048601,1048592,-1,9,0,9,7,0,0,0,0,1,1,0,1,1,1,1,1,1,1,1
exchange-random,random,14,117,9015,terminal-unfenced-suffix,1048601,1048592,-1,9,0,9,8,0,0,0,0,1,1,0,1,1,1,1,1,1,1,1
exchange-random,random,14,117,9015,terminal-unfenced-suffix,1048601,1048592,-1,9,0,9,9,0,0,0,0,1,1,0,1,1,1,1,1,1,1,1
exchange-random,random,14,117,9015,terminal-unfenced-suffix,1048601,1048592,-1,9,0,9,10,0.1,0.1,0.1,0,1,0.9,0.1,1,1,1,1,1,1,1,1
exchange-random,random,14,117,9015,terminal-unfenced-suffix,1048601,1048592,-1,9,0,9,11,0,0,0,0,1,1,0,1,1,1,1,1,1,1,1
strict-random,random,14,117,9015,strict-cap-before-fence,2097154,1048601,87,2,0,2,0,0.2,0.2,0.2,0,1,0.8,0.2,1,1,1,1,1,1,1,1
strict-random,random,14,117,9015,strict-cap-before-fence,2097154,1048601,87,2,0,2,1,0,0,0,0,1,1,0,1,1,1,1,1,1,1,1
strict-random,random,14,117,9015,strict-cap-before-fence,2097154,1048601,87,2,0,2,2,0,0,0,0,1,1,0,1,1,1,1,1,1,1,1
strict-random,random,14,117,9015,strict-cap-before-fence,2097154,1048601,87,2,0,2,3,0,0,0,0,1,1,0,1,1,1,1,1,1,1,1
strict-random,random,14,117,9015,strict-cap-before-fence,2097154,1048601,87,2,0,2,4,0,0,0,0,1,1,0,1,1,1,1,1,1,1,1
strict-random,random,14,117,9015,strict-cap-before-fence,2097154,1048601,87,2,0,2,5,0,0,0,0,1,1,0,1,1,1,1,1,1,1,1
strict-random,random,14,117,9015,strict-cap-before-fence,2097154,1048601,87,2,0,2,6,0,0,0,0,1,1,0,1,1,1,1,1,1,1,1
strict-random,random,14,117,9015,strict-cap-before-fence,2097154,1048601,87,2,0,2,7,0,0,0,0,1,1,0,1,1,1,1,1,1,1,1
strict-random,random,14,117,9015,strict-cap-before-fence,2097154,1048601,87,2,0,2,8,0,0,0,0,1,1,0,1,1,1,1,1,1,1,1
strict-random,random,14,117,9015,strict-cap-before-fence,2097154,1048601,87,2,0,2,9,0,0,0,0,1,1,0,1,1,1,1,1,1,1,1
strict-random,random,14,117,9015,strict-cap-before-fence,2097154,1048601,87,2,0,2,10,0,0,0,0,1,1,0,1,1,1,1,1,1,1,1
strict-random,random,14,117,9015,strict-cap-before-fence,2097154,1048601,87,2,0,2,11,0,0,0,0,1,1,0,1,1,1,1,1,1,1,1
stable-group,random,14,100,9015,terminal-unfenced-suffix,1048601,1048601,-1,0,0,0,0,0,0,0,0,1,1,0,1,1,1,1,1,1,1,1
stable-group,random,14,100,9015,terminal-unfenced-suffix,1048601,1048601,-1,0,0,0,1,0,0,0,0,1,1,0,1,1,1,1,1,1,1,1
stable-group,random,14,100,9015,terminal-unfenced-suffix,1048601,1048601,-1,0,0,0,2,0,0,0,0,1,1,0,1,1,1,1,1,1,1,1
stable-group,random,14,100,9015,terminal-unfenced-suffix,1048601,1048601,-1,0,0,0,3,0,0,0,0,1,1,0,1,1,1,1,1,1,1,1
stable-group,random,14,100,9015,terminal-unfenced-suffix,1048601,1048601,-1,0,0,0,4,0,0,0,0,1,1,0,1,1,1,1,1,1,1,1
stable-group,random,14,100,9015,terminal-unfenced-suffix,1048601,1048601,-1,0,0,0,5,0,0,0,0,1,1,0,1,1,1,1,1,1,1,1
stable-group,random,14,100,9015,terminal-unfenced-suffix,1048601,1048601,-1,0,0,0,6,0,0,0,0,1,1,0,1,1,1,1,1,1,1,1
stable-group,random,14,100,9015,terminal-unfenced-suffix,1048601,1048601,-1,0,0,0,7,0,0,0,0,1,1,0,1,1,1,1,1,1,1,1
stable-group,random,14,100,9015,terminal-unfenced-suffix,1048601,1048601,-1,0,0,0,8,0,0,0,0,1,1,0,1,1,1,1,1,1,1,1
stable-group,random,14,100,9015,terminal-unfenced-suffix,1048601,1048601,-1,0,0,0,9,0,0,0,0,1,1,0,1,1,1,1,1,1,1,1
stable-group,random,14,100,9015,terminal-unfenced-suffix,1048601,1048601,-1,0,0,0,10,0,0,0,0,1,1,0,1,1,1,1,1,1,1,1
stable-group,random,14,100,9015,terminal-unfenced-suffix,1048601,1048601,-1,0,0,0,11,0,0,0,0,1,1,0,1,1,1,1,1,1,1,1
fixed-time,random,15,117,9016,terminal-unfenced-suffix,1048601,1048601,-1,0,0,0,0,0,0,0,0,1,1,0,1,1,1,1,1,1,1,1
fixed-time,random,15,117,9016,terminal-unfenced-suffix,1048601,1048601,-1,0,0,0,1,0,0,0,0,1,1,0,1,1,1,1,1,1,1,1
fixed-time,random,15,117,9016,terminal-unfenced-suffix,1048601,1048601,-1,0,0,0,2,0,0,0,0,1,1,0,1,1,1,1,1,1,1,1
fixed-time,random,15,117,9016,terminal-unfenced-suffix,1048601,1048601,-1,0,0,0,3,0,0,0,0,1,1,0,1,1,1,1,1,1,1,1
fixed-time,random,15,117,9016,terminal-unfenced-suffix,1048601,1048601,-1,0,0,0,4,0,0,0,0,1,1,0,1,1,1,1,1,1,1,1
fixed-time,random,15,117,9016,terminal-unfenced-suffix,1048601,1048601,-1,0,0,0,5,0,0,0,0,1,1,0,1,1,1,1,1,1,1,1
fixed-time,random,15,117,9016,terminal-unfenced-suffix,1048601,1048601,-1,0,0,0,6,0,0,0,0,1,1,0,1,1,1,1,1,1,1,1
fixed-time,random,15,117,9016,terminal-unfenced-suffix,1048601,1048601,-1,0,0,0,7,0,0,0,0,1,1,0,1,1,1,1,1,1,1,1
fixed-time,random,15,117,9016,terminal-unfenced-suffix,1048601,1048601,-1,0,0,0,8,0,0,0,0,1,1,0,1,1,1,1,1,1,1,1
fixed-time,random,15,117,9016,terminal-unfenced-suffix,1048601,1048601,-1,0,0,0,9,0,0,0,0,1,1,0,1,1,1,1,1,1,1,1
fixed-time,random,15,117,9016,terminal-unfenced-suffix,1048601,1048601,-1,0,0,0,10,0,0,0,0,1,1,0,1,1,1,1,1,1,1,1
fixed-time,random,15,117,9016,terminal-unfenced-suffix,1048601,1048601,-1,0,0,0,11,0,0,0,0,1,1,0,1,1,1,1,1,1,1,1
fixed-count,random,15,100,9016,terminal-unfenced-suffix,1048601,1048600,-1,1,0,1,0,0,0,0,0,1,1,0,1,1,1,1,1,1,1,1
fixed-count,random,15,100,9016,terminal-unfenced-suffix,1048601,1048600,-1,1,0,1,1,0,0,0,0,1,1,0,1,1,1,1,1,1,1,1
fixed-count,random,15,100,9016,terminal-unfenced-suffix,1048601,1048600,-1,1,0,1,2,0,0,0,0,1,1,0,1,1,1,1,1,1,1,1
fixed-count,random,15,100,9016,terminal-unfenced-suffix,1048601,1048600,-1,1,0,1,3,0.1,0.1,0.1,0,1,0.9,0.1,1,1,1,1,1,1,1,1
fixed-count,random,15,100,9016,terminal-unfenced-suffix,1048601,1048600,-1,1,0,1,4,0,0,0,0,1,1,0,1,1,1,1,1,1,1,1
fixed-count,random,15,100,9016,terminal-unfenced-suffix,1048601,1048600,-1,1,0,1,5,0,0,0,0,1,1,0,1,1,1,1,1,1,1,1
fixed-count,random,15,100,9016,terminal-unfenced-suffix,1048601,1048600,-1,1,0,1,6,0,0,0,0,1,1,0,1,1,1,1,1,1,1,1
fixed-count,random,15,100,9016,terminal-unfenced-suffix,1048601,1048600,-1,1,0,1,7,0,0,0,0,1,1,0,1,1,1,1,1,1,1,1
fixed-count,random,15,100,9016,terminal-unfenced-suffix,1048601,1048600,-1,1,0,1,8,0,0,0,0,1,1,0,1,1,1,1,1,1,1,1
fixed-count,random,15,100,9016,terminal-unfenced-suffix,1048601,1048600,-1,1,0,1,9,0,0,0,0,1,1,0,1,1,1,1,1,1,1,1
fixed-count,random,15,100,9016,terminal-unfenced-suffix,1048601,1048600,-1,1,0,1,10,0,0,0,0,1,1,0,1,1,1,1,1,1,1,1
fixed-count,random,15,100,9016,terminal-unfenced-suffix,1048601,1048600,-1,1,0,1,11,0,0,0,0,1,1,0,1,1,1,1,1,1,1,1
strict-hot,hot,15,117,45016,fence-after-sync-before-publish,2097154,1048601,86,2,2,0,0,0.2,0,0,0,1,1,0,0.8,1,1,1,1,1,1,1
strict-hot,hot,15,117,45016,fence-after-sync-before-publish,2097154,1048601,86,2,2,0,1,0,0,0,0,1,1,0,1,1,1,1,1,1,1,1
strict-hot,hot,15,117,45016,fence-after-sync-before-publish,2097154,1048601,86,2,2,0,2,0,0,0,0,1,1,0,1,1,1,1,1,1,1,1
strict-hot,hot,15,117,45016,fence-after-sync-before-publish,2097154,1048601,86,2,2,0,3,0,0,0,0,1,1,0,1,1,1,1,1,1,1,1
strict-hot,hot,15,117,45016,fence-after-sync-before-publish,2097154,1048601,86,2,2,0,4,0.2,0,0,0,1,1,0,0.8,1,1,1,1,1,1,1
strict-hot,hot,15,117,45016,fence-after-sync-before-publish,2097154,1048601,86,2,2,0,5,0,0,0,0,1,1,0,1,1,1,1,1,1,1,1
strict-hot,hot,15,117,45016,fence-after-sync-before-publish,2097154,1048601,86,2,2,0,6,0,0,0,0,1,1,0,1,1,1,1,1,1,1,1
strict-hot,hot,15,117,45016,fence-after-sync-before-publish,2097154,1048601,86,2,2,0,7,0,0,0,0,1,1,0,1,1,1,1,1,1,1,1
strict-hot,hot,15,117,45016,fence-after-sync-before-publish,2097154,1048601,86,2,2,0,8,0.2,0,0,0,1,1,0,0.8,1,1,1,1,1,1,1
strict-hot,hot,15,117,45016,fence-after-sync-before-publish,2097154,1048601,86,2,2,0,9,0,0,0,0,1,1,0,1,1,1,1,1,1,1,1
strict-hot,hot,15,117,45016,fence-after-sync-before-publish,2097154,1048601,86,2,2,0,10,0,0,0,0,1,1,0,1,1,1,1,1,1,1,1
strict-hot,hot,15,117,45016,fence-after-sync-before-publish,2097154,1048601,86,2,2,0,11,0,0,0,0,1,1,0,1,1,1,1,1,1,1,1
strict-random,random,15,100,9016,strict-cap-before-fence,2097154,1048601,87,2,0,2,0,0.2,0.2,0.2,0,1,0.8,0.2,1,1,1,1,1,1,1,1
strict-random,random,15,100,9016,strict-cap-before-fence,2097154,1048601,87,2,0,2,1,0,0,0,0,1,1,0,1,1,1,1,1,1,1,1
strict-random,random,15,100,9016,strict-cap-before-fence,2097154,1048601,87,2,0,2,2,0,0,0,0,1,1,0,1,1,1,1,1,1,1,1
strict-random,random,15,100,9016,strict-cap-before-fence,2097154,1048601,87,2,0,2,3,0,0,0,0,1,1,0,1,1,1,1,1,1,1,1
strict-random,random,15,100,9016,strict-cap-before-fence,2097154,1048601,87,2,0,2,4,0,0,0,0,1,1,0,1,1,1,1,1,1,1,1
strict-random,random,15,100,9016,strict-cap-before-fence,2097154,1048601,87,2,0,2,5,0,0,0,0,1,1,0,1,1,1,1,1,1,1,1
strict-random,random,15,100,9016,strict-cap-before-fence,2097154,1048601,87,2,0,2,6,0,0,0,0,1,1,0,1,1,1,1,1,1,1,1
strict-random,random,15,100,9016,strict-cap-before-fence,2097154,1048601,87,2,0,2,7,0,0,0,0,1,1,0,1,1,1,1,1,1,1,1
strict-random,random,15,100,9016,strict-cap-before-fence,2097154,1048601,87,2,0,2,8,0,0,0,0,1,1,0,1,1,1,1,1,1,1,1
strict-random,random,15,100,9016,strict-cap-before-fence,2097154,1048601,87,2,0,2,9,0,0,0,0,1,1,0,1,1,1,1,1,1,1,1
strict-random,random,15,100,9016,strict-cap-before-fence,2097154,1048601,87,2,0,2,10,0,0,0,0,1,1,0,1,1,1,1,1,1,1,1
strict-random,random,15,100,9016,strict-cap-before-fence,2097154,1048601,87,2,0,2,11,0,0,0,0,1,1,0,1,1,1,1,1,1,1,1
exchange-hot-guard,hot,15,100,45016,terminal-unfenced-suffix,1048601,1048601,-1,0,0,0,0,0,0,0,0,1,1,0,1,1,1,1,1,1,1,1
exchange-hot-guard,hot,15,100,45016,terminal-unfenced-suffix,1048601,1048601,-1,0,0,0,1,0,0,0,0,1,1,0,1,1,1,1,1,1,1,1
exchange-hot-guard,hot,15,100,45016,terminal-unfenced-suffix,1048601,1048601,-1,0,0,0,2,0,0,0,0,1,1,0,1,1,1,1,1,1,1,1
exchange-hot-guard,hot,15,100,45016,terminal-unfenced-suffix,1048601,1048601,-1,0,0,0,3,0,0,0,0,1,1,0,1,1,1,1,1,1,1,1
exchange-hot-guard,hot,15,100,45016,terminal-unfenced-suffix,1048601,1048601,-1,0,0,0,4,0,0,0,0,1,1,0,1,1,1,1,1,1,1,1
exchange-hot-guard,hot,15,100,45016,terminal-unfenced-suffix,1048601,1048601,-1,0,0,0,5,0,0,0,0,1,1,0,1,1,1,1,1,1,1,1
exchange-hot-guard,hot,15,100,45016,terminal-unfenced-suffix,1048601,1048601,-1,0,0,0,6,0,0,0,0,1,1,0,1,1,1,1,1,1,1,1
exchange-hot-guard,hot,15,100,45016,terminal-unfenced-suffix,1048601,1048601,-1,0,0,0,7,0,0,0,0,1,1,0,1,1,1,1,1,1,1,1
exchange-hot-guard,hot,15,100,45016,terminal-unfenced-suffix,1048601,1048601,-1,0,0,0,8,0,0,0,0,1,1,0,1,1,1,1,1,1,1,1
exchange-hot-guard,hot,15,100,45016,terminal-unfenced-suffix,1048601,1048601,-1,0,0,0,9,0,0,0,0,1,1,0,1,1,1,1,1,1,1,1
exchange-hot-guard,hot,15,100,45016,terminal-unfenced-suffix,1048601,1048601,-1,0,0,0,10,0,0,0,0,1,1,0,1,1,1,1,1,1,1,1
exchange-hot-guard,hot,15,100,45016,terminal-unfenced-suffix,1048601,1048601,-1,0,0,0,11,0,0,0,0,1,1,0,1,1,1,1,1,1,1,1
stable-group,random,15,117,9016,terminal-unfenced-suffix,1048601,1048601,-1,0,0,0,0,0,0,0,0,1,1,0,1,1,1,1,1,1,1,1
stable-group,random,15,117,9016,terminal-unfenced-suffix,1048601,1048601,-1,0,0,0,1,0,0,0,0,1,1,0,1,1,1,1,1,1,1,1
stable-group,random,15,117,9016,terminal-unfenced-suffix,1048601,1048601,-1,0,0,0,2,0,0,0,0,1,1,0,1,1,1,1,1,1,1,1
stable-group,random,15,117,9016,terminal-unfenced-suffix,1048601,1048601,-1,0,0,0,3,0,0,0,0,1,1,0,1,1,1,1,1,1,1,1
stable-group,random,15,117,9016,terminal-unfenced-suffix,1048601,1048601,-1,0,0,0,4,0,0,0,0,1,1,0,1,1,1,1,1,1,1,1
stable-group,random,15,117,9016,terminal-unfenced-suffix,1048601,1048601,-1,0,0,0,5,0,0,0,0,1,1,0,1,1,1,1,1,1,1,1
stable-group,random,15,117,9016,terminal-unfenced-suffix,1048601,1048601,-1,0,0,0,6,0,0,0,0,1,1,0,1,1,1,1,1,1,1,1
stable-group,random,15,117,9016,terminal-unfenced-suffix,1048601,1048601,-1,0,0,0,7,0,0,0,0,1,1,0,1,1,1,1,1,1,1,1
stable-group,random,15,117,9016,terminal-unfenced-suffix,1048601,1048601,-1,0,0,0,8,0,0,0,0,1,1,0,1,1,1,1,1,1,1,1
stable-group,random,15,117,9016,terminal-unfenced-suffix,1048601,1048601,-1,0,0,0,9,0,0,0,0,1,1,0,1,1,1,1,1,1,1,1
stable-group,random,15,117,9016,terminal-unfenced-suffix,1048601,1048601,-1,0,0,0,10,0,0,0,0,1,1,0,1,1,1,1,1,1,1,1
stable-group,random,15,117,9016,terminal-unfenced-suffix,1048601,1048601,-1,0,0,0,11,0,0,0,0,1,1,0,1,1,1,1,1,1,1,1
exchange-random,random,15,100,9016,terminal-unfenced-suffix,1048601,1048592,-1,9,0,9,0,0.1,0.1,0.1,0,1,0.9,0.1,1,1,1,1,1,1,1,1
exchange-random,random,15,100,9016,terminal-unfenced-suffix,1048601,1048592,-1,9,0,9,1,0.1,0.1,0.1,0,1,0.9,0.1,1,1,1,1,1,1,1,1
exchange-random,random,15,100,9016,terminal-unfenced-suffix,1048601,1048592,-1,9,0,9,2,0,0,0,0,1,1,0,1,1,1,1,1,1,1,1
exchange-random,random,15,100,9016,terminal-unfenced-suffix,1048601,1048592,-1,9,0,9,3,0.1,0.1,0.1,0,1,0.9,0.1,1,1,1,1,1,1,1,1
exchange-random,random,15,100,9016,terminal-unfenced-suffix,1048601,1048592,-1,9,0,9,4,0,0,0,0,1,1,0,1,1,1,1,1,1,1,1
exchange-random,random,15,100,9016,terminal-unfenced-suffix,1048601,1048592,-1,9,0,9,5,0,0,0,0,1,1,0,1,1,1,1,1,1,1,1
exchange-random,random,15,100,9016,terminal-unfenced-suffix,1048601,1048592,-1,9,0,9,6,0,0,0,0,1,1,0,1,1,1,1,1,1,1,1
exchange-random,random,15,100,9016,terminal-unfenced-suffix,1048601,1048592,-1,9,0,9,7,0,0,0,0,1,1,0,1,1,1,1,1,1,1,1
exchange-random,random,15,100,9016,terminal-unfenced-suffix,1048601,1048592,-1,9,0,9,8,0,0,0,0,1,1,0,1,1,1,1,1,1,1,1
exchange-random,random,15,100,9016,terminal-unfenced-suffix,1048601,1048592,-1,9,0,9,9,0.1,0.1,0.1,0,1,0.9,0.1,1,1,1,1,1,1,1,1
exchange-random,random,15,100,9016,terminal-unfenced-suffix,1048601,1048592,-1,9,0,9,10,0.1,0.1,0.1,0,1,0.9,0.1,1,1,1,1,1,1,1,1
exchange-random,random,15,100,9016,terminal-unfenced-suffix,1048601,1048592,-1,9,0,9,11,0.1,0.1,0.1,0,1,0.9,0.1,1,1,1,1,1,1,1,1
exchange-hot,hot,15,117,45016,terminal-unfenced-suffix,1048601,1048592,-1,9,0,9,0,0.3,0.3,0.3,5.55112e-17,1,0.7,0.3,1,1,1,1,1,1,1,1
exchange-hot,hot,15,117,45016,terminal-unfenced-suffix,1048601,1048592,-1,9,0,9,1,0.2,0.2,0.2,0,1,0.8,0.2,1,1,1,1,1,1,1,1
exchange-hot,hot,15,117,45016,terminal-unfenced-suffix,1048601,1048592,-1,9,0,9,2,0.2,0.2,0.2,0,1,0.8,0.2,1,1,1,1,1,1,1,1
exchange-hot,hot,15,117,45016,terminal-unfenced-suffix,1048601,1048592,-1,9,0,9,3,0.2,0.2,0.2,0,1,0.8,0.2,1,1,1,1,1,1,1,1
exchange-hot,hot,15,117,45016,terminal-unfenced-suffix,1048601,1048592,-1,9,0,9,4,0.3,0.3,0.3,5.55112e-17,1,0.7,0.3,1,1,1,1,1,1,1,1
exchange-hot,hot,15,117,45016,terminal-unfenced-suffix,1048601,1048592,-1,9,0,9,5,0.2,0.2,0.2,0,1,0.8,0.2,1,1,1,1,1,1,1,1
exchange-hot,hot,15,117,45016,terminal-unfenced-suffix,1048601,1048592,-1,9,0,9,6,0.2,0.2,0.2,0,1,0.8,0.2,1,1,1,1,1,1,1,1
exchange-hot,hot,15,117,45016,terminal-unfenced-suffix,1048601,1048592,-1,9,0,9,7,0.2,0.2,0.2,0,1,0.8,0.2,1,1,1,1,1,1,1,1
exchange-hot,hot,15,117,45016,terminal-unfenced-suffix,1048601,1048592,-1,9,0,9,8,0.3,0.3,0.3,5.55112e-17,1,0.7,0.3,1,1,1,1,1,1,1,1
exchange-hot,hot,15,117,45016,terminal-unfenced-suffix,1048601,1048592,-1,9,0,9,9,0.2,0.2,0.2,0,1,0.8,0.2,1,1,1,1,1,1,1,1
exchange-hot,hot,15,117,45016,terminal-unfenced-suffix,1048601,1048592,-1,9,0,9,10,0.2,0.2,0.2,0,1,0.8,0.2,1,1,1,1,1,1,1,1
exchange-hot,hot,15,117,45016,terminal-unfenced-suffix,1048601,1048592,-1,9,0,9,11,0.2,0.2,0.2,0,1,0.8,0.2,1,1,1,1,1,1,1,1
exchange-random,random,16,117,9017,terminal-unfenced-suffix,1048601,1048592,-1,9,0,9,0,0.2,0.2,0.2,0,1,0.8,0.2,1,1,1,1,1,1,1,1
exchange-random,random,16,117,9017,terminal-unfenced-suffix,1048601,1048592,-1,9,0,9,1,0.1,0.1,0.1,0,1,0.9,0.1,1,1,1,1,1,1,1,1
exchange-random,random,16,117,9017,terminal-unfenced-suffix,1048601,1048592,-1,9,0,9,2,0.1,0.1,0.1,0,1,0.9,0.1,1,1,1,1,1,1,1,1
exchange-random,random,16,117,9017,terminal-unfenced-suffix,1048601,1048592,-1,9,0,9,3,0.1,0.1,0.1,0,1,0.9,0.1,1,1,1,1,1,1,1,1
exchange-random,random,16,117,9017,terminal-unfenced-suffix,1048601,1048592,-1,9,0,9,4,0,0,0,0,1,1,0,1,1,1,1,1,1,1,1
exchange-random,random,16,117,9017,terminal-unfenced-suffix,1048601,1048592,-1,9,0,9,5,0,0,0,0,1,1,0,1,1,1,1,1,1,1,1
exchange-random,random,16,117,9017,terminal-unfenced-suffix,1048601,1048592,-1,9,0,9,6,0,0,0,0,1,1,0,1,1,1,1,1,1,1,1
exchange-random,random,16,117,9017,terminal-unfenced-suffix,1048601,1048592,-1,9,0,9,7,0,0,0,0,1,1,0,1,1,1,1,1,1,1,1
exchange-random,random,16,117,9017,terminal-unfenced-suffix,1048601,1048592,-1,9,0,9,8,0.1,0.1,0.1,0,1,0.9,0.1,1,1,1,1,1,1,1,1
exchange-random,random,16,117,9017,terminal-unfenced-suffix,1048601,1048592,-1,9,0,9,9,0,0,0,0,1,1,0,1,1,1,1,1,1,1,1
exchange-random,random,16,117,9017,terminal-unfenced-suffix,1048601,1048592,-1,9,0,9,10,0.1,0.1,0.1,0,1,0.9,0.1,1,1,1,1,1,1,1,1
exchange-random,random,16,117,9017,terminal-unfenced-suffix,1048601,1048592,-1,9,0,9,11,0,0,0,0,1,1,0,1,1,1,1,1,1,1,1
strict-hot,hot,16,100,45017,fence-after-sync-before-publish,2097154,1048601,86,2,2,0,0,0.2,0,0,0,1,1,0,0.8,1,1,1,1,1,1,1
strict-hot,hot,16,100,45017,fence-after-sync-before-publish,2097154,1048601,86,2,2,0,1,0,0,0,0,1,1,0,1,1,1,1,1,1,1,1
strict-hot,hot,16,100,45017,fence-after-sync-before-publish,2097154,1048601,86,2,2,0,2,0,0,0,0,1,1,0,1,1,1,1,1,1,1,1
strict-hot,hot,16,100,45017,fence-after-sync-before-publish,2097154,1048601,86,2,2,0,3,0,0,0,0,1,1,0,1,1,1,1,1,1,1,1
strict-hot,hot,16,100,45017,fence-after-sync-before-publish,2097154,1048601,86,2,2,0,4,0.2,0,0,0,1,1,0,0.8,1,1,1,1,1,1,1
strict-hot,hot,16,100,45017,fence-after-sync-before-publish,2097154,1048601,86,2,2,0,5,0,0,0,0,1,1,0,1,1,1,1,1,1,1,1
strict-hot,hot,16,100,45017,fence-after-sync-before-publish,2097154,1048601,86,2,2,0,6,0,0,0,0,1,1,0,1,1,1,1,1,1,1,1
strict-hot,hot,16,100,45017,fence-after-sync-before-publish,2097154,1048601,86,2,2,0,7,0,0,0,0,1,1,0,1,1,1,1,1,1,1,1
strict-hot,hot,16,100,45017,fence-after-sync-before-publish,2097154,1048601,86,2,2,0,8,0.2,0,0,0,1,1,0,0.8,1,1,1,1,1,1,1
strict-hot,hot,16,100,45017,fence-after-sync-before-publish,2097154,1048601,86,2,2,0,9,0,0,0,0,1,1,0,1,1,1,1,1,1,1,1
strict-hot,hot,16,100,45017,fence-after-sync-before-publish,2097154,1048601,86,2,2,0,10,0,0,0,0,1,1,0,1,1,1,1,1,1,1,1
strict-hot,hot,16,100,45017,fence-after-sync-before-publish,2097154,1048601,86,2,2,0,11,0,0,0,0,1,1,0,1,1,1,1,1,1,1,1
exchange-hot,hot,16,100,45017,terminal-unfenced-suffix,1048601,1048592,-1,9,0,9,0,0.3,0.3,0.3,5.55112e-17,1,0.7,0.3,1,1,1,1,1,1,1,1
exchange-hot,hot,16,100,45017,terminal-unfenced-suffix,1048601,1048592,-1,9,0,9,1,0.2,0.2,0.2,0,1,0.8,0.2,1,1,1,1,1,1,1,1
exchange-hot,hot,16,100,45017,terminal-unfenced-suffix,1048601,1048592,-1,9,0,9,2,0.2,0.2,0.2,0,1,0.8,0.2,1,1,1,1,1,1,1,1
exchange-hot,hot,16,100,45017,terminal-unfenced-suffix,1048601,1048592,-1,9,0,9,3,0.2,0.2,0.2,0,1,0.8,0.2,1,1,1,1,1,1,1,1
exchange-hot,hot,16,100,45017,terminal-unfenced-suffix,1048601,1048592,-1,9,0,9,4,0.3,0.3,0.3,5.55112e-17,1,0.7,0.3,1,1,1,1,1,1,1,1
exchange-hot,hot,16,100,45017,terminal-unfenced-suffix,1048601,1048592,-1,9,0,9,5,0.2,0.2,0.2,0,1,0.8,0.2,1,1,1,1,1,1,1,1
exchange-hot,hot,16,100,45017,terminal-unfenced-suffix,1048601,1048592,-1,9,0,9,6,0.2,0.2,0.2,0,1,0.8,0.2,1,1,1,1,1,1,1,1
exchange-hot,hot,16,100,45017,terminal-unfenced-suffix,1048601,1048592,-1,9,0,9,7,0.2,0.2,0.2,0,1,0.8,0.2,1,1,1,1,1,1,1,1
exchange-hot,hot,16,100,45017,terminal-unfenced-suffix,1048601,1048592,-1,9,0,9,8,0.3,0.3,0.3,5.55112e-17,1,0.7,0.3,1,1,1,1,1,1,1,1
exchange-hot,hot,16,100,45017,terminal-unfenced-suffix,1048601,1048592,-1,9,0,9,9,0.2,0.2,0.2,0,1,0.8,0.2,1,1,1,1,1,1,1,1
exchange-hot,hot,16,100,45017,terminal-unfenced-suffix,1048601,1048592,-1,9,0,9,10,0.2,0.2,0.2,0,1,0.8,0.2,1,1,1,1,1,1,1,1
exchange-hot,hot,16,100,45017,terminal-unfenced-suffix,1048601,1048592,-1,9,0,9,11,0.2,0.2,0.2,0,1,0.8,0.2,1,1,1,1,1,1,1,1
fixed-count,random,16,117,9017,terminal-unfenced-suffix,1048601,1048600,-1,1,0,1,0,0,0,0,0,1,1,0,1,1,1,1,1,1,1,1
fixed-count,random,16,117,9017,terminal-unfenced-suffix,1048601,1048600,-1,1,0,1,1,0,0,0,0,1,1,0,1,1,1,1,1,1,1,1
fixed-count,random,16,117,9017,terminal-unfenced-suffix,1048601,1048600,-1,1,0,1,2,0,0,0,0,1,1,0,1,1,1,1,1,1,1,1
fixed-count,random,16,117,9017,terminal-unfenced-suffix,1048601,1048600,-1,1,0,1,3,0.1,0.1,0.1,0,1,0.9,0.1,1,1,1,1,1,1,1,1
fixed-count,random,16,117,9017,terminal-unfenced-suffix,1048601,1048600,-1,1,0,1,4,0,0,0,0,1,1,0,1,1,1,1,1,1,1,1
fixed-count,random,16,117,9017,terminal-unfenced-suffix,1048601,1048600,-1,1,0,1,5,0,0,0,0,1,1,0,1,1,1,1,1,1,1,1
fixed-count,random,16,117,9017,terminal-unfenced-suffix,1048601,1048600,-1,1,0,1,6,0,0,0,0,1,1,0,1,1,1,1,1,1,1,1
fixed-count,random,16,117,9017,terminal-unfenced-suffix,1048601,1048600,-1,1,0,1,7,0,0,0,0,1,1,0,1,1,1,1,1,1,1,1
fixed-count,random,16,117,9017,terminal-unfenced-suffix,1048601,1048600,-1,1,0,1,8,0,0,0,0,1,1,0,1,1,1,1,1,1,1,1
fixed-count,random,16,117,9017,terminal-unfenced-suffix,1048601,1048600,-1,1,0,1,9,0,0,0,0,1,1,0,1,1,1,1,1,1,1,1
fixed-count,random,16,117,9017,terminal-unfenced-suffix,1048601,1048600,-1,1,0,1,10,0,0,0,0,1,1,0,1,1,1,1,1,1,1,1
fixed-count,random,16,117,9017,terminal-unfenced-suffix,1048601,1048600,-1,1,0,1,11,0,0,0,0,1,1,0,1,1,1,1,1,1,1,1
fixed-time,random,16,100,9017,terminal-unfenced-suffix,1048601,1048601,-1,0,0,0,0,0,0,0,0,1,1,0,1,1,1,1,1,1,1,1
fixed-time,random,16,100,9017,terminal-unfenced-suffix,1048601,1048601,-1,0,0,0,1,0,0,0,0,1,1,0,1,1,1,1,1,1,1,1
fixed-time,random,16,100,9017,terminal-unfenced-suffix,1048601,1048601,-1,0,0,0,2,0,0,0,0,1,1,0,1,1,1,1,1,1,1,1
fixed-time,random,16,100,9017,terminal-unfenced-suffix,1048601,1048601,-1,0,0,0,3,0,0,0,0,1,1,0,1,1,1,1,1,1,1,1
fixed-time,random,16,100,9017,terminal-unfenced-suffix,1048601,1048601,-1,0,0,0,4,0,0,0,0,1,1,0,1,1,1,1,1,1,1,1
fixed-time,random,16,100,9017,terminal-unfenced-suffix,1048601,1048601,-1,0,0,0,5,0,0,0,0,1,1,0,1,1,1,1,1,1,1,1
fixed-time,random,16,100,9017,terminal-unfenced-suffix,1048601,1048601,-1,0,0,0,6,0,0,0,0,1,1,0,1,1,1,1,1,1,1,1
fixed-time,random,16,100,9017,terminal-unfenced-suffix,1048601,1048601,-1,0,0,0,7,0,0,0,0,1,1,0,1,1,1,1,1,1,1,1
fixed-time,random,16,100,9017,terminal-unfenced-suffix,1048601,1048601,-1,0,0,0,8,0,0,0,0,1,1,0,1,1,1,1,1,1,1,1
fixed-time,random,16,100,9017,terminal-unfenced-suffix,1048601,1048601,-1,0,0,0,9,0,0,0,0,1,1,0,1,1,1,1,1,1,1,1
fixed-time,random,16,100,9017,terminal-unfenced-suffix,1048601,1048601,-1,0,0,0,10,0,0,0,0,1,1,0,1,1,1,1,1,1,1,1
fixed-time,random,16,100,9017,terminal-unfenced-suffix,1048601,1048601,-1,0,0,0,11,0,0,0,0,1,1,0,1,1,1,1,1,1,1,1
exchange-hot-guard,hot,16,117,45017,terminal-unfenced-suffix,1048601,1048601,-1,0,0,0,0,0,0,0,0,1,1,0,1,1,1,1,1,1,1,1
exchange-hot-guard,hot,16,117,45017,terminal-unfenced-suffix,1048601,1048601,-1,0,0,0,1,0,0,0,0,1,1,0,1,1,1,1,1,1,1,1
exchange-hot-guard,hot,16,117,45017,terminal-unfenced-suffix,1048601,1048601,-1,0,0,0,2,0,0,0,0,1,1,0,1,1,1,1,1,1,1,1
exchange-hot-guard,hot,16,117,45017,terminal-unfenced-suffix,1048601,1048601,-1,0,0,0,3,0,0,0,0,1,1,0,1,1,1,1,1,1,1,1
exchange-hot-guard,hot,16,117,45017,terminal-unfenced-suffix,1048601,1048601,-1,0,0,0,4,0,0,0,0,1,1,0,1,1,1,1,1,1,1,1
exchange-hot-guard,hot,16,117,45017,terminal-unfenced-suffix,1048601,1048601,-1,0,0,0,5,0,0,0,0,1,1,0,1,1,1,1,1,1,1,1
exchange-hot-guard,hot,16,117,45017,terminal-unfenced-suffix,1048601,1048601,-1,0,0,0,6,0,0,0,0,1,1,0,1,1,1,1,1,1,1,1
exchange-hot-guard,hot,16,117,45017,terminal-unfenced-suffix,1048601,1048601,-1,0,0,0,7,0,0,0,0,1,1,0,1,1,1,1,1,1,1,1
exchange-hot-guard,hot,16,117,45017,terminal-unfenced-suffix,1048601,1048601,-1,0,0,0,8,0,0,0,0,1,1,0,1,1,1,1,1,1,1,1
exchange-hot-guard,hot,16,117,45017,terminal-unfenced-suffix,1048601,1048601,-1,0,0,0,9,0,0,0,0,1,1,0,1,1,1,1,1,1,1,1
exchange-hot-guard,hot,16,117,45017,terminal-unfenced-suffix,1048601,1048601,-1,0,0,0,10,0,0,0,0,1,1,0,1,1,1,1,1,1,1,1
exchange-hot-guard,hot,16,117,45017,terminal-unfenced-suffix,1048601,1048601,-1,0,0,0,11,0,0,0,0,1,1,0,1,1,1,1,1,1,1,1
strict-random,random,16,117,9017,strict-cap-before-fence,2097154,1048601,87,2,0,2,0,0.2,0.2,0.2,0,1,0.8,0.2,1,1,1,1,1,1,1,1
strict-random,random,16,117,9017,strict-cap-before-fence,2097154,1048601,87,2,0,2,1,0,0,0,0,1,1,0,1,1,1,1,1,1,1,1
strict-random,random,16,117,9017,strict-cap-before-fence,2097154,1048601,87,2,0,2,2,0,0,0,0,1,1,0,1,1,1,1,1,1,1,1
strict-random,random,16,117,9017,strict-cap-before-fence,2097154,1048601,87,2,0,2,3,0,0,0,0,1,1,0,1,1,1,1,1,1,1,1
strict-random,random,16,117,9017,strict-cap-before-fence,2097154,1048601,87,2,0,2,4,0,0,0,0,1,1,0,1,1,1,1,1,1,1,1
strict-random,random,16,117,9017,strict-cap-before-fence,2097154,1048601,87,2,0,2,5,0,0,0,0,1,1,0,1,1,1,1,1,1,1,1
strict-random,random,16,117,9017,strict-cap-before-fence,2097154,1048601,87,2,0,2,6,0,0,0,0,1,1,0,1,1,1,1,1,1,1,1
strict-random,random,16,117,9017,strict-cap-before-fence,2097154,1048601,87,2,0,2,7,0,0,0,0,1,1,0,1,1,1,1,1,1,1,1
strict-random,random,16,117,9017,strict-cap-before-fence,2097154,1048601,87,2,0,2,8,0,0,0,0,1,1,0,1,1,1,1,1,1,1,1
strict-random,random,16,117,9017,strict-cap-before-fence,2097154,1048601,87,2,0,2,9,0,0,0,0,1,1,0,1,1,1,1,1,1,1,1
strict-random,random,16,117,9017,strict-cap-before-fence,2097154,1048601,87,2,0,2,10,0,0,0,0,1,1,0,1,1,1,1,1,1,1,1
strict-random,random,16,117,9017,strict-cap-before-fence,2097154,1048601,87,2,0,2,11,0,0,0,0,1,1,0,1,1,1,1,1,1,1,1
stable-group,random,16,100,9017,terminal-unfenced-suffix,1048601,1048601,-1,0,0,0,0,0,0,0,0,1,1,0,1,1,1,1,1,1,1,1
stable-group,random,16,100,9017,terminal-unfenced-suffix,1048601,1048601,-1,0,0,0,1,0,0,0,0,1,1,0,1,1,1,1,1,1,1,1
stable-group,random,16,100,9017,terminal-unfenced-suffix,1048601,1048601,-1,0,0,0,2,0,0,0,0,1,1,0,1,1,1,1,1,1,1,1
stable-group,random,16,100,9017,terminal-unfenced-suffix,1048601,1048601,-1,0,0,0,3,0,0,0,0,1,1,0,1,1,1,1,1,1,1,1
stable-group,random,16,100,9017,terminal-unfenced-suffix,1048601,1048601,-1,0,0,0,4,0,0,0,0,1,1,0,1,1,1,1,1,1,1,1
stable-group,random,16,100,9017,terminal-unfenced-suffix,1048601,1048601,-1,0,0,0,5,0,0,0,0,1,1,0,1,1,1,1,1,1,1,1
stable-group,random,16,100,9017,terminal-unfenced-suffix,1048601,1048601,-1,0,0,0,6,0,0,0,0,1,1,0,1,1,1,1,1,1,1,1
stable-group,random,16,100,9017,terminal-unfenced-suffix,1048601,1048601,-1,0,0,0,7,0,0,0,0,1,1,0,1,1,1,1,1,1,1,1
stable-group,random,16,100,9017,terminal-unfenced-suffix,1048601,1048601,-1,0,0,0,8,0,0,0,0,1,1,0,1,1,1,1,1,1,1,1
stable-group,random,16,100,9017,terminal-unfenced-suffix,1048601,1048601,-1,0,0,0,9,0,0,0,0,1,1,0,1,1,1,1,1,1,1,1
stable-group,random,16,100,9017,terminal-unfenced-suffix,1048601,1048601,-1,0,0,0,10,0,0,0,0,1,1,0,1,1,1,1,1,1,1,1
stable-group,random,16,100,9017,terminal-unfenced-suffix,1048601,1048601,-1,0,0,0,11,0,0,0,0,1,1,0,1,1,1,1,1,1,1,1
exchange-hot,hot,17,117,45018,terminal-unfenced-suffix,1048601,1048592,-1,9,0,9,0,0.3,0.3,0.3,5.55112e-17,1,0.7,0.3,1,1,1,1,1,1,1,1
exchange-hot,hot,17,117,45018,terminal-unfenced-suffix,1048601,1048592,-1,9,0,9,1,0.2,0.2,0.2,0,1,0.8,0.2,1,1,1,1,1,1,1,1
exchange-hot,hot,17,117,45018,terminal-unfenced-suffix,1048601,1048592,-1,9,0,9,2,0.2,0.2,0.2,0,1,0.8,0.2,1,1,1,1,1,1,1,1
exchange-hot,hot,17,117,45018,terminal-unfenced-suffix,1048601,1048592,-1,9,0,9,3,0.2,0.2,0.2,0,1,0.8,0.2,1,1,1,1,1,1,1,1
exchange-hot,hot,17,117,45018,terminal-unfenced-suffix,1048601,1048592,-1,9,0,9,4,0.3,0.3,0.3,5.55112e-17,1,0.7,0.3,1,1,1,1,1,1,1,1
exchange-hot,hot,17,117,45018,terminal-unfenced-suffix,1048601,1048592,-1,9,0,9,5,0.2,0.2,0.2,0,1,0.8,0.2,1,1,1,1,1,1,1,1
exchange-hot,hot,17,117,45018,terminal-unfenced-suffix,1048601,1048592,-1,9,0,9,6,0.2,0.2,0.2,0,1,0.8,0.2,1,1,1,1,1,1,1,1
exchange-hot,hot,17,117,45018,terminal-unfenced-suffix,1048601,1048592,-1,9,0,9,7,0.2,0.2,0.2,0,1,0.8,0.2,1,1,1,1,1,1,1,1
exchange-hot,hot,17,117,45018,terminal-unfenced-suffix,1048601,1048592,-1,9,0,9,8,0.3,0.3,0.3,5.55112e-17,1,0.7,0.3,1,1,1,1,1,1,1,1
exchange-hot,hot,17,117,45018,terminal-unfenced-suffix,1048601,1048592,-1,9,0,9,9,0.2,0.2,0.2,0,1,0.8,0.2,1,1,1,1,1,1,1,1
exchange-hot,hot,17,117,45018,terminal-unfenced-suffix,1048601,1048592,-1,9,0,9,10,0.2,0.2,0.2,0,1,0.8,0.2,1,1,1,1,1,1,1,1
exchange-hot,hot,17,117,45018,terminal-unfenced-suffix,1048601,1048592,-1,9,0,9,11,0.2,0.2,0.2,0,1,0.8,0.2,1,1,1,1,1,1,1,1
fixed-count,random,17,100,9018,terminal-unfenced-suffix,1048601,1048600,-1,1,0,1,0,0,0,0,0,1,1,0,1,1,1,1,1,1,1,1
fixed-count,random,17,100,9018,terminal-unfenced-suffix,1048601,1048600,-1,1,0,1,1,0.1,0.1,0.1,0,1,0.9,0.1,1,1,1,1,1,1,1,1
fixed-count,random,17,100,9018,terminal-unfenced-suffix,1048601,1048600,-1,1,0,1,2,0,0,0,0,1,1,0,1,1,1,1,1,1,1,1
fixed-count,random,17,100,9018,terminal-unfenced-suffix,1048601,1048600,-1,1,0,1,3,0,0,0,0,1,1,0,1,1,1,1,1,1,1,1
fixed-count,random,17,100,9018,terminal-unfenced-suffix,1048601,1048600,-1,1,0,1,4,0,0,0,0,1,1,0,1,1,1,1,1,1,1,1
fixed-count,random,17,100,9018,terminal-unfenced-suffix,1048601,1048600,-1,1,0,1,5,0,0,0,0,1,1,0,1,1,1,1,1,1,1,1
fixed-count,random,17,100,9018,terminal-unfenced-suffix,1048601,1048600,-1,1,0,1,6,0,0,0,0,1,1,0,1,1,1,1,1,1,1,1
fixed-count,random,17,100,9018,terminal-unfenced-suffix,1048601,1048600,-1,1,0,1,7,0,0,0,0,1,1,0,1,1,1,1,1,1,1,1
fixed-count,random,17,100,9018,terminal-unfenced-suffix,1048601,1048600,-1,1,0,1,8,0,0,0,0,1,1,0,1,1,1,1,1,1,1,1
fixed-count,random,17,100,9018,terminal-unfenced-suffix,1048601,1048600,-1,1,0,1,9,0,0,0,0,1,1,0,1,1,1,1,1,1,1,1
fixed-count,random,17,100,9018,terminal-unfenced-suffix,1048601,1048600,-1,1,0,1,10,0.1,0.1,0.1,0,1,0.9,0.1,1,1,1,1,1,1,1,1
fixed-count,random,17,100,9018,terminal-unfenced-suffix,1048601,1048600,-1,1,0,1,11,0,0,0,0,1,1,0,1,1,1,1,1,1,1,1
fixed-time,random,17,117,9018,terminal-unfenced-suffix,1048601,1048601,-1,0,0,0,0,0,0,0,0,1,1,0,1,1,1,1,1,1,1,1
fixed-time,random,17,117,9018,terminal-unfenced-suffix,1048601,1048601,-1,0,0,0,1,0,0,0,0,1,1,0,1,1,1,1,1,1,1,1
fixed-time,random,17,117,9018,terminal-unfenced-suffix,1048601,1048601,-1,0,0,0,2,0,0,0,0,1,1,0,1,1,1,1,1,1,1,1
fixed-time,random,17,117,9018,terminal-unfenced-suffix,1048601,1048601,-1,0,0,0,3,0,0,0,0,1,1,0,1,1,1,1,1,1,1,1
fixed-time,random,17,117,9018,terminal-unfenced-suffix,1048601,1048601,-1,0,0,0,4,0,0,0,0,1,1,0,1,1,1,1,1,1,1,1
fixed-time,random,17,117,9018,terminal-unfenced-suffix,1048601,1048601,-1,0,0,0,5,0,0,0,0,1,1,0,1,1,1,1,1,1,1,1
fixed-time,random,17,117,9018,terminal-unfenced-suffix,1048601,1048601,-1,0,0,0,6,0,0,0,0,1,1,0,1,1,1,1,1,1,1,1
fixed-time,random,17,117,9018,terminal-unfenced-suffix,1048601,1048601,-1,0,0,0,7,0,0,0,0,1,1,0,1,1,1,1,1,1,1,1
fixed-time,random,17,117,9018,terminal-unfenced-suffix,1048601,1048601,-1,0,0,0,8,0,0,0,0,1,1,0,1,1,1,1,1,1,1,1
fixed-time,random,17,117,9018,terminal-unfenced-suffix,1048601,1048601,-1,0,0,0,9,0,0,0,0,1,1,0,1,1,1,1,1,1,1,1
fixed-time,random,17,117,9018,terminal-unfenced-suffix,1048601,1048601,-1,0,0,0,10,0,0,0,0,1,1,0,1,1,1,1,1,1,1,1
fixed-time,random,17,117,9018,terminal-unfenced-suffix,1048601,1048601,-1,0,0,0,11,0,0,0,0,1,1,0,1,1,1,1,1,1,1,1
strict-hot,hot,17,117,45018,fence-after-sync-before-publish,2097154,1048601,86,2,2,0,0,0.2,0,0,0,1,1,0,0.8,1,1,1,1,1,1,1
strict-hot,hot,17,117,45018,fence-after-sync-before-publish,2097154,1048601,86,2,2,0,1,0,0,0,0,1,1,0,1,1,1,1,1,1,1,1
strict-hot,hot,17,117,45018,fence-after-sync-before-publish,2097154,1048601,86,2,2,0,2,0,0,0,0,1,1,0,1,1,1,1,1,1,1,1
strict-hot,hot,17,117,45018,fence-after-sync-before-publish,2097154,1048601,86,2,2,0,3,0,0,0,0,1,1,0,1,1,1,1,1,1,1,1
strict-hot,hot,17,117,45018,fence-after-sync-before-publish,2097154,1048601,86,2,2,0,4,0.2,0,0,0,1,1,0,0.8,1,1,1,1,1,1,1
strict-hot,hot,17,117,45018,fence-after-sync-before-publish,2097154,1048601,86,2,2,0,5,0,0,0,0,1,1,0,1,1,1,1,1,1,1,1
strict-hot,hot,17,117,45018,fence-after-sync-before-publish,2097154,1048601,86,2,2,0,6,0,0,0,0,1,1,0,1,1,1,1,1,1,1,1
strict-hot,hot,17,117,45018,fence-after-sync-before-publish,2097154,1048601,86,2,2,0,7,0,0,0,0,1,1,0,1,1,1,1,1,1,1,1
strict-hot,hot,17,117,45018,fence-after-sync-before-publish,2097154,1048601,86,2,2,0,8,0.2,0,0,0,1,1,0,0.8,1,1,1,1,1,1,1
strict-hot,hot,17,117,45018,fence-after-sync-before-publish,2097154,1048601,86,2,2,0,9,0,0,0,0,1,1,0,1,1,1,1,1,1,1,1
strict-hot,hot,17,117,45018,fence-after-sync-before-publish,2097154,1048601,86,2,2,0,10,0,0,0,0,1,1,0,1,1,1,1,1,1,1,1
strict-hot,hot,17,117,45018,fence-after-sync-before-publish,2097154,1048601,86,2,2,0,11,0,0,0,0,1,1,0,1,1,1,1,1,1,1,1
exchange-hot-guard,hot,17,100,45018,terminal-unfenced-suffix,1048601,1048601,-1,0,0,0,0,0,0,0,0,1,1,0,1,1,1,1,1,1,1,1
exchange-hot-guard,hot,17,100,45018,terminal-unfenced-suffix,1048601,1048601,-1,0,0,0,1,0,0,0,0,1,1,0,1,1,1,1,1,1,1,1
exchange-hot-guard,hot,17,100,45018,terminal-unfenced-suffix,1048601,1048601,-1,0,0,0,2,0,0,0,0,1,1,0,1,1,1,1,1,1,1,1
exchange-hot-guard,hot,17,100,45018,terminal-unfenced-suffix,1048601,1048601,-1,0,0,0,3,0,0,0,0,1,1,0,1,1,1,1,1,1,1,1
exchange-hot-guard,hot,17,100,45018,terminal-unfenced-suffix,1048601,1048601,-1,0,0,0,4,0,0,0,0,1,1,0,1,1,1,1,1,1,1,1
exchange-hot-guard,hot,17,100,45018,terminal-unfenced-suffix,1048601,1048601,-1,0,0,0,5,0,0,0,0,1,1,0,1,1,1,1,1,1,1,1
exchange-hot-guard,hot,17,100,45018,terminal-unfenced-suffix,1048601,1048601,-1,0,0,0,6,0,0,0,0,1,1,0,1,1,1,1,1,1,1,1
exchange-hot-guard,hot,17,100,45018,terminal-unfenced-suffix,1048601,1048601,-1,0,0,0,7,0,0,0,0,1,1,0,1,1,1,1,1,1,1,1
exchange-hot-guard,hot,17,100,45018,terminal-unfenced-suffix,1048601,1048601,-1,0,0,0,8,0,0,0,0,1,1,0,1,1,1,1,1,1,1,1
exchange-hot-guard,hot,17,100,45018,terminal-unfenced-suffix,1048601,1048601,-1,0,0,0,9,0,0,0,0,1,1,0,1,1,1,1,1,1,1,1
exchange-hot-guard,hot,17,100,45018,terminal-unfenced-suffix,1048601,1048601,-1,0,0,0,10,0,0,0,0,1,1,0,1,1,1,1,1,1,1,1
exchange-hot-guard,hot,17,100,45018,terminal-unfenced-suffix,1048601,1048601,-1,0,0,0,11,0,0,0,0,1,1,0,1,1,1,1,1,1,1,1
stable-group,random,17,117,9018,terminal-unfenced-suffix,1048601,1048601,-1,0,0,0,0,0,0,0,0,1,1,0,1,1,1,1,1,1,1,1
stable-group,random,17,117,9018,terminal-unfenced-suffix,1048601,1048601,-1,0,0,0,1,0,0,0,0,1,1,0,1,1,1,1,1,1,1,1
stable-group,random,17,117,9018,terminal-unfenced-suffix,1048601,1048601,-1,0,0,0,2,0,0,0,0,1,1,0,1,1,1,1,1,1,1,1
stable-group,random,17,117,9018,terminal-unfenced-suffix,1048601,1048601,-1,0,0,0,3,0,0,0,0,1,1,0,1,1,1,1,1,1,1,1
stable-group,random,17,117,9018,terminal-unfenced-suffix,1048601,1048601,-1,0,0,0,4,0,0,0,0,1,1,0,1,1,1,1,1,1,1,1
stable-group,random,17,117,9018,terminal-unfenced-suffix,1048601,1048601,-1,0,0,0,5,0,0,0,0,1,1,0,1,1,1,1,1,1,1,1
stable-group,random,17,117,9018,terminal-unfenced-suffix,1048601,1048601,-1,0,0,0,6,0,0,0,0,1,1,0,1,1,1,1,1,1,1,1
stable-group,random,17,117,9018,terminal-unfenced-suffix,1048601,1048601,-1,0,0,0,7,0,0,0,0,1,1,0,1,1,1,1,1,1,1,1
stable-group,random,17,117,9018,terminal-unfenced-suffix,1048601,1048601,-1,0,0,0,8,0,0,0,0,1,1,0,1,1,1,1,1,1,1,1
stable-group,random,17,117,9018,terminal-unfenced-suffix,1048601,1048601,-1,0,0,0,9,0,0,0,0,1,1,0,1,1,1,1,1,1,1,1
stable-group,random,17,117,9018,terminal-unfenced-suffix,1048601,1048601,-1,0,0,0,10,0,0,0,0,1,1,0,1,1,1,1,1,1,1,1
stable-group,random,17,117,9018,terminal-unfenced-suffix,1048601,1048601,-1,0,0,0,11,0,0,0,0,1,1,0,1,1,1,1,1,1,1,1
strict-random,random,17,100,9018,strict-cap-before-fence,2097154,1048601,87,2,0,2,0,0.2,0.2,0.2,0,1,0.8,0.2,1,1,1,1,1,1,1,1
strict-random,random,17,100,9018,strict-cap-before-fence,2097154,1048601,87,2,0,2,1,0,0,0,0,1,1,0,1,1,1,1,1,1,1,1
strict-random,random,17,100,9018,strict-cap-before-fence,2097154,1048601,87,2,0,2,2,0,0,0,0,1,1,0,1,1,1,1,1,1,1,1
strict-random,random,17,100,9018,strict-cap-before-fence,2097154,1048601,87,2,0,2,3,0,0,0,0,1,1,0,1,1,1,1,1,1,1,1
strict-random,random,17,100,9018,strict-cap-before-fence,2097154,1048601,87,2,0,2,4,0,0,0,0,1,1,0,1,1,1,1,1,1,1,1
strict-random,random,17,100,9018,strict-cap-before-fence,2097154,1048601,87,2,0,2,5,0,0,0,0,1,1,0,1,1,1,1,1,1,1,1
strict-random,random,17,100,9018,strict-cap-before-fence,2097154,1048601,87,2,0,2,6,0,0,0,0,1,1,0,1,1,1,1,1,1,1,1
strict-random,random,17,100,9018,strict-cap-before-fence,2097154,1048601,87,2,0,2,7,0,0,0,0,1,1,0,1,1,1,1,1,1,1,1
strict-random,random,17,100,9018,strict-cap-before-fence,2097154,1048601,87,2,0,2,8,0,0,0,0,1,1,0,1,1,1,1,1,1,1,1
strict-random,random,17,100,9018,strict-cap-before-fence,2097154,1048601,87,2,0,2,9,0,0,0,0,1,1,0,1,1,1,1,1,1,1,1
strict-random,random,17,100,9018,strict-cap-before-fence,2097154,1048601,87,2,0,2,10,0,0,0,0,1,1,0,1,1,1,1,1,1,1,1
strict-random,random,17,100,9018,strict-cap-before-fence,2097154,1048601,87,2,0,2,11,0,0,0,0,1,1,0,1,1,1,1,1,1,1,1
exchange-random,random,17,100,9018,terminal-unfenced-suffix,1048601,1048592,-1,9,0,9,0,0,0,0,0,1,1,0,1,1,1,1,1,1,1,1
exchange-random,random,17,100,9018,terminal-unfenced-suffix,1048601,1048592,-1,9,0,9,1,0.1,0.1,0.1,0,1,0.9,0.1,1,1,1,1,1,1,1,1
exchange-random,random,17,100,9018,terminal-unfenced-suffix,1048601,1048592,-1,9,0,9,2,0.1,0.1,0.1,0,1,0.9,0.1,1,1,1,1,1,1,1,1
exchange-random,random,17,100,9018,terminal-unfenced-suffix,1048601,1048592,-1,9,0,9,3,0.1,0.1,0.1,0,1,0.9,0.1,1,1,1,1,1,1,1,1
exchange-random,random,17,100,9018,terminal-unfenced-suffix,1048601,1048592,-1,9,0,9,4,0,0,0,0,1,1,0,1,1,1,1,1,1,1,1
exchange-random,random,17,100,9018,terminal-unfenced-suffix,1048601,1048592,-1,9,0,9,5,0,0,0,0,1,1,0,1,1,1,1,1,1,1,1
exchange-random,random,17,100,9018,terminal-unfenced-suffix,1048601,1048592,-1,9,0,9,6,0,0,0,0,1,1,0,1,1,1,1,1,1,1,1
exchange-random,random,17,100,9018,terminal-unfenced-suffix,1048601,1048592,-1,9,0,9,7,0.1,0.1,0.1,0,1,0.9,0.1,1,1,1,1,1,1,1,1
exchange-random,random,17,100,9018,terminal-unfenced-suffix,1048601,1048592,-1,9,0,9,8,0.1,0.1,0.1,0,1,0.9,0.1,1,1,1,1,1,1,1,1
exchange-random,random,17,100,9018,terminal-unfenced-suffix,1048601,1048592,-1,9,0,9,9,0.1,0.1,0.1,0,1,0.9,0.1,1,1,1,1,1,1,1,1
exchange-random,random,17,100,9018,terminal-unfenced-suffix,1048601,1048592,-1,9,0,9,10,0.2,0.2,0.2,0,1,0.8,0.2,1,1,1,1,1,1,1,1
exchange-random,random,17,100,9018,terminal-unfenced-suffix,1048601,1048592,-1,9,0,9,11,0.1,0.1,0.1,0,1,0.9,0.1,1,1,1,1,1,1,1,1
stable-group,random,18,100,9019,terminal-unfenced-suffix,1048601,1048601,-1,0,0,0,0,0,0,0,0,1,1,0,1,1,1,1,1,1,1,1
stable-group,random,18,100,9019,terminal-unfenced-suffix,1048601,1048601,-1,0,0,0,1,0,0,0,0,1,1,0,1,1,1,1,1,1,1,1
stable-group,random,18,100,9019,terminal-unfenced-suffix,1048601,1048601,-1,0,0,0,2,0,0,0,0,1,1,0,1,1,1,1,1,1,1,1
stable-group,random,18,100,9019,terminal-unfenced-suffix,1048601,1048601,-1,0,0,0,3,0,0,0,0,1,1,0,1,1,1,1,1,1,1,1
stable-group,random,18,100,9019,terminal-unfenced-suffix,1048601,1048601,-1,0,0,0,4,0,0,0,0,1,1,0,1,1,1,1,1,1,1,1
stable-group,random,18,100,9019,terminal-unfenced-suffix,1048601,1048601,-1,0,0,0,5,0,0,0,0,1,1,0,1,1,1,1,1,1,1,1
stable-group,random,18,100,9019,terminal-unfenced-suffix,1048601,1048601,-1,0,0,0,6,0,0,0,0,1,1,0,1,1,1,1,1,1,1,1
stable-group,random,18,100,9019,terminal-unfenced-suffix,1048601,1048601,-1,0,0,0,7,0,0,0,0,1,1,0,1,1,1,1,1,1,1,1
stable-group,random,18,100,9019,terminal-unfenced-suffix,1048601,1048601,-1,0,0,0,8,0,0,0,0,1,1,0,1,1,1,1,1,1,1,1
stable-group,random,18,100,9019,terminal-unfenced-suffix,1048601,1048601,-1,0,0,0,9,0,0,0,0,1,1,0,1,1,1,1,1,1,1,1
stable-group,random,18,100,9019,terminal-unfenced-suffix,1048601,1048601,-1,0,0,0,10,0,0,0,0,1,1,0,1,1,1,1,1,1,1,1
stable-group,random,18,100,9019,terminal-unfenced-suffix,1048601,1048601,-1,0,0,0,11,0,0,0,0,1,1,0,1,1,1,1,1,1,1,1
strict-hot,hot,18,100,45019,fence-after-sync-before-publish,2097154,1048601,86,2,2,0,0,0.2,0,0,0,1,1,0,0.8,1,1,1,1,1,1,1
strict-hot,hot,18,100,45019,fence-after-sync-before-publish,2097154,1048601,86,2,2,0,1,0,0,0,0,1,1,0,1,1,1,1,1,1,1,1
strict-hot,hot,18,100,45019,fence-after-sync-before-publish,2097154,1048601,86,2,2,0,2,0,0,0,0,1,1,0,1,1,1,1,1,1,1,1
strict-hot,hot,18,100,45019,fence-after-sync-before-publish,2097154,1048601,86,2,2,0,3,0,0,0,0,1,1,0,1,1,1,1,1,1,1,1
strict-hot,hot,18,100,45019,fence-after-sync-before-publish,2097154,1048601,86,2,2,0,4,0.2,0,0,0,1,1,0,0.8,1,1,1,1,1,1,1
strict-hot,hot,18,100,45019,fence-after-sync-before-publish,2097154,1048601,86,2,2,0,5,0,0,0,0,1,1,0,1,1,1,1,1,1,1,1
strict-hot,hot,18,100,45019,fence-after-sync-before-publish,2097154,1048601,86,2,2,0,6,0,0,0,0,1,1,0,1,1,1,1,1,1,1,1
strict-hot,hot,18,100,45019,fence-after-sync-before-publish,2097154,1048601,86,2,2,0,7,0,0,0,0,1,1,0,1,1,1,1,1,1,1,1
strict-hot,hot,18,100,45019,fence-after-sync-before-publish,2097154,1048601,86,2,2,0,8,0.2,0,0,0,1,1,0,0.8,1,1,1,1,1,1,1
strict-hot,hot,18,100,45019,fence-after-sync-before-publish,2097154,1048601,86,2,2,0,9,0,0,0,0,1,1,0,1,1,1,1,1,1,1,1
strict-hot,hot,18,100,45019,fence-after-sync-before-publish,2097154,1048601,86,2,2,0,10,0,0,0,0,1,1,0,1,1,1,1,1,1,1,1
strict-hot,hot,18,100,45019,fence-after-sync-before-publish,2097154,1048601,86,2,2,0,11,0,0,0,0,1,1,0,1,1,1,1,1,1,1,1
exchange-hot-guard,hot,18,117,45019,terminal-unfenced-suffix,1048601,1048601,-1,0,0,0,0,0,0,0,0,1,1,0,1,1,1,1,1,1,1,1
exchange-hot-guard,hot,18,117,45019,terminal-unfenced-suffix,1048601,1048601,-1,0,0,0,1,0,0,0,0,1,1,0,1,1,1,1,1,1,1,1
exchange-hot-guard,hot,18,117,45019,terminal-unfenced-suffix,1048601,1048601,-1,0,0,0,2,0,0,0,0,1,1,0,1,1,1,1,1,1,1,1
exchange-hot-guard,hot,18,117,45019,terminal-unfenced-suffix,1048601,1048601,-1,0,0,0,3,0,0,0,0,1,1,0,1,1,1,1,1,1,1,1
exchange-hot-guard,hot,18,117,45019,terminal-unfenced-suffix,1048601,1048601,-1,0,0,0,4,0,0,0,0,1,1,0,1,1,1,1,1,1,1,1
exchange-hot-guard,hot,18,117,45019,terminal-unfenced-suffix,1048601,1048601,-1,0,0,0,5,0,0,0,0,1,1,0,1,1,1,1,1,1,1,1
exchange-hot-guard,hot,18,117,45019,terminal-unfenced-suffix,1048601,1048601,-1,0,0,0,6,0,0,0,0,1,1,0,1,1,1,1,1,1,1,1
exchange-hot-guard,hot,18,117,45019,terminal-unfenced-suffix,1048601,1048601,-1,0,0,0,7,0,0,0,0,1,1,0,1,1,1,1,1,1,1,1
exchange-hot-guard,hot,18,117,45019,terminal-unfenced-suffix,1048601,1048601,-1,0,0,0,8,0,0,0,0,1,1,0,1,1,1,1,1,1,1,1
exchange-hot-guard,hot,18,117,45019,terminal-unfenced-suffix,1048601,1048601,-1,0,0,0,9,0,0,0,0,1,1,0,1,1,1,1,1,1,1,1
exchange-hot-guard,hot,18,117,45019,terminal-unfenced-suffix,1048601,1048601,-1,0,0,0,10,0,0,0,0,1,1,0,1,1,1,1,1,1,1,1
exchange-hot-guard,hot,18,117,45019,terminal-unfenced-suffix,1048601,1048601,-1,0,0,0,11,0,0,0,0,1,1,0,1,1,1,1,1,1,1,1
exchange-hot,hot,18,100,45019,terminal-unfenced-suffix,1048601,1048592,-1,9,0,9,0,0.3,0.3,0.3,5.55112e-17,1,0.7,0.3,1,1,1,1,1,1,1,1
exchange-hot,hot,18,100,45019,terminal-unfenced-suffix,1048601,1048592,-1,9,0,9,1,0.2,0.2,0.2,0,1,0.8,0.2,1,1,1,1,1,1,1,1
exchange-hot,hot,18,100,45019,terminal-unfenced-suffix,1048601,1048592,-1,9,0,9,2,0.2,0.2,0.2,0,1,0.8,0.2,1,1,1,1,1,1,1,1
exchange-hot,hot,18,100,45019,terminal-unfenced-suffix,1048601,1048592,-1,9,0,9,3,0.2,0.2,0.2,0,1,0.8,0.2,1,1,1,1,1,1,1,1
exchange-hot,hot,18,100,45019,terminal-unfenced-suffix,1048601,1048592,-1,9,0,9,4,0.3,0.3,0.3,5.55112e-17,1,0.7,0.3,1,1,1,1,1,1,1,1
exchange-hot,hot,18,100,45019,terminal-unfenced-suffix,1048601,1048592,-1,9,0,9,5,0.2,0.2,0.2,0,1,0.8,0.2,1,1,1,1,1,1,1,1
exchange-hot,hot,18,100,45019,terminal-unfenced-suffix,1048601,1048592,-1,9,0,9,6,0.2,0.2,0.2,0,1,0.8,0.2,1,1,1,1,1,1,1,1
exchange-hot,hot,18,100,45019,terminal-unfenced-suffix,1048601,1048592,-1,9,0,9,7,0.2,0.2,0.2,0,1,0.8,0.2,1,1,1,1,1,1,1,1
exchange-hot,hot,18,100,45019,terminal-unfenced-suffix,1048601,1048592,-1,9,0,9,8,0.3,0.3,0.3,5.55112e-17,1,0.7,0.3,1,1,1,1,1,1,1,1
exchange-hot,hot,18,100,45019,terminal-unfenced-suffix,1048601,1048592,-1,9,0,9,9,0.2,0.2,0.2,0,1,0.8,0.2,1,1,1,1,1,1,1,1
exchange-hot,hot,18,100,45019,terminal-unfenced-suffix,1048601,1048592,-1,9,0,9,10,0.2,0.2,0.2,0,1,0.8,0.2,1,1,1,1,1,1,1,1
exchange-hot,hot,18,100,45019,terminal-unfenced-suffix,1048601,1048592,-1,9,0,9,11,0.2,0.2,0.2,0,1,0.8,0.2,1,1,1,1,1,1,1,1
exchange-random,random,18,117,9019,terminal-unfenced-suffix,1048601,1048592,-1,9,0,9,0,0,0,0,0,1,1,0,1,1,1,1,1,1,1,1
exchange-random,random,18,117,9019,terminal-unfenced-suffix,1048601,1048592,-1,9,0,9,1,0,0,0,0,1,1,0,1,1,1,1,1,1,1,1
exchange-random,random,18,117,9019,terminal-unfenced-suffix,1048601,1048592,-1,9,0,9,2,0,0,0,0,1,1,0,1,1,1,1,1,1,1,1
exchange-random,random,18,117,9019,terminal-unfenced-suffix,1048601,1048592,-1,9,0,9,3,0,0,0,0,1,1,0,1,1,1,1,1,1,1,1
exchange-random,random,18,117,9019,terminal-unfenced-suffix,1048601,1048592,-1,9,0,9,4,0,0,0,0,1,1,0,1,1,1,1,1,1,1,1
exchange-random,random,18,117,9019,terminal-unfenced-suffix,1048601,1048592,-1,9,0,9,5,0,0,0,0,1,1,0,1,1,1,1,1,1,1,1
exchange-random,random,18,117,9019,terminal-unfenced-suffix,1048601,1048592,-1,9,0,9,6,0.1,0.1,0.1,0,1,0.9,0.1,1,1,1,1,1,1,1,1
exchange-random,random,18,117,9019,terminal-unfenced-suffix,1048601,1048592,-1,9,0,9,7,0,0,0,0,1,1,0,1,1,1,1,1,1,1,1
exchange-random,random,18,117,9019,terminal-unfenced-suffix,1048601,1048592,-1,9,0,9,8,0.2,0.2,0.2,0,1,0.8,0.2,1,1,1,1,1,1,1,1
exchange-random,random,18,117,9019,terminal-unfenced-suffix,1048601,1048592,-1,9,0,9,9,0.2,0.2,0.2,0,1,0.8,0.2,1,1,1,1,1,1,1,1
exchange-random,random,18,117,9019,terminal-unfenced-suffix,1048601,1048592,-1,9,0,9,10,0.1,0.1,0.1,0,1,0.9,0.1,1,1,1,1,1,1,1,1
exchange-random,random,18,117,9019,terminal-unfenced-suffix,1048601,1048592,-1,9,0,9,11,0,0,0,0,1,1,0,1,1,1,1,1,1,1,1
fixed-time,random,18,100,9019,terminal-unfenced-suffix,1048601,1048601,-1,0,0,0,0,0,0,0,0,1,1,0,1,1,1,1,1,1,1,1
fixed-time,random,18,100,9019,terminal-unfenced-suffix,1048601,1048601,-1,0,0,0,1,0,0,0,0,1,1,0,1,1,1,1,1,1,1,1
fixed-time,random,18,100,9019,terminal-unfenced-suffix,1048601,1048601,-1,0,0,0,2,0,0,0,0,1,1,0,1,1,1,1,1,1,1,1
fixed-time,random,18,100,9019,terminal-unfenced-suffix,1048601,1048601,-1,0,0,0,3,0,0,0,0,1,1,0,1,1,1,1,1,1,1,1
fixed-time,random,18,100,9019,terminal-unfenced-suffix,1048601,1048601,-1,0,0,0,4,0,0,0,0,1,1,0,1,1,1,1,1,1,1,1
fixed-time,random,18,100,9019,terminal-unfenced-suffix,1048601,1048601,-1,0,0,0,5,0,0,0,0,1,1,0,1,1,1,1,1,1,1,1
fixed-time,random,18,100,9019,terminal-unfenced-suffix,1048601,1048601,-1,0,0,0,6,0,0,0,0,1,1,0,1,1,1,1,1,1,1,1
fixed-time,random,18,100,9019,terminal-unfenced-suffix,1048601,1048601,-1,0,0,0,7,0,0,0,0,1,1,0,1,1,1,1,1,1,1,1
fixed-time,random,18,100,9019,terminal-unfenced-suffix,1048601,1048601,-1,0,0,0,8,0,0,0,0,1,1,0,1,1,1,1,1,1,1,1
fixed-time,random,18,100,9019,terminal-unfenced-suffix,1048601,1048601,-1,0,0,0,9,0,0,0,0,1,1,0,1,1,1,1,1,1,1,1
fixed-time,random,18,100,9019,terminal-unfenced-suffix,1048601,1048601,-1,0,0,0,10,0,0,0,0,1,1,0,1,1,1,1,1,1,1,1
fixed-time,random,18,100,9019,terminal-unfenced-suffix,1048601,1048601,-1,0,0,0,11,0,0,0,0,1,1,0,1,1,1,1,1,1,1,1
fixed-count,random,18,117,9019,terminal-unfenced-suffix,1048601,1048600,-1,1,0,1,0,0,0,0,0,1,1,0,1,1,1,1,1,1,1,1
fixed-count,random,18,117,9019,terminal-unfenced-suffix,1048601,1048600,-1,1,0,1,1,0,0,0,0,1,1,0,1,1,1,1,1,1,1,1
fixed-count,random,18,117,9019,terminal-unfenced-suffix,1048601,1048600,-1,1,0,1,2,0,0,0,0,1,1,0,1,1,1,1,1,1,1,1
fixed-count,random,18,117,9019,terminal-unfenced-suffix,1048601,1048600,-1,1,0,1,3,0,0,0,0,1,1,0,1,1,1,1,1,1,1,1
fixed-count,random,18,117,9019,terminal-unfenced-suffix,1048601,1048600,-1,1,0,1,4,0,0,0,0,1,1,0,1,1,1,1,1,1,1,1
fixed-count,random,18,117,9019,terminal-unfenced-suffix,1048601,1048600,-1,1,0,1,5,0,0,0,0,1,1,0,1,1,1,1,1,1,1,1
fixed-count,random,18,117,9019,terminal-unfenced-suffix,1048601,1048600,-1,1,0,1,6,0,0,0,0,1,1,0,1,1,1,1,1,1,1,1
fixed-count,random,18,117,9019,terminal-unfenced-suffix,1048601,1048600,-1,1,0,1,7,0,0,0,0,1,1,0,1,1,1,1,1,1,1,1
fixed-count,random,18,117,9019,terminal-unfenced-suffix,1048601,1048600,-1,1,0,1,8,0,0,0,0,1,1,0,1,1,1,1,1,1,1,1
fixed-count,random,18,117,9019,terminal-unfenced-suffix,1048601,1048600,-1,1,0,1,9,0,0,0,0,1,1,0,1,1,1,1,1,1,1,1
fixed-count,random,18,117,9019,terminal-unfenced-suffix,1048601,1048600,-1,1,0,1,10,0,0,0,0,1,1,0,1,1,1,1,1,1,1,1
fixed-count,random,18,117,9019,terminal-unfenced-suffix,1048601,1048600,-1,1,0,1,11,0,0,0,0,1,1,0,1,1,1,1,1,1,1,1
strict-random,random,18,117,9019,strict-cap-before-fence,2097154,1048601,87,2,0,2,0,0.2,0.2,0.2,0,1,0.8,0.2,1,1,1,1,1,1,1,1
strict-random,random,18,117,9019,strict-cap-before-fence,2097154,1048601,87,2,0,2,1,0,0,0,0,1,1,0,1,1,1,1,1,1,1,1
strict-random,random,18,117,9019,strict-cap-before-fence,2097154,1048601,87,2,0,2,2,0,0,0,0,1,1,0,1,1,1,1,1,1,1,1
strict-random,random,18,117,9019,strict-cap-before-fence,2097154,1048601,87,2,0,2,3,0,0,0,0,1,1,0,1,1,1,1,1,1,1,1
strict-random,random,18,117,9019,strict-cap-before-fence,2097154,1048601,87,2,0,2,4,0,0,0,0,1,1,0,1,1,1,1,1,1,1,1
strict-random,random,18,117,9019,strict-cap-before-fence,2097154,1048601,87,2,0,2,5,0,0,0,0,1,1,0,1,1,1,1,1,1,1,1
strict-random,random,18,117,9019,strict-cap-before-fence,2097154,1048601,87,2,0,2,6,0,0,0,0,1,1,0,1,1,1,1,1,1,1,1
strict-random,random,18,117,9019,strict-cap-before-fence,2097154,1048601,87,2,0,2,7,0,0,0,0,1,1,0,1,1,1,1,1,1,1,1
strict-random,random,18,117,9019,strict-cap-before-fence,2097154,1048601,87,2,0,2,8,0,0,0,0,1,1,0,1,1,1,1,1,1,1,1
strict-random,random,18,117,9019,strict-cap-before-fence,2097154,1048601,87,2,0,2,9,0,0,0,0,1,1,0,1,1,1,1,1,1,1,1
strict-random,random,18,117,9019,strict-cap-before-fence,2097154,1048601,87,2,0,2,10,0,0,0,0,1,1,0,1,1,1,1,1,1,1,1
strict-random,random,18,117,9019,strict-cap-before-fence,2097154,1048601,87,2,0,2,11,0,0,0,0,1,1,0,1,1,1,1,1,1,1,1
fixed-time,random,19,117,9020,terminal-unfenced-suffix,1048601,1048601,-1,0,0,0,0,0,0,0,0,1,1,0,1,1,1,1,1,1,1,1
fixed-time,random,19,117,9020,terminal-unfenced-suffix,1048601,1048601,-1,0,0,0,1,0,0,0,0,1,1,0,1,1,1,1,1,1,1,1
fixed-time,random,19,117,9020,terminal-unfenced-suffix,1048601,1048601,-1,0,0,0,2,0,0,0,0,1,1,0,1,1,1,1,1,1,1,1
fixed-time,random,19,117,9020,terminal-unfenced-suffix,1048601,1048601,-1,0,0,0,3,0,0,0,0,1,1,0,1,1,1,1,1,1,1,1
fixed-time,random,19,117,9020,terminal-unfenced-suffix,1048601,1048601,-1,0,0,0,4,0,0,0,0,1,1,0,1,1,1,1,1,1,1,1
fixed-time,random,19,117,9020,terminal-unfenced-suffix,1048601,1048601,-1,0,0,0,5,0,0,0,0,1,1,0,1,1,1,1,1,1,1,1
fixed-time,random,19,117,9020,terminal-unfenced-suffix,1048601,1048601,-1,0,0,0,6,0,0,0,0,1,1,0,1,1,1,1,1,1,1,1
fixed-time,random,19,117,9020,terminal-unfenced-suffix,1048601,1048601,-1,0,0,0,7,0,0,0,0,1,1,0,1,1,1,1,1,1,1,1
fixed-time,random,19,117,9020,terminal-unfenced-suffix,1048601,1048601,-1,0,0,0,8,0,0,0,0,1,1,0,1,1,1,1,1,1,1,1
fixed-time,random,19,117,9020,terminal-unfenced-suffix,1048601,1048601,-1,0,0,0,9,0,0,0,0,1,1,0,1,1,1,1,1,1,1,1
fixed-time,random,19,117,9020,terminal-unfenced-suffix,1048601,1048601,-1,0,0,0,10,0,0,0,0,1,1,0,1,1,1,1,1,1,1,1
fixed-time,random,19,117,9020,terminal-unfenced-suffix,1048601,1048601,-1,0,0,0,11,0,0,0,0,1,1,0,1,1,1,1,1,1,1,1
strict-random,random,19,100,9020,strict-cap-before-fence,2097154,1048601,87,2,0,2,0,0.2,0.2,0.2,0,1,0.8,0.2,1,1,1,1,1,1,1,1
strict-random,random,19,100,9020,strict-cap-before-fence,2097154,1048601,87,2,0,2,1,0,0,0,0,1,1,0,1,1,1,1,1,1,1,1
strict-random,random,19,100,9020,strict-cap-before-fence,2097154,1048601,87,2,0,2,2,0,0,0,0,1,1,0,1,1,1,1,1,1,1,1
strict-random,random,19,100,9020,strict-cap-before-fence,2097154,1048601,87,2,0,2,3,0,0,0,0,1,1,0,1,1,1,1,1,1,1,1
strict-random,random,19,100,9020,strict-cap-before-fence,2097154,1048601,87,2,0,2,4,0,0,0,0,1,1,0,1,1,1,1,1,1,1,1
strict-random,random,19,100,9020,strict-cap-before-fence,2097154,1048601,87,2,0,2,5,0,0,0,0,1,1,0,1,1,1,1,1,1,1,1
strict-random,random,19,100,9020,strict-cap-before-fence,2097154,1048601,87,2,0,2,6,0,0,0,0,1,1,0,1,1,1,1,1,1,1,1
strict-random,random,19,100,9020,strict-cap-before-fence,2097154,1048601,87,2,0,2,7,0,0,0,0,1,1,0,1,1,1,1,1,1,1,1
strict-random,random,19,100,9020,strict-cap-before-fence,2097154,1048601,87,2,0,2,8,0,0,0,0,1,1,0,1,1,1,1,1,1,1,1
strict-random,random,19,100,9020,strict-cap-before-fence,2097154,1048601,87,2,0,2,9,0,0,0,0,1,1,0,1,1,1,1,1,1,1,1
strict-random,random,19,100,9020,strict-cap-before-fence,2097154,1048601,87,2,0,2,10,0,0,0,0,1,1,0,1,1,1,1,1,1,1,1
strict-random,random,19,100,9020,strict-cap-before-fence,2097154,1048601,87,2,0,2,11,0,0,0,0,1,1,0,1,1,1,1,1,1,1,1
strict-hot,hot,19,117,45020,fence-after-sync-before-publish,2097154,1048601,86,2,2,0,0,0.2,0,0,0,1,1,0,0.8,1,1,1,1,1,1,1
strict-hot,hot,19,117,45020,fence-after-sync-before-publish,2097154,1048601,86,2,2,0,1,0,0,0,0,1,1,0,1,1,1,1,1,1,1,1
strict-hot,hot,19,117,45020,fence-after-sync-before-publish,2097154,1048601,86,2,2,0,2,0,0,0,0,1,1,0,1,1,1,1,1,1,1,1
strict-hot,hot,19,117,45020,fence-after-sync-before-publish,2097154,1048601,86,2,2,0,3,0,0,0,0,1,1,0,1,1,1,1,1,1,1,1
strict-hot,hot,19,117,45020,fence-after-sync-before-publish,2097154,1048601,86,2,2,0,4,0.2,0,0,0,1,1,0,0.8,1,1,1,1,1,1,1
strict-hot,hot,19,117,45020,fence-after-sync-before-publish,2097154,1048601,86,2,2,0,5,0,0,0,0,1,1,0,1,1,1,1,1,1,1,1
strict-hot,hot,19,117,45020,fence-after-sync-before-publish,2097154,1048601,86,2,2,0,6,0,0,0,0,1,1,0,1,1,1,1,1,1,1,1
strict-hot,hot,19,117,45020,fence-after-sync-before-publish,2097154,1048601,86,2,2,0,7,0,0,0,0,1,1,0,1,1,1,1,1,1,1,1
strict-hot,hot,19,117,45020,fence-after-sync-before-publish,2097154,1048601,86,2,2,0,8,0.2,0,0,0,1,1,0,0.8,1,1,1,1,1,1,1
strict-hot,hot,19,117,45020,fence-after-sync-before-publish,2097154,1048601,86,2,2,0,9,0,0,0,0,1,1,0,1,1,1,1,1,1,1,1
strict-hot,hot,19,117,45020,fence-after-sync-before-publish,2097154,1048601,86,2,2,0,10,0,0,0,0,1,1,0,1,1,1,1,1,1,1,1
strict-hot,hot,19,117,45020,fence-after-sync-before-publish,2097154,1048601,86,2,2,0,11,0,0,0,0,1,1,0,1,1,1,1,1,1,1,1
exchange-random,random,19,100,9020,terminal-unfenced-suffix,1048601,1048592,-1,9,0,9,0,0,0,0,0,1,1,0,1,1,1,1,1,1,1,1
exchange-random,random,19,100,9020,terminal-unfenced-suffix,1048601,1048592,-1,9,0,9,1,0,0,0,0,1,1,0,1,1,1,1,1,1,1,1
exchange-random,random,19,100,9020,terminal-unfenced-suffix,1048601,1048592,-1,9,0,9,2,0,0,0,0,1,1,0,1,1,1,1,1,1,1,1
exchange-random,random,19,100,9020,terminal-unfenced-suffix,1048601,1048592,-1,9,0,9,3,0.1,0.1,0.1,0,1,0.9,0.1,1,1,1,1,1,1,1,1
exchange-random,random,19,100,9020,terminal-unfenced-suffix,1048601,1048592,-1,9,0,9,4,0,0,0,0,1,1,0,1,1,1,1,1,1,1,1
exchange-random,random,19,100,9020,terminal-unfenced-suffix,1048601,1048592,-1,9,0,9,5,0,0,0,0,1,1,0,1,1,1,1,1,1,1,1
exchange-random,random,19,100,9020,terminal-unfenced-suffix,1048601,1048592,-1,9,0,9,6,0.1,0.1,0.1,0,1,0.9,0.1,1,1,1,1,1,1,1,1
exchange-random,random,19,100,9020,terminal-unfenced-suffix,1048601,1048592,-1,9,0,9,7,0.2,0.2,0.2,0,1,0.8,0.2,1,1,1,1,1,1,1,1
exchange-random,random,19,100,9020,terminal-unfenced-suffix,1048601,1048592,-1,9,0,9,8,0.1,0.1,0.1,0,1,0.9,0.1,1,1,1,1,1,1,1,1
exchange-random,random,19,100,9020,terminal-unfenced-suffix,1048601,1048592,-1,9,0,9,9,0.2,0.2,0.2,0,1,0.8,0.2,1,1,1,1,1,1,1,1
exchange-random,random,19,100,9020,terminal-unfenced-suffix,1048601,1048592,-1,9,0,9,10,0,0,0,0,1,1,0,1,1,1,1,1,1,1,1
exchange-random,random,19,100,9020,terminal-unfenced-suffix,1048601,1048592,-1,9,0,9,11,0.2,0.2,0.2,0,1,0.8,0.2,1,1,1,1,1,1,1,1
exchange-hot,hot,19,117,45020,terminal-unfenced-suffix,1048601,1048592,-1,9,0,9,0,0.3,0.3,0.3,5.55112e-17,1,0.7,0.3,1,1,1,1,1,1,1,1
exchange-hot,hot,19,117,45020,terminal-unfenced-suffix,1048601,1048592,-1,9,0,9,1,0.2,0.2,0.2,0,1,0.8,0.2,1,1,1,1,1,1,1,1
exchange-hot,hot,19,117,45020,terminal-unfenced-suffix,1048601,1048592,-1,9,0,9,2,0.2,0.2,0.2,0,1,0.8,0.2,1,1,1,1,1,1,1,1
exchange-hot,hot,19,117,45020,terminal-unfenced-suffix,1048601,1048592,-1,9,0,9,3,0.2,0.2,0.2,0,1,0.8,0.2,1,1,1,1,1,1,1,1
exchange-hot,hot,19,117,45020,terminal-unfenced-suffix,1048601,1048592,-1,9,0,9,4,0.3,0.3,0.3,5.55112e-17,1,0.7,0.3,1,1,1,1,1,1,1,1
exchange-hot,hot,19,117,45020,terminal-unfenced-suffix,1048601,1048592,-1,9,0,9,5,0.2,0.2,0.2,0,1,0.8,0.2,1,1,1,1,1,1,1,1
exchange-hot,hot,19,117,45020,terminal-unfenced-suffix,1048601,1048592,-1,9,0,9,6,0.2,0.2,0.2,0,1,0.8,0.2,1,1,1,1,1,1,1,1
exchange-hot,hot,19,117,45020,terminal-unfenced-suffix,1048601,1048592,-1,9,0,9,7,0.2,0.2,0.2,0,1,0.8,0.2,1,1,1,1,1,1,1,1
exchange-hot,hot,19,117,45020,terminal-unfenced-suffix,1048601,1048592,-1,9,0,9,8,0.3,0.3,0.3,5.55112e-17,1,0.7,0.3,1,1,1,1,1,1,1,1
exchange-hot,hot,19,117,45020,terminal-unfenced-suffix,1048601,1048592,-1,9,0,9,9,0.2,0.2,0.2,0,1,0.8,0.2,1,1,1,1,1,1,1,1
exchange-hot,hot,19,117,45020,terminal-unfenced-suffix,1048601,1048592,-1,9,0,9,10,0.2,0.2,0.2,0,1,0.8,0.2,1,1,1,1,1,1,1,1
exchange-hot,hot,19,117,45020,terminal-unfenced-suffix,1048601,1048592,-1,9,0,9,11,0.2,0.2,0.2,0,1,0.8,0.2,1,1,1,1,1,1,1,1
stable-group,random,19,117,9020,terminal-unfenced-suffix,1048601,1048601,-1,0,0,0,0,0,0,0,0,1,1,0,1,1,1,1,1,1,1,1
stable-group,random,19,117,9020,terminal-unfenced-suffix,1048601,1048601,-1,0,0,0,1,0,0,0,0,1,1,0,1,1,1,1,1,1,1,1
stable-group,random,19,117,9020,terminal-unfenced-suffix,1048601,1048601,-1,0,0,0,2,0,0,0,0,1,1,0,1,1,1,1,1,1,1,1
stable-group,random,19,117,9020,terminal-unfenced-suffix,1048601,1048601,-1,0,0,0,3,0,0,0,0,1,1,0,1,1,1,1,1,1,1,1
stable-group,random,19,117,9020,terminal-unfenced-suffix,1048601,1048601,-1,0,0,0,4,0,0,0,0,1,1,0,1,1,1,1,1,1,1,1
stable-group,random,19,117,9020,terminal-unfenced-suffix,1048601,1048601,-1,0,0,0,5,0,0,0,0,1,1,0,1,1,1,1,1,1,1,1
stable-group,random,19,117,9020,terminal-unfenced-suffix,1048601,1048601,-1,0,0,0,6,0,0,0,0,1,1,0,1,1,1,1,1,1,1,1
stable-group,random,19,117,9020,terminal-unfenced-suffix,1048601,1048601,-1,0,0,0,7,0,0,0,0,1,1,0,1,1,1,1,1,1,1,1
stable-group,random,19,117,9020,terminal-unfenced-suffix,1048601,1048601,-1,0,0,0,8,0,0,0,0,1,1,0,1,1,1,1,1,1,1,1
stable-group,random,19,117,9020,terminal-unfenced-suffix,1048601,1048601,-1,0,0,0,9,0,0,0,0,1,1,0,1,1,1,1,1,1,1,1
stable-group,random,19,117,9020,terminal-unfenced-suffix,1048601,1048601,-1,0,0,0,10,0,0,0,0,1,1,0,1,1,1,1,1,1,1,1
stable-group,random,19,117,9020,terminal-unfenced-suffix,1048601,1048601,-1,0,0,0,11,0,0,0,0,1,1,0,1,1,1,1,1,1,1,1
exchange-hot-guard,hot,19,100,45020,terminal-unfenced-suffix,1048601,1048601,-1,0,0,0,0,0,0,0,0,1,1,0,1,1,1,1,1,1,1,1
exchange-hot-guard,hot,19,100,45020,terminal-unfenced-suffix,1048601,1048601,-1,0,0,0,1,0,0,0,0,1,1,0,1,1,1,1,1,1,1,1
exchange-hot-guard,hot,19,100,45020,terminal-unfenced-suffix,1048601,1048601,-1,0,0,0,2,0,0,0,0,1,1,0,1,1,1,1,1,1,1,1
exchange-hot-guard,hot,19,100,45020,terminal-unfenced-suffix,1048601,1048601,-1,0,0,0,3,0,0,0,0,1,1,0,1,1,1,1,1,1,1,1
exchange-hot-guard,hot,19,100,45020,terminal-unfenced-suffix,1048601,1048601,-1,0,0,0,4,0,0,0,0,1,1,0,1,1,1,1,1,1,1,1
exchange-hot-guard,hot,19,100,45020,terminal-unfenced-suffix,1048601,1048601,-1,0,0,0,5,0,0,0,0,1,1,0,1,1,1,1,1,1,1,1
exchange-hot-guard,hot,19,100,45020,terminal-unfenced-suffix,1048601,1048601,-1,0,0,0,6,0,0,0,0,1,1,0,1,1,1,1,1,1,1,1
exchange-hot-guard,hot,19,100,45020,terminal-unfenced-suffix,1048601,1048601,-1,0,0,0,7,0,0,0,0,1,1,0,1,1,1,1,1,1,1,1
exchange-hot-guard,hot,19,100,45020,terminal-unfenced-suffix,1048601,1048601,-1,0,0,0,8,0,0,0,0,1,1,0,1,1,1,1,1,1,1,1
exchange-hot-guard,hot,19,100,45020,terminal-unfenced-suffix,1048601,1048601,-1,0,0,0,9,0,0,0,0,1,1,0,1,1,1,1,1,1,1,1
exchange-hot-guard,hot,19,100,45020,terminal-unfenced-suffix,1048601,1048601,-1,0,0,0,10,0,0,0,0,1,1,0,1,1,1,1,1,1,1,1
exchange-hot-guard,hot,19,100,45020,terminal-unfenced-suffix,1048601,1048601,-1,0,0,0,11,0,0,0,0,1,1,0,1,1,1,1,1,1,1,1
fixed-count,random,19,100,9020,terminal-unfenced-suffix,1048601,1048600,-1,1,0,1,0,0,0,0,0,1,1,0,1,1,1,1,1,1,1,1
fixed-count,random,19,100,9020,terminal-unfenced-suffix,1048601,1048600,-1,1,0,1,1,0,0,0,0,1,1,0,1,1,1,1,1,1,1,1
fixed-count,random,19,100,9020,terminal-unfenced-suffix,1048601,1048600,-1,1,0,1,2,0,0,0,0,1,1,0,1,1,1,1,1,1,1,1
fixed-count,random,19,100,9020,terminal-unfenced-suffix,1048601,1048600,-1,1,0,1,3,0,0,0,0,1,1,0,1,1,1,1,1,1,1,1
fixed-count,random,19,100,9020,terminal-unfenced-suffix,1048601,1048600,-1,1,0,1,4,0,0,0,0,1,1,0,1,1,1,1,1,1,1,1
fixed-count,random,19,100,9020,terminal-unfenced-suffix,1048601,1048600,-1,1,0,1,5,0,0,0,0,1,1,0,1,1,1,1,1,1,1,1
fixed-count,random,19,100,9020,terminal-unfenced-suffix,1048601,1048600,-1,1,0,1,6,0,0,0,0,1,1,0,1,1,1,1,1,1,1,1
fixed-count,random,19,100,9020,terminal-unfenced-suffix,1048601,1048600,-1,1,0,1,7,0,0,0,0,1,1,0,1,1,1,1,1,1,1,1
fixed-count,random,19,100,9020,terminal-unfenced-suffix,1048601,1048600,-1,1,0,1,8,0,0,0,0,1,1,0,1,1,1,1,1,1,1,1
fixed-count,random,19,100,9020,terminal-unfenced-suffix,1048601,1048600,-1,1,0,1,9,0.1,0.1,0.1,0,1,0.9,0.1,1,1,1,1,1,1,1,1
fixed-count,random,19,100,9020,terminal-unfenced-suffix,1048601,1048600,-1,1,0,1,10,0,0,0,0,1,1,0,1,1,1,1,1,1,1,1
fixed-count,random,19,100,9020,terminal-unfenced-suffix,1048601,1048600,-1,1,0,1,11,0,0,0,0,1,1,0,1,1,1,1,1,1,1,1
exchange-hot-guard,hot,20,117,45021,terminal-unfenced-suffix,1048601,1048601,-1,0,0,0,0,0,0,0,0,1,1,0,1,1,1,1,1,1,1,1
exchange-hot-guard,hot,20,117,45021,terminal-unfenced-suffix,1048601,1048601,-1,0,0,0,1,0,0,0,0,1,1,0,1,1,1,1,1,1,1,1
exchange-hot-guard,hot,20,117,45021,terminal-unfenced-suffix,1048601,1048601,-1,0,0,0,2,0,0,0,0,1,1,0,1,1,1,1,1,1,1,1
exchange-hot-guard,hot,20,117,45021,terminal-unfenced-suffix,1048601,1048601,-1,0,0,0,3,0,0,0,0,1,1,0,1,1,1,1,1,1,1,1
exchange-hot-guard,hot,20,117,45021,terminal-unfenced-suffix,1048601,1048601,-1,0,0,0,4,0,0,0,0,1,1,0,1,1,1,1,1,1,1,1
exchange-hot-guard,hot,20,117,45021,terminal-unfenced-suffix,1048601,1048601,-1,0,0,0,5,0,0,0,0,1,1,0,1,1,1,1,1,1,1,1
exchange-hot-guard,hot,20,117,45021,terminal-unfenced-suffix,1048601,1048601,-1,0,0,0,6,0,0,0,0,1,1,0,1,1,1,1,1,1,1,1
exchange-hot-guard,hot,20,117,45021,terminal-unfenced-suffix,1048601,1048601,-1,0,0,0,7,0,0,0,0,1,1,0,1,1,1,1,1,1,1,1
exchange-hot-guard,hot,20,117,45021,terminal-unfenced-suffix,1048601,1048601,-1,0,0,0,8,0,0,0,0,1,1,0,1,1,1,1,1,1,1,1
exchange-hot-guard,hot,20,117,45021,terminal-unfenced-suffix,1048601,1048601,-1,0,0,0,9,0,0,0,0,1,1,0,1,1,1,1,1,1,1,1
exchange-hot-guard,hot,20,117,45021,terminal-unfenced-suffix,1048601,1048601,-1,0,0,0,10,0,0,0,0,1,1,0,1,1,1,1,1,1,1,1
exchange-hot-guard,hot,20,117,45021,terminal-unfenced-suffix,1048601,1048601,-1,0,0,0,11,0,0,0,0,1,1,0,1,1,1,1,1,1,1,1
fixed-count,random,20,117,9021,terminal-unfenced-suffix,1048601,1048600,-1,1,0,1,0,0,0,0,0,1,1,0,1,1,1,1,1,1,1,1
fixed-count,random,20,117,9021,terminal-unfenced-suffix,1048601,1048600,-1,1,0,1,1,0,0,0,0,1,1,0,1,1,1,1,1,1,1,1
fixed-count,random,20,117,9021,terminal-unfenced-suffix,1048601,1048600,-1,1,0,1,2,0,0,0,0,1,1,0,1,1,1,1,1,1,1,1
fixed-count,random,20,117,9021,terminal-unfenced-suffix,1048601,1048600,-1,1,0,1,3,0,0,0,0,1,1,0,1,1,1,1,1,1,1,1
fixed-count,random,20,117,9021,terminal-unfenced-suffix,1048601,1048600,-1,1,0,1,4,0,0,0,0,1,1,0,1,1,1,1,1,1,1,1
fixed-count,random,20,117,9021,terminal-unfenced-suffix,1048601,1048600,-1,1,0,1,5,0,0,0,0,1,1,0,1,1,1,1,1,1,1,1
fixed-count,random,20,117,9021,terminal-unfenced-suffix,1048601,1048600,-1,1,0,1,6,0,0,0,0,1,1,0,1,1,1,1,1,1,1,1
fixed-count,random,20,117,9021,terminal-unfenced-suffix,1048601,1048600,-1,1,0,1,7,0,0,0,0,1,1,0,1,1,1,1,1,1,1,1
fixed-count,random,20,117,9021,terminal-unfenced-suffix,1048601,1048600,-1,1,0,1,8,0,0,0,0,1,1,0,1,1,1,1,1,1,1,1
fixed-count,random,20,117,9021,terminal-unfenced-suffix,1048601,1048600,-1,1,0,1,9,0,0,0,0,1,1,0,1,1,1,1,1,1,1,1
fixed-count,random,20,117,9021,terminal-unfenced-suffix,1048601,1048600,-1,1,0,1,10,0,0,0,0,1,1,0,1,1,1,1,1,1,1,1
fixed-count,random,20,117,9021,terminal-unfenced-suffix,1048601,1048600,-1,1,0,1,11,0,0,0,0,1,1,0,1,1,1,1,1,1,1,1
strict-hot,hot,20,100,45021,fence-after-sync-before-publish,2097154,1048601,86,2,2,0,0,0.2,0,0,0,1,1,0,0.8,1,1,1,1,1,1,1
strict-hot,hot,20,100,45021,fence-after-sync-before-publish,2097154,1048601,86,2,2,0,1,0,0,0,0,1,1,0,1,1,1,1,1,1,1,1
strict-hot,hot,20,100,45021,fence-after-sync-before-publish,2097154,1048601,86,2,2,0,2,0,0,0,0,1,1,0,1,1,1,1,1,1,1,1
strict-hot,hot,20,100,45021,fence-after-sync-before-publish,2097154,1048601,86,2,2,0,3,0,0,0,0,1,1,0,1,1,1,1,1,1,1,1
strict-hot,hot,20,100,45021,fence-after-sync-before-publish,2097154,1048601,86,2,2,0,4,0.2,0,0,0,1,1,0,0.8,1,1,1,1,1,1,1
strict-hot,hot,20,100,45021,fence-after-sync-before-publish,2097154,1048601,86,2,2,0,5,0,0,0,0,1,1,0,1,1,1,1,1,1,1,1
strict-hot,hot,20,100,45021,fence-after-sync-before-publish,2097154,1048601,86,2,2,0,6,0,0,0,0,1,1,0,1,1,1,1,1,1,1,1
strict-hot,hot,20,100,45021,fence-after-sync-before-publish,2097154,1048601,86,2,2,0,7,0,0,0,0,1,1,0,1,1,1,1,1,1,1,1
strict-hot,hot,20,100,45021,fence-after-sync-before-publish,2097154,1048601,86,2,2,0,8,0.2,0,0,0,1,1,0,0.8,1,1,1,1,1,1,1
strict-hot,hot,20,100,45021,fence-after-sync-before-publish,2097154,1048601,86,2,2,0,9,0,0,0,0,1,1,0,1,1,1,1,1,1,1,1
strict-hot,hot,20,100,45021,fence-after-sync-before-publish,2097154,1048601,86,2,2,0,10,0,0,0,0,1,1,0,1,1,1,1,1,1,1,1
strict-hot,hot,20,100,45021,fence-after-sync-before-publish,2097154,1048601,86,2,2,0,11,0,0,0,0,1,1,0,1,1,1,1,1,1,1,1
strict-random,random,20,117,9021,strict-cap-before-fence,2097154,1048601,87,2,0,2,0,0.2,0.2,0.2,0,1,0.8,0.2,1,1,1,1,1,1,1,1
strict-random,random,20,117,9021,strict-cap-before-fence,2097154,1048601,87,2,0,2,1,0,0,0,0,1,1,0,1,1,1,1,1,1,1,1
strict-random,random,20,117,9021,strict-cap-before-fence,2097154,1048601,87,2,0,2,2,0,0,0,0,1,1,0,1,1,1,1,1,1,1,1
strict-random,random,20,117,9021,strict-cap-before-fence,2097154,1048601,87,2,0,2,3,0,0,0,0,1,1,0,1,1,1,1,1,1,1,1
strict-random,random,20,117,9021,strict-cap-before-fence,2097154,1048601,87,2,0,2,4,0,0,0,0,1,1,0,1,1,1,1,1,1,1,1
strict-random,random,20,117,9021,strict-cap-before-fence,2097154,1048601,87,2,0,2,5,0,0,0,0,1,1,0,1,1,1,1,1,1,1,1
strict-random,random,20,117,9021,strict-cap-before-fence,2097154,1048601,87,2,0,2,6,0,0,0,0,1,1,0,1,1,1,1,1,1,1,1
strict-random,random,20,117,9021,strict-cap-before-fence,2097154,1048601,87,2,0,2,7,0,0,0,0,1,1,0,1,1,1,1,1,1,1,1
strict-random,random,20,117,9021,strict-cap-before-fence,2097154,1048601,87,2,0,2,8,0,0,0,0,1,1,0,1,1,1,1,1,1,1,1
strict-random,random,20,117,9021,strict-cap-before-fence,2097154,1048601,87,2,0,2,9,0,0,0,0,1,1,0,1,1,1,1,1,1,1,1
strict-random,random,20,117,9021,strict-cap-before-fence,2097154,1048601,87,2,0,2,10,0,0,0,0,1,1,0,1,1,1,1,1,1,1,1
strict-random,random,20,117,9021,strict-cap-before-fence,2097154,1048601,87,2,0,2,11,0,0,0,0,1,1,0,1,1,1,1,1,1,1,1
fixed-time,random,20,100,9021,terminal-unfenced-suffix,1048601,1048601,-1,0,0,0,0,0,0,0,0,1,1,0,1,1,1,1,1,1,1,1
fixed-time,random,20,100,9021,terminal-unfenced-suffix,1048601,1048601,-1,0,0,0,1,0,0,0,0,1,1,0,1,1,1,1,1,1,1,1
fixed-time,random,20,100,9021,terminal-unfenced-suffix,1048601,1048601,-1,0,0,0,2,0,0,0,0,1,1,0,1,1,1,1,1,1,1,1
fixed-time,random,20,100,9021,terminal-unfenced-suffix,1048601,1048601,-1,0,0,0,3,0,0,0,0,1,1,0,1,1,1,1,1,1,1,1
fixed-time,random,20,100,9021,terminal-unfenced-suffix,1048601,1048601,-1,0,0,0,4,0,0,0,0,1,1,0,1,1,1,1,1,1,1,1
fixed-time,random,20,100,9021,terminal-unfenced-suffix,1048601,1048601,-1,0,0,0,5,0,0,0,0,1,1,0,1,1,1,1,1,1,1,1
fixed-time,random,20,100,9021,terminal-unfenced-suffix,1048601,1048601,-1,0,0,0,6,0,0,0,0,1,1,0,1,1,1,1,1,1,1,1
fixed-time,random,20,100,9021,terminal-unfenced-suffix,1048601,1048601,-1,0,0,0,7,0,0,0,0,1,1,0,1,1,1,1,1,1,1,1
fixed-time,random,20,100,9021,terminal-unfenced-suffix,1048601,1048601,-1,0,0,0,8,0,0,0,0,1,1,0,1,1,1,1,1,1,1,1
fixed-time,random,20,100,9021,terminal-unfenced-suffix,1048601,1048601,-1,0,0,0,9,0,0,0,0,1,1,0,1,1,1,1,1,1,1,1
fixed-time,random,20,100,9021,terminal-unfenced-suffix,1048601,1048601,-1,0,0,0,10,0,0,0,0,1,1,0,1,1,1,1,1,1,1,1
fixed-time,random,20,100,9021,terminal-unfenced-suffix,1048601,1048601,-1,0,0,0,11,0,0,0,0,1,1,0,1,1,1,1,1,1,1,1
exchange-hot,hot,20,100,45021,terminal-unfenced-suffix,1048601,1048592,-1,9,0,9,0,0.3,0.3,0.3,5.55112e-17,1,0.7,0.3,1,1,1,1,1,1,1,1
exchange-hot,hot,20,100,45021,terminal-unfenced-suffix,1048601,1048592,-1,9,0,9,1,0.2,0.2,0.2,0,1,0.8,0.2,1,1,1,1,1,1,1,1
exchange-hot,hot,20,100,45021,terminal-unfenced-suffix,1048601,1048592,-1,9,0,9,2,0.2,0.2,0.2,0,1,0.8,0.2,1,1,1,1,1,1,1,1
exchange-hot,hot,20,100,45021,terminal-unfenced-suffix,1048601,1048592,-1,9,0,9,3,0.2,0.2,0.2,0,1,0.8,0.2,1,1,1,1,1,1,1,1
exchange-hot,hot,20,100,45021,terminal-unfenced-suffix,1048601,1048592,-1,9,0,9,4,0.3,0.3,0.3,5.55112e-17,1,0.7,0.3,1,1,1,1,1,1,1,1
exchange-hot,hot,20,100,45021,terminal-unfenced-suffix,1048601,1048592,-1,9,0,9,5,0.2,0.2,0.2,0,1,0.8,0.2,1,1,1,1,1,1,1,1
exchange-hot,hot,20,100,45021,terminal-unfenced-suffix,1048601,1048592,-1,9,0,9,6,0.2,0.2,0.2,0,1,0.8,0.2,1,1,1,1,1,1,1,1
exchange-hot,hot,20,100,45021,terminal-unfenced-suffix,1048601,1048592,-1,9,0,9,7,0.2,0.2,0.2,0,1,0.8,0.2,1,1,1,1,1,1,1,1
exchange-hot,hot,20,100,45021,terminal-unfenced-suffix,1048601,1048592,-1,9,0,9,8,0.3,0.3,0.3,5.55112e-17,1,0.7,0.3,1,1,1,1,1,1,1,1
exchange-hot,hot,20,100,45021,terminal-unfenced-suffix,1048601,1048592,-1,9,0,9,9,0.2,0.2,0.2,0,1,0.8,0.2,1,1,1,1,1,1,1,1
exchange-hot,hot,20,100,45021,terminal-unfenced-suffix,1048601,1048592,-1,9,0,9,10,0.2,0.2,0.2,0,1,0.8,0.2,1,1,1,1,1,1,1,1
exchange-hot,hot,20,100,45021,terminal-unfenced-suffix,1048601,1048592,-1,9,0,9,11,0.2,0.2,0.2,0,1,0.8,0.2,1,1,1,1,1,1,1,1
exchange-random,random,20,117,9021,terminal-unfenced-suffix,1048601,1048592,-1,9,0,9,0,0,0,0,0,1,1,0,1,1,1,1,1,1,1,1
exchange-random,random,20,117,9021,terminal-unfenced-suffix,1048601,1048592,-1,9,0,9,1,0,0,0,0,1,1,0,1,1,1,1,1,1,1,1
exchange-random,random,20,117,9021,terminal-unfenced-suffix,1048601,1048592,-1,9,0,9,2,0,0,0,0,1,1,0,1,1,1,1,1,1,1,1
exchange-random,random,20,117,9021,terminal-unfenced-suffix,1048601,1048592,-1,9,0,9,3,0,0,0,0,1,1,0,1,1,1,1,1,1,1,1
exchange-random,random,20,117,9021,terminal-unfenced-suffix,1048601,1048592,-1,9,0,9,4,0,0,0,0,1,1,0,1,1,1,1,1,1,1,1
exchange-random,random,20,117,9021,terminal-unfenced-suffix,1048601,1048592,-1,9,0,9,5,0,0,0,0,1,1,0,1,1,1,1,1,1,1,1
exchange-random,random,20,117,9021,terminal-unfenced-suffix,1048601,1048592,-1,9,0,9,6,0.1,0.1,0.1,0,1,0.9,0.1,1,1,1,1,1,1,1,1
exchange-random,random,20,117,9021,terminal-unfenced-suffix,1048601,1048592,-1,9,0,9,7,0.1,0.1,0.1,0,1,0.9,0.1,1,1,1,1,1,1,1,1
exchange-random,random,20,117,9021,terminal-unfenced-suffix,1048601,1048592,-1,9,0,9,8,0,0,0,0,1,1,0,1,1,1,1,1,1,1,1
exchange-random,random,20,117,9021,terminal-unfenced-suffix,1048601,1048592,-1,9,0,9,9,0,0,0,0,1,1,0,1,1,1,1,1,1,1,1
exchange-random,random,20,117,9021,terminal-unfenced-suffix,1048601,1048592,-1,9,0,9,10,0,0,0,0,1,1,0,1,1,1,1,1,1,1,1
exchange-random,random,20,117,9021,terminal-unfenced-suffix,1048601,1048592,-1,9,0,9,11,0,0,0,0,1,1,0,1,1,1,1,1,1,1,1
stable-group,random,20,100,9021,terminal-unfenced-suffix,1048601,1048601,-1,0,0,0,0,0,0,0,0,1,1,0,1,1,1,1,1,1,1,1
stable-group,random,20,100,9021,terminal-unfenced-suffix,1048601,1048601,-1,0,0,0,1,0,0,0,0,1,1,0,1,1,1,1,1,1,1,1
stable-group,random,20,100,9021,terminal-unfenced-suffix,1048601,1048601,-1,0,0,0,2,0,0,0,0,1,1,0,1,1,1,1,1,1,1,1
stable-group,random,20,100,9021,terminal-unfenced-suffix,1048601,1048601,-1,0,0,0,3,0,0,0,0,1,1,0,1,1,1,1,1,1,1,1
stable-group,random,20,100,9021,terminal-unfenced-suffix,1048601,1048601,-1,0,0,0,4,0,0,0,0,1,1,0,1,1,1,1,1,1,1,1
stable-group,random,20,100,9021,terminal-unfenced-suffix,1048601,1048601,-1,0,0,0,5,0,0,0,0,1,1,0,1,1,1,1,1,1,1,1
stable-group,random,20,100,9021,terminal-unfenced-suffix,1048601,1048601,-1,0,0,0,6,0,0,0,0,1,1,0,1,1,1,1,1,1,1,1
stable-group,random,20,100,9021,terminal-unfenced-suffix,1048601,1048601,-1,0,0,0,7,0,0,0,0,1,1,0,1,1,1,1,1,1,1,1
stable-group,random,20,100,9021,terminal-unfenced-suffix,1048601,1048601,-1,0,0,0,8,0,0,0,0,1,1,0,1,1,1,1,1,1,1,1
stable-group,random,20,100,9021,terminal-unfenced-suffix,1048601,1048601,-1,0,0,0,9,0,0,0,0,1,1,0,1,1,1,1,1,1,1,1
stable-group,random,20,100,9021,terminal-unfenced-suffix,1048601,1048601,-1,0,0,0,10,0,0,0,0,1,1,0,1,1,1,1,1,1,1,1
stable-group,random,20,100,9021,terminal-unfenced-suffix,1048601,1048601,-1,0,0,0,11,0,0,0,0,1,1,0,1,1,1,1,1,1,1,1
fixed-time,random,21,117,9022,terminal-unfenced-suffix,1048601,1048601,-1,0,0,0,0,0,0,0,0,1,1,0,1,1,1,1,1,1,1,1
fixed-time,random,21,117,9022,terminal-unfenced-suffix,1048601,1048601,-1,0,0,0,1,0,0,0,0,1,1,0,1,1,1,1,1,1,1,1
fixed-time,random,21,117,9022,terminal-unfenced-suffix,1048601,1048601,-1,0,0,0,2,0,0,0,0,1,1,0,1,1,1,1,1,1,1,1
fixed-time,random,21,117,9022,terminal-unfenced-suffix,1048601,1048601,-1,0,0,0,3,0,0,0,0,1,1,0,1,1,1,1,1,1,1,1
fixed-time,random,21,117,9022,terminal-unfenced-suffix,1048601,1048601,-1,0,0,0,4,0,0,0,0,1,1,0,1,1,1,1,1,1,1,1
fixed-time,random,21,117,9022,terminal-unfenced-suffix,1048601,1048601,-1,0,0,0,5,0,0,0,0,1,1,0,1,1,1,1,1,1,1,1
fixed-time,random,21,117,9022,terminal-unfenced-suffix,1048601,1048601,-1,0,0,0,6,0,0,0,0,1,1,0,1,1,1,1,1,1,1,1
fixed-time,random,21,117,9022,terminal-unfenced-suffix,1048601,1048601,-1,0,0,0,7,0,0,0,0,1,1,0,1,1,1,1,1,1,1,1
fixed-time,random,21,117,9022,terminal-unfenced-suffix,1048601,1048601,-1,0,0,0,8,0,0,0,0,1,1,0,1,1,1,1,1,1,1,1
fixed-time,random,21,117,9022,terminal-unfenced-suffix,1048601,1048601,-1,0,0,0,9,0,0,0,0,1,1,0,1,1,1,1,1,1,1,1
fixed-time,random,21,117,9022,terminal-unfenced-suffix,1048601,1048601,-1,0,0,0,10,0,0,0,0,1,1,0,1,1,1,1,1,1,1,1
fixed-time,random,21,117,9022,terminal-unfenced-suffix,1048601,1048601,-1,0,0,0,11,0,0,0,0,1,1,0,1,1,1,1,1,1,1,1
exchange-hot,hot,21,117,45022,terminal-unfenced-suffix,1048601,1048592,-1,9,0,9,0,0.3,0.3,0.3,5.55112e-17,1,0.7,0.3,1,1,1,1,1,1,1,1
exchange-hot,hot,21,117,45022,terminal-unfenced-suffix,1048601,1048592,-1,9,0,9,1,0.2,0.2,0.2,0,1,0.8,0.2,1,1,1,1,1,1,1,1
exchange-hot,hot,21,117,45022,terminal-unfenced-suffix,1048601,1048592,-1,9,0,9,2,0.2,0.2,0.2,0,1,0.8,0.2,1,1,1,1,1,1,1,1
exchange-hot,hot,21,117,45022,terminal-unfenced-suffix,1048601,1048592,-1,9,0,9,3,0.2,0.2,0.2,0,1,0.8,0.2,1,1,1,1,1,1,1,1
exchange-hot,hot,21,117,45022,terminal-unfenced-suffix,1048601,1048592,-1,9,0,9,4,0.3,0.3,0.3,5.55112e-17,1,0.7,0.3,1,1,1,1,1,1,1,1
exchange-hot,hot,21,117,45022,terminal-unfenced-suffix,1048601,1048592,-1,9,0,9,5,0.2,0.2,0.2,0,1,0.8,0.2,1,1,1,1,1,1,1,1
exchange-hot,hot,21,117,45022,terminal-unfenced-suffix,1048601,1048592,-1,9,0,9,6,0.2,0.2,0.2,0,1,0.8,0.2,1,1,1,1,1,1,1,1
exchange-hot,hot,21,117,45022,terminal-unfenced-suffix,1048601,1048592,-1,9,0,9,7,0.2,0.2,0.2,0,1,0.8,0.2,1,1,1,1,1,1,1,1
exchange-hot,hot,21,117,45022,terminal-unfenced-suffix,1048601,1048592,-1,9,0,9,8,0.3,0.3,0.3,5.55112e-17,1,0.7,0.3,1,1,1,1,1,1,1,1
exchange-hot,hot,21,117,45022,terminal-unfenced-suffix,1048601,1048592,-1,9,0,9,9,0.2,0.2,0.2,0,1,0.8,0.2,1,1,1,1,1,1,1,1
exchange-hot,hot,21,117,45022,terminal-unfenced-suffix,1048601,1048592,-1,9,0,9,10,0.2,0.2,0.2,0,1,0.8,0.2,1,1,1,1,1,1,1,1
exchange-hot,hot,21,117,45022,terminal-unfenced-suffix,1048601,1048592,-1,9,0,9,11,0.2,0.2,0.2,0,1,0.8,0.2,1,1,1,1,1,1,1,1
stable-group,random,21,117,9022,terminal-unfenced-suffix,1048601,1048601,-1,0,0,0,0,0,0,0,0,1,1,0,1,1,1,1,1,1,1,1
stable-group,random,21,117,9022,terminal-unfenced-suffix,1048601,1048601,-1,0,0,0,1,0,0,0,0,1,1,0,1,1,1,1,1,1,1,1
stable-group,random,21,117,9022,terminal-unfenced-suffix,1048601,1048601,-1,0,0,0,2,0,0,0,0,1,1,0,1,1,1,1,1,1,1,1
stable-group,random,21,117,9022,terminal-unfenced-suffix,1048601,1048601,-1,0,0,0,3,0,0,0,0,1,1,0,1,1,1,1,1,1,1,1
stable-group,random,21,117,9022,terminal-unfenced-suffix,1048601,1048601,-1,0,0,0,4,0,0,0,0,1,1,0,1,1,1,1,1,1,1,1
stable-group,random,21,117,9022,terminal-unfenced-suffix,1048601,1048601,-1,0,0,0,5,0,0,0,0,1,1,0,1,1,1,1,1,1,1,1
stable-group,random,21,117,9022,terminal-unfenced-suffix,1048601,1048601,-1,0,0,0,6,0,0,0,0,1,1,0,1,1,1,1,1,1,1,1
stable-group,random,21,117,9022,terminal-unfenced-suffix,1048601,1048601,-1,0,0,0,7,0,0,0,0,1,1,0,1,1,1,1,1,1,1,1
stable-group,random,21,117,9022,terminal-unfenced-suffix,1048601,1048601,-1,0,0,0,8,0,0,0,0,1,1,0,1,1,1,1,1,1,1,1
stable-group,random,21,117,9022,terminal-unfenced-suffix,1048601,1048601,-1,0,0,0,9,0,0,0,0,1,1,0,1,1,1,1,1,1,1,1
stable-group,random,21,117,9022,terminal-unfenced-suffix,1048601,1048601,-1,0,0,0,10,0,0,0,0,1,1,0,1,1,1,1,1,1,1,1
stable-group,random,21,117,9022,terminal-unfenced-suffix,1048601,1048601,-1,0,0,0,11,0,0,0,0,1,1,0,1,1,1,1,1,1,1,1
exchange-hot-guard,hot,21,100,45022,terminal-unfenced-suffix,1048601,1048601,-1,0,0,0,0,0,0,0,0,1,1,0,1,1,1,1,1,1,1,1
exchange-hot-guard,hot,21,100,45022,terminal-unfenced-suffix,1048601,1048601,-1,0,0,0,1,0,0,0,0,1,1,0,1,1,1,1,1,1,1,1
exchange-hot-guard,hot,21,100,45022,terminal-unfenced-suffix,1048601,1048601,-1,0,0,0,2,0,0,0,0,1,1,0,1,1,1,1,1,1,1,1
exchange-hot-guard,hot,21,100,45022,terminal-unfenced-suffix,1048601,1048601,-1,0,0,0,3,0,0,0,0,1,1,0,1,1,1,1,1,1,1,1
exchange-hot-guard,hot,21,100,45022,terminal-unfenced-suffix,1048601,1048601,-1,0,0,0,4,0,0,0,0,1,1,0,1,1,1,1,1,1,1,1
exchange-hot-guard,hot,21,100,45022,terminal-unfenced-suffix,1048601,1048601,-1,0,0,0,5,0,0,0,0,1,1,0,1,1,1,1,1,1,1,1
exchange-hot-guard,hot,21,100,45022,terminal-unfenced-suffix,1048601,1048601,-1,0,0,0,6,0,0,0,0,1,1,0,1,1,1,1,1,1,1,1
exchange-hot-guard,hot,21,100,45022,terminal-unfenced-suffix,1048601,1048601,-1,0,0,0,7,0,0,0,0,1,1,0,1,1,1,1,1,1,1,1
exchange-hot-guard,hot,21,100,45022,terminal-unfenced-suffix,1048601,1048601,-1,0,0,0,8,0,0,0,0,1,1,0,1,1,1,1,1,1,1,1
exchange-hot-guard,hot,21,100,45022,terminal-unfenced-suffix,1048601,1048601,-1,0,0,0,9,0,0,0,0,1,1,0,1,1,1,1,1,1,1,1
exchange-hot-guard,hot,21,100,45022,terminal-unfenced-suffix,1048601,1048601,-1,0,0,0,10,0,0,0,0,1,1,0,1,1,1,1,1,1,1,1
exchange-hot-guard,hot,21,100,45022,terminal-unfenced-suffix,1048601,1048601,-1,0,0,0,11,0,0,0,0,1,1,0,1,1,1,1,1,1,1,1
exchange-random,random,21,100,9022,terminal-unfenced-suffix,1048601,1048592,-1,9,0,9,0,0.1,0.1,0.1,0,1,0.9,0.1,1,1,1,1,1,1,1,1
exchange-random,random,21,100,9022,terminal-unfenced-suffix,1048601,1048592,-1,9,0,9,1,0,0,0,0,1,1,0,1,1,1,1,1,1,1,1
exchange-random,random,21,100,9022,terminal-unfenced-suffix,1048601,1048592,-1,9,0,9,2,0,0,0,0,1,1,0,1,1,1,1,1,1,1,1
exchange-random,random,21,100,9022,terminal-unfenced-suffix,1048601,1048592,-1,9,0,9,3,0,0,0,0,1,1,0,1,1,1,1,1,1,1,1
exchange-random,random,21,100,9022,terminal-unfenced-suffix,1048601,1048592,-1,9,0,9,4,0.1,0.1,0.1,0,1,0.9,0.1,1,1,1,1,1,1,1,1
exchange-random,random,21,100,9022,terminal-unfenced-suffix,1048601,1048592,-1,9,0,9,5,0.1,0.1,0.1,0,1,0.9,0.1,1,1,1,1,1,1,1,1
exchange-random,random,21,100,9022,terminal-unfenced-suffix,1048601,1048592,-1,9,0,9,6,0.1,0.1,0.1,0,1,0.9,0.1,1,1,1,1,1,1,1,1
exchange-random,random,21,100,9022,terminal-unfenced-suffix,1048601,1048592,-1,9,0,9,7,0.1,0.1,0.1,0,1,0.9,0.1,1,1,1,1,1,1,1,1
exchange-random,random,21,100,9022,terminal-unfenced-suffix,1048601,1048592,-1,9,0,9,8,0,0,0,0,1,1,0,1,1,1,1,1,1,1,1
exchange-random,random,21,100,9022,terminal-unfenced-suffix,1048601,1048592,-1,9,0,9,9,0,0,0,0,1,1,0,1,1,1,1,1,1,1,1
exchange-random,random,21,100,9022,terminal-unfenced-suffix,1048601,1048592,-1,9,0,9,10,0,0,0,0,1,1,0,1,1,1,1,1,1,1,1
exchange-random,random,21,100,9022,terminal-unfenced-suffix,1048601,1048592,-1,9,0,9,11,0,0,0,0,1,1,0,1,1,1,1,1,1,1,1
strict-hot,hot,21,117,45022,fence-after-sync-before-publish,2097154,1048601,86,2,2,0,0,0.2,0,0,0,1,1,0,0.8,1,1,1,1,1,1,1
strict-hot,hot,21,117,45022,fence-after-sync-before-publish,2097154,1048601,86,2,2,0,1,0,0,0,0,1,1,0,1,1,1,1,1,1,1,1
strict-hot,hot,21,117,45022,fence-after-sync-before-publish,2097154,1048601,86,2,2,0,2,0,0,0,0,1,1,0,1,1,1,1,1,1,1,1
strict-hot,hot,21,117,45022,fence-after-sync-before-publish,2097154,1048601,86,2,2,0,3,0,0,0,0,1,1,0,1,1,1,1,1,1,1,1
strict-hot,hot,21,117,45022,fence-after-sync-before-publish,2097154,1048601,86,2,2,0,4,0.2,0,0,0,1,1,0,0.8,1,1,1,1,1,1,1
strict-hot,hot,21,117,45022,fence-after-sync-before-publish,2097154,1048601,86,2,2,0,5,0,0,0,0,1,1,0,1,1,1,1,1,1,1,1
strict-hot,hot,21,117,45022,fence-after-sync-before-publish,2097154,1048601,86,2,2,0,6,0,0,0,0,1,1,0,1,1,1,1,1,1,1,1
strict-hot,hot,21,117,45022,fence-after-sync-before-publish,2097154,1048601,86,2,2,0,7,0,0,0,0,1,1,0,1,1,1,1,1,1,1,1
strict-hot,hot,21,117,45022,fence-after-sync-before-publish,2097154,1048601,86,2,2,0,8,0.2,0,0,0,1,1,0,0.8,1,1,1,1,1,1,1
strict-hot,hot,21,117,45022,fence-after-sync-before-publish,2097154,1048601,86,2,2,0,9,0,0,0,0,1,1,0,1,1,1,1,1,1,1,1
strict-hot,hot,21,117,45022,fence-after-sync-before-publish,2097154,1048601,86,2,2,0,10,0,0,0,0,1,1,0,1,1,1,1,1,1,1,1
strict-hot,hot,21,117,45022,fence-after-sync-before-publish,2097154,1048601,86,2,2,0,11,0,0,0,0,1,1,0,1,1,1,1,1,1,1,1
strict-random,random,21,100,9022,strict-cap-before-fence,2097154,1048601,87,2,0,2,0,0.2,0.2,0.2,0,1,0.8,0.2,1,1,1,1,1,1,1,1
strict-random,random,21,100,9022,strict-cap-before-fence,2097154,1048601,87,2,0,2,1,0,0,0,0,1,1,0,1,1,1,1,1,1,1,1
strict-random,random,21,100,9022,strict-cap-before-fence,2097154,1048601,87,2,0,2,2,0,0,0,0,1,1,0,1,1,1,1,1,1,1,1
strict-random,random,21,100,9022,strict-cap-before-fence,2097154,1048601,87,2,0,2,3,0,0,0,0,1,1,0,1,1,1,1,1,1,1,1
strict-random,random,21,100,9022,strict-cap-before-fence,2097154,1048601,87,2,0,2,4,0,0,0,0,1,1,0,1,1,1,1,1,1,1,1
strict-random,random,21,100,9022,strict-cap-before-fence,2097154,1048601,87,2,0,2,5,0,0,0,0,1,1,0,1,1,1,1,1,1,1,1
strict-random,random,21,100,9022,strict-cap-before-fence,2097154,1048601,87,2,0,2,6,0,0,0,0,1,1,0,1,1,1,1,1,1,1,1
strict-random,random,21,100,9022,strict-cap-before-fence,2097154,1048601,87,2,0,2,7,0,0,0,0,1,1,0,1,1,1,1,1,1,1,1
strict-random,random,21,100,9022,strict-cap-before-fence,2097154,1048601,87,2,0,2,8,0,0,0,0,1,1,0,1,1,1,1,1,1,1,1
strict-random,random,21,100,9022,strict-cap-before-fence,2097154,1048601,87,2,0,2,9,0,0,0,0,1,1,0,1,1,1,1,1,1,1,1
strict-random,random,21,100,9022,strict-cap-before-fence,2097154,1048601,87,2,0,2,10,0,0,0,0,1,1,0,1,1,1,1,1,1,1,1
strict-random,random,21,100,9022,strict-cap-before-fence,2097154,1048601,87,2,0,2,11,0,0,0,0,1,1,0,1,1,1,1,1,1,1,1
fixed-count,random,21,100,9022,terminal-unfenced-suffix,1048601,1048600,-1,1,0,1,0,0,0,0,0,1,1,0,1,1,1,1,1,1,1,1
fixed-count,random,21,100,9022,terminal-unfenced-suffix,1048601,1048600,-1,1,0,1,1,0,0,0,0,1,1,0,1,1,1,1,1,1,1,1
fixed-count,random,21,100,9022,terminal-unfenced-suffix,1048601,1048600,-1,1,0,1,2,0,0,0,0,1,1,0,1,1,1,1,1,1,1,1
fixed-count,random,21,100,9022,terminal-unfenced-suffix,1048601,1048600,-1,1,0,1,3,0,0,0,0,1,1,0,1,1,1,1,1,1,1,1
fixed-count,random,21,100,9022,terminal-unfenced-suffix,1048601,1048600,-1,1,0,1,4,0,0,0,0,1,1,0,1,1,1,1,1,1,1,1
fixed-count,random,21,100,9022,terminal-unfenced-suffix,1048601,1048600,-1,1,0,1,5,0,0,0,0,1,1,0,1,1,1,1,1,1,1,1
fixed-count,random,21,100,9022,terminal-unfenced-suffix,1048601,1048600,-1,1,0,1,6,0,0,0,0,1,1,0,1,1,1,1,1,1,1,1
fixed-count,random,21,100,9022,terminal-unfenced-suffix,1048601,1048600,-1,1,0,1,7,0.1,0.1,0.1,0,1,0.9,0.1,1,1,1,1,1,1,1,1
fixed-count,random,21,100,9022,terminal-unfenced-suffix,1048601,1048600,-1,1,0,1,8,0,0,0,0,1,1,0,1,1,1,1,1,1,1,1
fixed-count,random,21,100,9022,terminal-unfenced-suffix,1048601,1048600,-1,1,0,1,9,0,0,0,0,1,1,0,1,1,1,1,1,1,1,1
fixed-count,random,21,100,9022,terminal-unfenced-suffix,1048601,1048600,-1,1,0,1,10,0,0,0,0,1,1,0,1,1,1,1,1,1,1,1
fixed-count,random,21,100,9022,terminal-unfenced-suffix,1048601,1048600,-1,1,0,1,11,0,0,0,0,1,1,0,1,1,1,1,1,1,1,1
exchange-hot-guard,hot,22,117,45023,terminal-unfenced-suffix,1048601,1048601,-1,0,0,0,0,0,0,0,0,1,1,0,1,1,1,1,1,1,1,1
exchange-hot-guard,hot,22,117,45023,terminal-unfenced-suffix,1048601,1048601,-1,0,0,0,1,0,0,0,0,1,1,0,1,1,1,1,1,1,1,1
exchange-hot-guard,hot,22,117,45023,terminal-unfenced-suffix,1048601,1048601,-1,0,0,0,2,0,0,0,0,1,1,0,1,1,1,1,1,1,1,1
exchange-hot-guard,hot,22,117,45023,terminal-unfenced-suffix,1048601,1048601,-1,0,0,0,3,0,0,0,0,1,1,0,1,1,1,1,1,1,1,1
exchange-hot-guard,hot,22,117,45023,terminal-unfenced-suffix,1048601,1048601,-1,0,0,0,4,0,0,0,0,1,1,0,1,1,1,1,1,1,1,1
exchange-hot-guard,hot,22,117,45023,terminal-unfenced-suffix,1048601,1048601,-1,0,0,0,5,0,0,0,0,1,1,0,1,1,1,1,1,1,1,1
exchange-hot-guard,hot,22,117,45023,terminal-unfenced-suffix,1048601,1048601,-1,0,0,0,6,0,0,0,0,1,1,0,1,1,1,1,1,1,1,1
exchange-hot-guard,hot,22,117,45023,terminal-unfenced-suffix,1048601,1048601,-1,0,0,0,7,0,0,0,0,1,1,0,1,1,1,1,1,1,1,1
exchange-hot-guard,hot,22,117,45023,terminal-unfenced-suffix,1048601,1048601,-1,0,0,0,8,0,0,0,0,1,1,0,1,1,1,1,1,1,1,1
exchange-hot-guard,hot,22,117,45023,terminal-unfenced-suffix,1048601,1048601,-1,0,0,0,9,0,0,0,0,1,1,0,1,1,1,1,1,1,1,1
exchange-hot-guard,hot,22,117,45023,terminal-unfenced-suffix,1048601,1048601,-1,0,0,0,10,0,0,0,0,1,1,0,1,1,1,1,1,1,1,1
exchange-hot-guard,hot,22,117,45023,terminal-unfenced-suffix,1048601,1048601,-1,0,0,0,11,0,0,0,0,1,1,0,1,1,1,1,1,1,1,1
strict-random,random,22,117,9023,strict-cap-before-fence,2097154,1048601,87,2,0,2,0,0.2,0.2,0.2,0,1,0.8,0.2,1,1,1,1,1,1,1,1
strict-random,random,22,117,9023,strict-cap-before-fence,2097154,1048601,87,2,0,2,1,0,0,0,0,1,1,0,1,1,1,1,1,1,1,1
strict-random,random,22,117,9023,strict-cap-before-fence,2097154,1048601,87,2,0,2,2,0,0,0,0,1,1,0,1,1,1,1,1,1,1,1
strict-random,random,22,117,9023,strict-cap-before-fence,2097154,1048601,87,2,0,2,3,0,0,0,0,1,1,0,1,1,1,1,1,1,1,1
strict-random,random,22,117,9023,strict-cap-before-fence,2097154,1048601,87,2,0,2,4,0,0,0,0,1,1,0,1,1,1,1,1,1,1,1
strict-random,random,22,117,9023,strict-cap-before-fence,2097154,1048601,87,2,0,2,5,0,0,0,0,1,1,0,1,1,1,1,1,1,1,1
strict-random,random,22,117,9023,strict-cap-before-fence,2097154,1048601,87,2,0,2,6,0,0,0,0,1,1,0,1,1,1,1,1,1,1,1
strict-random,random,22,117,9023,strict-cap-before-fence,2097154,1048601,87,2,0,2,7,0,0,0,0,1,1,0,1,1,1,1,1,1,1,1
strict-random,random,22,117,9023,strict-cap-before-fence,2097154,1048601,87,2,0,2,8,0,0,0,0,1,1,0,1,1,1,1,1,1,1,1
strict-random,random,22,117,9023,strict-cap-before-fence,2097154,1048601,87,2,0,2,9,0,0,0,0,1,1,0,1,1,1,1,1,1,1,1
strict-random,random,22,117,9023,strict-cap-before-fence,2097154,1048601,87,2,0,2,10,0,0,0,0,1,1,0,1,1,1,1,1,1,1,1
strict-random,random,22,117,9023,strict-cap-before-fence,2097154,1048601,87,2,0,2,11,0,0,0,0,1,1,0,1,1,1,1,1,1,1,1
strict-hot,hot,22,100,45023,fence-after-sync-before-publish,2097154,1048601,86,2,2,0,0,0.2,0,0,0,1,1,0,0.8,1,1,1,1,1,1,1
strict-hot,hot,22,100,45023,fence-after-sync-before-publish,2097154,1048601,86,2,2,0,1,0,0,0,0,1,1,0,1,1,1,1,1,1,1,1
strict-hot,hot,22,100,45023,fence-after-sync-before-publish,2097154,1048601,86,2,2,0,2,0,0,0,0,1,1,0,1,1,1,1,1,1,1,1
strict-hot,hot,22,100,45023,fence-after-sync-before-publish,2097154,1048601,86,2,2,0,3,0,0,0,0,1,1,0,1,1,1,1,1,1,1,1
strict-hot,hot,22,100,45023,fence-after-sync-before-publish,2097154,1048601,86,2,2,0,4,0.2,0,0,0,1,1,0,0.8,1,1,1,1,1,1,1
strict-hot,hot,22,100,45023,fence-after-sync-before-publish,2097154,1048601,86,2,2,0,5,0,0,0,0,1,1,0,1,1,1,1,1,1,1,1
strict-hot,hot,22,100,45023,fence-after-sync-before-publish,2097154,1048601,86,2,2,0,6,0,0,0,0,1,1,0,1,1,1,1,1,1,1,1
strict-hot,hot,22,100,45023,fence-after-sync-before-publish,2097154,1048601,86,2,2,0,7,0,0,0,0,1,1,0,1,1,1,1,1,1,1,1
strict-hot,hot,22,100,45023,fence-after-sync-before-publish,2097154,1048601,86,2,2,0,8,0.2,0,0,0,1,1,0,0.8,1,1,1,1,1,1,1
strict-hot,hot,22,100,45023,fence-after-sync-before-publish,2097154,1048601,86,2,2,0,9,0,0,0,0,1,1,0,1,1,1,1,1,1,1,1
strict-hot,hot,22,100,45023,fence-after-sync-before-publish,2097154,1048601,86,2,2,0,10,0,0,0,0,1,1,0,1,1,1,1,1,1,1,1
strict-hot,hot,22,100,45023,fence-after-sync-before-publish,2097154,1048601,86,2,2,0,11,0,0,0,0,1,1,0,1,1,1,1,1,1,1,1
stable-group,random,22,100,9023,terminal-unfenced-suffix,1048601,1048601,-1,0,0,0,0,0,0,0,0,1,1,0,1,1,1,1,1,1,1,1
stable-group,random,22,100,9023,terminal-unfenced-suffix,1048601,1048601,-1,0,0,0,1,0,0,0,0,1,1,0,1,1,1,1,1,1,1,1
stable-group,random,22,100,9023,terminal-unfenced-suffix,1048601,1048601,-1,0,0,0,2,0,0,0,0,1,1,0,1,1,1,1,1,1,1,1
stable-group,random,22,100,9023,terminal-unfenced-suffix,1048601,1048601,-1,0,0,0,3,0,0,0,0,1,1,0,1,1,1,1,1,1,1,1
stable-group,random,22,100,9023,terminal-unfenced-suffix,1048601,1048601,-1,0,0,0,4,0,0,0,0,1,1,0,1,1,1,1,1,1,1,1
stable-group,random,22,100,9023,terminal-unfenced-suffix,1048601,1048601,-1,0,0,0,5,0,0,0,0,1,1,0,1,1,1,1,1,1,1,1
stable-group,random,22,100,9023,terminal-unfenced-suffix,1048601,1048601,-1,0,0,0,6,0,0,0,0,1,1,0,1,1,1,1,1,1,1,1
stable-group,random,22,100,9023,terminal-unfenced-suffix,1048601,1048601,-1,0,0,0,7,0,0,0,0,1,1,0,1,1,1,1,1,1,1,1
stable-group,random,22,100,9023,terminal-unfenced-suffix,1048601,1048601,-1,0,0,0,8,0,0,0,0,1,1,0,1,1,1,1,1,1,1,1
stable-group,random,22,100,9023,terminal-unfenced-suffix,1048601,1048601,-1,0,0,0,9,0,0,0,0,1,1,0,1,1,1,1,1,1,1,1
stable-group,random,22,100,9023,terminal-unfenced-suffix,1048601,1048601,-1,0,0,0,10,0,0,0,0,1,1,0,1,1,1,1,1,1,1,1
stable-group,random,22,100,9023,terminal-unfenced-suffix,1048601,1048601,-1,0,0,0,11,0,0,0,0,1,1,0,1,1,1,1,1,1,1,1
exchange-hot,hot,22,100,45023,terminal-unfenced-suffix,1048601,1048592,-1,9,0,9,0,0.3,0.3,0.3,5.55112e-17,1,0.7,0.3,1,1,1,1,1,1,1,1
exchange-hot,hot,22,100,45023,terminal-unfenced-suffix,1048601,1048592,-1,9,0,9,1,0.2,0.2,0.2,0,1,0.8,0.2,1,1,1,1,1,1,1,1
exchange-hot,hot,22,100,45023,terminal-unfenced-suffix,1048601,1048592,-1,9,0,9,2,0.2,0.2,0.2,0,1,0.8,0.2,1,1,1,1,1,1,1,1
exchange-hot,hot,22,100,45023,terminal-unfenced-suffix,1048601,1048592,-1,9,0,9,3,0.2,0.2,0.2,0,1,0.8,0.2,1,1,1,1,1,1,1,1
exchange-hot,hot,22,100,45023,terminal-unfenced-suffix,1048601,1048592,-1,9,0,9,4,0.3,0.3,0.3,5.55112e-17,1,0.7,0.3,1,1,1,1,1,1,1,1
exchange-hot,hot,22,100,45023,terminal-unfenced-suffix,1048601,1048592,-1,9,0,9,5,0.2,0.2,0.2,0,1,0.8,0.2,1,1,1,1,1,1,1,1
exchange-hot,hot,22,100,45023,terminal-unfenced-suffix,1048601,1048592,-1,9,0,9,6,0.2,0.2,0.2,0,1,0.8,0.2,1,1,1,1,1,1,1,1
exchange-hot,hot,22,100,45023,terminal-unfenced-suffix,1048601,1048592,-1,9,0,9,7,0.2,0.2,0.2,0,1,0.8,0.2,1,1,1,1,1,1,1,1
exchange-hot,hot,22,100,45023,terminal-unfenced-suffix,1048601,1048592,-1,9,0,9,8,0.3,0.3,0.3,5.55112e-17,1,0.7,0.3,1,1,1,1,1,1,1,1
exchange-hot,hot,22,100,45023,terminal-unfenced-suffix,1048601,1048592,-1,9,0,9,9,0.2,0.2,0.2,0,1,0.8,0.2,1,1,1,1,1,1,1,1
exchange-hot,hot,22,100,45023,terminal-unfenced-suffix,1048601,1048592,-1,9,0,9,10,0.2,0.2,0.2,0,1,0.8,0.2,1,1,1,1,1,1,1,1
exchange-hot,hot,22,100,45023,terminal-unfenced-suffix,1048601,1048592,-1,9,0,9,11,0.2,0.2,0.2,0,1,0.8,0.2,1,1,1,1,1,1,1,1
exchange-random,random,22,117,9023,terminal-unfenced-suffix,1048601,1048592,-1,9,0,9,0,0.1,0.1,0.1,0,1,0.9,0.1,1,1,1,1,1,1,1,1
exchange-random,random,22,117,9023,terminal-unfenced-suffix,1048601,1048592,-1,9,0,9,1,0.1,0.1,0.1,0,1,0.9,0.1,1,1,1,1,1,1,1,1
exchange-random,random,22,117,9023,terminal-unfenced-suffix,1048601,1048592,-1,9,0,9,2,0,0,0,0,1,1,0,1,1,1,1,1,1,1,1
exchange-random,random,22,117,9023,terminal-unfenced-suffix,1048601,1048592,-1,9,0,9,3,0,0,0,0,1,1,0,1,1,1,1,1,1,1,1
exchange-random,random,22,117,9023,terminal-unfenced-suffix,1048601,1048592,-1,9,0,9,4,0.1,0.1,0.1,0,1,0.9,0.1,1,1,1,1,1,1,1,1
exchange-random,random,22,117,9023,terminal-unfenced-suffix,1048601,1048592,-1,9,0,9,5,0.1,0.1,0.1,0,1,0.9,0.1,1,1,1,1,1,1,1,1
exchange-random,random,22,117,9023,terminal-unfenced-suffix,1048601,1048592,-1,9,0,9,6,0.1,0.1,0.1,0,1,0.9,0.1,1,1,1,1,1,1,1,1
exchange-random,random,22,117,9023,terminal-unfenced-suffix,1048601,1048592,-1,9,0,9,7,0,0,0,0,1,1,0,1,1,1,1,1,1,1,1
exchange-random,random,22,117,9023,terminal-unfenced-suffix,1048601,1048592,-1,9,0,9,8,0,0,0,0,1,1,0,1,1,1,1,1,1,1,1
exchange-random,random,22,117,9023,terminal-unfenced-suffix,1048601,1048592,-1,9,0,9,9,0.2,0.2,0.2,0,1,0.8,0.2,1,1,1,1,1,1,1,1
exchange-random,random,22,117,9023,terminal-unfenced-suffix,1048601,1048592,-1,9,0,9,10,0.2,0.2,0.2,0,1,0.8,0.2,1,1,1,1,1,1,1,1
exchange-random,random,22,117,9023,terminal-unfenced-suffix,1048601,1048592,-1,9,0,9,11,0,0,0,0,1,1,0,1,1,1,1,1,1,1,1
fixed-time,random,22,100,9023,terminal-unfenced-suffix,1048601,1048601,-1,0,0,0,0,0,0,0,0,1,1,0,1,1,1,1,1,1,1,1
fixed-time,random,22,100,9023,terminal-unfenced-suffix,1048601,1048601,-1,0,0,0,1,0,0,0,0,1,1,0,1,1,1,1,1,1,1,1
fixed-time,random,22,100,9023,terminal-unfenced-suffix,1048601,1048601,-1,0,0,0,2,0,0,0,0,1,1,0,1,1,1,1,1,1,1,1
fixed-time,random,22,100,9023,terminal-unfenced-suffix,1048601,1048601,-1,0,0,0,3,0,0,0,0,1,1,0,1,1,1,1,1,1,1,1
fixed-time,random,22,100,9023,terminal-unfenced-suffix,1048601,1048601,-1,0,0,0,4,0,0,0,0,1,1,0,1,1,1,1,1,1,1,1
fixed-time,random,22,100,9023,terminal-unfenced-suffix,1048601,1048601,-1,0,0,0,5,0,0,0,0,1,1,0,1,1,1,1,1,1,1,1
fixed-time,random,22,100,9023,terminal-unfenced-suffix,1048601,1048601,-1,0,0,0,6,0,0,0,0,1,1,0,1,1,1,1,1,1,1,1
fixed-time,random,22,100,9023,terminal-unfenced-suffix,1048601,1048601,-1,0,0,0,7,0,0,0,0,1,1,0,1,1,1,1,1,1,1,1
fixed-time,random,22,100,9023,terminal-unfenced-suffix,1048601,1048601,-1,0,0,0,8,0,0,0,0,1,1,0,1,1,1,1,1,1,1,1
fixed-time,random,22,100,9023,terminal-unfenced-suffix,1048601,1048601,-1,0,0,0,9,0,0,0,0,1,1,0,1,1,1,1,1,1,1,1
fixed-time,random,22,100,9023,terminal-unfenced-suffix,1048601,1048601,-1,0,0,0,10,0,0,0,0,1,1,0,1,1,1,1,1,1,1,1
fixed-time,random,22,100,9023,terminal-unfenced-suffix,1048601,1048601,-1,0,0,0,11,0,0,0,0,1,1,0,1,1,1,1,1,1,1,1
fixed-count,random,22,117,9023,terminal-unfenced-suffix,1048601,1048600,-1,1,0,1,0,0,0,0,0,1,1,0,1,1,1,1,1,1,1,1
fixed-count,random,22,117,9023,terminal-unfenced-suffix,1048601,1048600,-1,1,0,1,1,0,0,0,0,1,1,0,1,1,1,1,1,1,1,1
fixed-count,random,22,117,9023,terminal-unfenced-suffix,1048601,1048600,-1,1,0,1,2,0,0,0,0,1,1,0,1,1,1,1,1,1,1,1
fixed-count,random,22,117,9023,terminal-unfenced-suffix,1048601,1048600,-1,1,0,1,3,0,0,0,0,1,1,0,1,1,1,1,1,1,1,1
fixed-count,random,22,117,9023,terminal-unfenced-suffix,1048601,1048600,-1,1,0,1,4,0,0,0,0,1,1,0,1,1,1,1,1,1,1,1
fixed-count,random,22,117,9023,terminal-unfenced-suffix,1048601,1048600,-1,1,0,1,5,0,0,0,0,1,1,0,1,1,1,1,1,1,1,1
fixed-count,random,22,117,9023,terminal-unfenced-suffix,1048601,1048600,-1,1,0,1,6,0,0,0,0,1,1,0,1,1,1,1,1,1,1,1
fixed-count,random,22,117,9023,terminal-unfenced-suffix,1048601,1048600,-1,1,0,1,7,0,0,0,0,1,1,0,1,1,1,1,1,1,1,1
fixed-count,random,22,117,9023,terminal-unfenced-suffix,1048601,1048600,-1,1,0,1,8,0,0,0,0,1,1,0,1,1,1,1,1,1,1,1
fixed-count,random,22,117,9023,terminal-unfenced-suffix,1048601,1048600,-1,1,0,1,9,0,0,0,0,1,1,0,1,1,1,1,1,1,1,1
fixed-count,random,22,117,9023,terminal-unfenced-suffix,1048601,1048600,-1,1,0,1,10,0.1,0.1,0.1,0,1,0.9,0.1,1,1,1,1,1,1,1,1
fixed-count,random,22,117,9023,terminal-unfenced-suffix,1048601,1048600,-1,1,0,1,11,0,0,0,0,1,1,0,1,1,1,1,1,1,1,1
exchange-hot,hot,23,117,45024,terminal-unfenced-suffix,1048601,1048592,-1,9,0,9,0,0.3,0.3,0.3,5.55112e-17,1,0.7,0.3,1,1,1,1,1,1,1,1
exchange-hot,hot,23,117,45024,terminal-unfenced-suffix,1048601,1048592,-1,9,0,9,1,0.2,0.2,0.2,0,1,0.8,0.2,1,1,1,1,1,1,1,1
exchange-hot,hot,23,117,45024,terminal-unfenced-suffix,1048601,1048592,-1,9,0,9,2,0.2,0.2,0.2,0,1,0.8,0.2,1,1,1,1,1,1,1,1
exchange-hot,hot,23,117,45024,terminal-unfenced-suffix,1048601,1048592,-1,9,0,9,3,0.2,0.2,0.2,0,1,0.8,0.2,1,1,1,1,1,1,1,1
exchange-hot,hot,23,117,45024,terminal-unfenced-suffix,1048601,1048592,-1,9,0,9,4,0.3,0.3,0.3,5.55112e-17,1,0.7,0.3,1,1,1,1,1,1,1,1
exchange-hot,hot,23,117,45024,terminal-unfenced-suffix,1048601,1048592,-1,9,0,9,5,0.2,0.2,0.2,0,1,0.8,0.2,1,1,1,1,1,1,1,1
exchange-hot,hot,23,117,45024,terminal-unfenced-suffix,1048601,1048592,-1,9,0,9,6,0.2,0.2,0.2,0,1,0.8,0.2,1,1,1,1,1,1,1,1
exchange-hot,hot,23,117,45024,terminal-unfenced-suffix,1048601,1048592,-1,9,0,9,7,0.2,0.2,0.2,0,1,0.8,0.2,1,1,1,1,1,1,1,1
exchange-hot,hot,23,117,45024,terminal-unfenced-suffix,1048601,1048592,-1,9,0,9,8,0.3,0.3,0.3,5.55112e-17,1,0.7,0.3,1,1,1,1,1,1,1,1
exchange-hot,hot,23,117,45024,terminal-unfenced-suffix,1048601,1048592,-1,9,0,9,9,0.2,0.2,0.2,0,1,0.8,0.2,1,1,1,1,1,1,1,1
exchange-hot,hot,23,117,45024,terminal-unfenced-suffix,1048601,1048592,-1,9,0,9,10,0.2,0.2,0.2,0,1,0.8,0.2,1,1,1,1,1,1,1,1
exchange-hot,hot,23,117,45024,terminal-unfenced-suffix,1048601,1048592,-1,9,0,9,11,0.2,0.2,0.2,0,1,0.8,0.2,1,1,1,1,1,1,1,1
stable-group,random,23,117,9024,terminal-unfenced-suffix,1048601,1048601,-1,0,0,0,0,0,0,0,0,1,1,0,1,1,1,1,1,1,1,1
stable-group,random,23,117,9024,terminal-unfenced-suffix,1048601,1048601,-1,0,0,0,1,0,0,0,0,1,1,0,1,1,1,1,1,1,1,1
stable-group,random,23,117,9024,terminal-unfenced-suffix,1048601,1048601,-1,0,0,0,2,0,0,0,0,1,1,0,1,1,1,1,1,1,1,1
stable-group,random,23,117,9024,terminal-unfenced-suffix,1048601,1048601,-1,0,0,0,3,0,0,0,0,1,1,0,1,1,1,1,1,1,1,1
stable-group,random,23,117,9024,terminal-unfenced-suffix,1048601,1048601,-1,0,0,0,4,0,0,0,0,1,1,0,1,1,1,1,1,1,1,1
stable-group,random,23,117,9024,terminal-unfenced-suffix,1048601,1048601,-1,0,0,0,5,0,0,0,0,1,1,0,1,1,1,1,1,1,1,1
stable-group,random,23,117,9024,terminal-unfenced-suffix,1048601,1048601,-1,0,0,0,6,0,0,0,0,1,1,0,1,1,1,1,1,1,1,1
stable-group,random,23,117,9024,terminal-unfenced-suffix,1048601,1048601,-1,0,0,0,7,0,0,0,0,1,1,0,1,1,1,1,1,1,1,1
stable-group,random,23,117,9024,terminal-unfenced-suffix,1048601,1048601,-1,0,0,0,8,0,0,0,0,1,1,0,1,1,1,1,1,1,1,1
stable-group,random,23,117,9024,terminal-unfenced-suffix,1048601,1048601,-1,0,0,0,9,0,0,0,0,1,1,0,1,1,1,1,1,1,1,1
stable-group,random,23,117,9024,terminal-unfenced-suffix,1048601,1048601,-1,0,0,0,10,0,0,0,0,1,1,0,1,1,1,1,1,1,1,1
stable-group,random,23,117,9024,terminal-unfenced-suffix,1048601,1048601,-1,0,0,0,11,0,0,0,0,1,1,0,1,1,1,1,1,1,1,1
strict-hot,hot,23,117,45024,fence-after-sync-before-publish,2097154,1048601,86,2,2,0,0,0.2,0,0,0,1,1,0,0.8,1,1,1,1,1,1,1
strict-hot,hot,23,117,45024,fence-after-sync-before-publish,2097154,1048601,86,2,2,0,1,0,0,0,0,1,1,0,1,1,1,1,1,1,1,1
strict-hot,hot,23,117,45024,fence-after-sync-before-publish,2097154,1048601,86,2,2,0,2,0,0,0,0,1,1,0,1,1,1,1,1,1,1,1
strict-hot,hot,23,117,45024,fence-after-sync-before-publish,2097154,1048601,86,2,2,0,3,0,0,0,0,1,1,0,1,1,1,1,1,1,1,1
strict-hot,hot,23,117,45024,fence-after-sync-before-publish,2097154,1048601,86,2,2,0,4,0.2,0,0,0,1,1,0,0.8,1,1,1,1,1,1,1
strict-hot,hot,23,117,45024,fence-after-sync-before-publish,2097154,1048601,86,2,2,0,5,0,0,0,0,1,1,0,1,1,1,1,1,1,1,1
strict-hot,hot,23,117,45024,fence-after-sync-before-publish,2097154,1048601,86,2,2,0,6,0,0,0,0,1,1,0,1,1,1,1,1,1,1,1
strict-hot,hot,23,117,45024,fence-after-sync-before-publish,2097154,1048601,86,2,2,0,7,0,0,0,0,1,1,0,1,1,1,1,1,1,1,1
strict-hot,hot,23,117,45024,fence-after-sync-before-publish,2097154,1048601,86,2,2,0,8,0.2,0,0,0,1,1,0,0.8,1,1,1,1,1,1,1
strict-hot,hot,23,117,45024,fence-after-sync-before-publish,2097154,1048601,86,2,2,0,9,0,0,0,0,1,1,0,1,1,1,1,1,1,1,1
strict-hot,hot,23,117,45024,fence-after-sync-before-publish,2097154,1048601,86,2,2,0,10,0,0,0,0,1,1,0,1,1,1,1,1,1,1,1
strict-hot,hot,23,117,45024,fence-after-sync-before-publish,2097154,1048601,86,2,2,0,11,0,0,0,0,1,1,0,1,1,1,1,1,1,1,1
exchange-hot-guard,hot,23,100,45024,terminal-unfenced-suffix,1048601,1048601,-1,0,0,0,0,0,0,0,0,1,1,0,1,1,1,1,1,1,1,1
exchange-hot-guard,hot,23,100,45024,terminal-unfenced-suffix,1048601,1048601,-1,0,0,0,1,0,0,0,0,1,1,0,1,1,1,1,1,1,1,1
exchange-hot-guard,hot,23,100,45024,terminal-unfenced-suffix,1048601,1048601,-1,0,0,0,2,0,0,0,0,1,1,0,1,1,1,1,1,1,1,1
exchange-hot-guard,hot,23,100,45024,terminal-unfenced-suffix,1048601,1048601,-1,0,0,0,3,0,0,0,0,1,1,0,1,1,1,1,1,1,1,1
exchange-hot-guard,hot,23,100,45024,terminal-unfenced-suffix,1048601,1048601,-1,0,0,0,4,0,0,0,0,1,1,0,1,1,1,1,1,1,1,1
exchange-hot-guard,hot,23,100,45024,terminal-unfenced-suffix,1048601,1048601,-1,0,0,0,5,0,0,0,0,1,1,0,1,1,1,1,1,1,1,1
exchange-hot-guard,hot,23,100,45024,terminal-unfenced-suffix,1048601,1048601,-1,0,0,0,6,0,0,0,0,1,1,0,1,1,1,1,1,1,1,1
exchange-hot-guard,hot,23,100,45024,terminal-unfenced-suffix,1048601,1048601,-1,0,0,0,7,0,0,0,0,1,1,0,1,1,1,1,1,1,1,1
exchange-hot-guard,hot,23,100,45024,terminal-unfenced-suffix,1048601,1048601,-1,0,0,0,8,0,0,0,0,1,1,0,1,1,1,1,1,1,1,1
exchange-hot-guard,hot,23,100,45024,terminal-unfenced-suffix,1048601,1048601,-1,0,0,0,9,0,0,0,0,1,1,0,1,1,1,1,1,1,1,1
exchange-hot-guard,hot,23,100,45024,terminal-unfenced-suffix,1048601,1048601,-1,0,0,0,10,0,0,0,0,1,1,0,1,1,1,1,1,1,1,1
exchange-hot-guard,hot,23,100,45024,terminal-unfenced-suffix,1048601,1048601,-1,0,0,0,11,0,0,0,0,1,1,0,1,1,1,1,1,1,1,1
fixed-count,random,23,100,9024,terminal-unfenced-suffix,1048601,1048600,-1,1,0,1,0,0,0,0,0,1,1,0,1,1,1,1,1,1,1,1
fixed-count,random,23,100,9024,terminal-unfenced-suffix,1048601,1048600,-1,1,0,1,1,0,0,0,0,1,1,0,1,1,1,1,1,1,1,1
fixed-count,random,23,100,9024,terminal-unfenced-suffix,1048601,1048600,-1,1,0,1,2,0,0,0,0,1,1,0,1,1,1,1,1,1,1,1
fixed-count,random,23,100,9024,terminal-unfenced-suffix,1048601,1048600,-1,1,0,1,3,0,0,0,0,1,1,0,1,1,1,1,1,1,1,1
fixed-count,random,23,100,9024,terminal-unfenced-suffix,1048601,1048600,-1,1,0,1,4,0,0,0,0,1,1,0,1,1,1,1,1,1,1,1
fixed-count,random,23,100,9024,terminal-unfenced-suffix,1048601,1048600,-1,1,0,1,5,0,0,0,0,1,1,0,1,1,1,1,1,1,1,1
fixed-count,random,23,100,9024,terminal-unfenced-suffix,1048601,1048600,-1,1,0,1,6,0,0,0,0,1,1,0,1,1,1,1,1,1,1,1
fixed-count,random,23,100,9024,terminal-unfenced-suffix,1048601,1048600,-1,1,0,1,7,0,0,0,0,1,1,0,1,1,1,1,1,1,1,1
fixed-count,random,23,100,9024,terminal-unfenced-suffix,1048601,1048600,-1,1,0,1,8,0,0,0,0,1,1,0,1,1,1,1,1,1,1,1
fixed-count,random,23,100,9024,terminal-unfenced-suffix,1048601,1048600,-1,1,0,1,9,0,0,0,0,1,1,0,1,1,1,1,1,1,1,1
fixed-count,random,23,100,9024,terminal-unfenced-suffix,1048601,1048600,-1,1,0,1,10,0,0,0,0,1,1,0,1,1,1,1,1,1,1,1
fixed-count,random,23,100,9024,terminal-unfenced-suffix,1048601,1048600,-1,1,0,1,11,0,0,0,0,1,1,0,1,1,1,1,1,1,1,1
strict-random,random,23,100,9024,strict-cap-before-fence,2097154,1048601,87,2,0,2,0,0.2,0.2,0.2,0,1,0.8,0.2,1,1,1,1,1,1,1,1
strict-random,random,23,100,9024,strict-cap-before-fence,2097154,1048601,87,2,0,2,1,0,0,0,0,1,1,0,1,1,1,1,1,1,1,1
strict-random,random,23,100,9024,strict-cap-before-fence,2097154,1048601,87,2,0,2,2,0,0,0,0,1,1,0,1,1,1,1,1,1,1,1
strict-random,random,23,100,9024,strict-cap-before-fence,2097154,1048601,87,2,0,2,3,0,0,0,0,1,1,0,1,1,1,1,1,1,1,1
strict-random,random,23,100,9024,strict-cap-before-fence,2097154,1048601,87,2,0,2,4,0,0,0,0,1,1,0,1,1,1,1,1,1,1,1
strict-random,random,23,100,9024,strict-cap-before-fence,2097154,1048601,87,2,0,2,5,0,0,0,0,1,1,0,1,1,1,1,1,1,1,1
strict-random,random,23,100,9024,strict-cap-before-fence,2097154,1048601,87,2,0,2,6,0,0,0,0,1,1,0,1,1,1,1,1,1,1,1
strict-random,random,23,100,9024,strict-cap-before-fence,2097154,1048601,87,2,0,2,7,0,0,0,0,1,1,0,1,1,1,1,1,1,1,1
strict-random,random,23,100,9024,strict-cap-before-fence,2097154,1048601,87,2,0,2,8,0,0,0,0,1,1,0,1,1,1,1,1,1,1,1
strict-random,random,23,100,9024,strict-cap-before-fence,2097154,1048601,87,2,0,2,9,0,0,0,0,1,1,0,1,1,1,1,1,1,1,1
strict-random,random,23,100,9024,strict-cap-before-fence,2097154,1048601,87,2,0,2,10,0,0,0,0,1,1,0,1,1,1,1,1,1,1,1
strict-random,random,23,100,9024,strict-cap-before-fence,2097154,1048601,87,2,0,2,11,0,0,0,0,1,1,0,1,1,1,1,1,1,1,1
exchange-random,random,23,100,9024,terminal-unfenced-suffix,1048601,1048592,-1,9,0,9,0,0,0,0,0,1,1,0,1,1,1,1,1,1,1,1
exchange-random,random,23,100,9024,terminal-unfenced-suffix,1048601,1048592,-1,9,0,9,1,0.1,0.1,0.1,0,1,0.9,0.1,1,1,1,1,1,1,1,1
exchange-random,random,23,100,9024,terminal-unfenced-suffix,1048601,1048592,-1,9,0,9,2,0,0,0,0,1,1,0,1,1,1,1,1,1,1,1
exchange-random,random,23,100,9024,terminal-unfenced-suffix,1048601,1048592,-1,9,0,9,3,0,0,0,0,1,1,0,1,1,1,1,1,1,1,1
exchange-random,random,23,100,9024,terminal-unfenced-suffix,1048601,1048592,-1,9,0,9,4,0.1,0.1,0.1,0,1,0.9,0.1,1,1,1,1,1,1,1,1
exchange-random,random,23,100,9024,terminal-unfenced-suffix,1048601,1048592,-1,9,0,9,5,0,0,0,0,1,1,0,1,1,1,1,1,1,1,1
exchange-random,random,23,100,9024,terminal-unfenced-suffix,1048601,1048592,-1,9,0,9,6,0.1,0.1,0.1,0,1,0.9,0.1,1,1,1,1,1,1,1,1
exchange-random,random,23,100,9024,terminal-unfenced-suffix,1048601,1048592,-1,9,0,9,7,0,0,0,0,1,1,0,1,1,1,1,1,1,1,1
exchange-random,random,23,100,9024,terminal-unfenced-suffix,1048601,1048592,-1,9,0,9,8,0,0,0,0,1,1,0,1,1,1,1,1,1,1,1
exchange-random,random,23,100,9024,terminal-unfenced-suffix,1048601,1048592,-1,9,0,9,9,0.1,0.1,0.1,0,1,0.9,0.1,1,1,1,1,1,1,1,1
exchange-random,random,23,100,9024,terminal-unfenced-suffix,1048601,1048592,-1,9,0,9,10,0,0,0,0,1,1,0,1,1,1,1,1,1,1,1
exchange-random,random,23,100,9024,terminal-unfenced-suffix,1048601,1048592,-1,9,0,9,11,0.1,0.1,0.1,0,1,0.9,0.1,1,1,1,1,1,1,1,1
fixed-time,random,23,117,9024,terminal-unfenced-suffix,1048601,1048601,-1,0,0,0,0,0,0,0,0,1,1,0,1,1,1,1,1,1,1,1
fixed-time,random,23,117,9024,terminal-unfenced-suffix,1048601,1048601,-1,0,0,0,1,0,0,0,0,1,1,0,1,1,1,1,1,1,1,1
fixed-time,random,23,117,9024,terminal-unfenced-suffix,1048601,1048601,-1,0,0,0,2,0,0,0,0,1,1,0,1,1,1,1,1,1,1,1
fixed-time,random,23,117,9024,terminal-unfenced-suffix,1048601,1048601,-1,0,0,0,3,0,0,0,0,1,1,0,1,1,1,1,1,1,1,1
fixed-time,random,23,117,9024,terminal-unfenced-suffix,1048601,1048601,-1,0,0,0,4,0,0,0,0,1,1,0,1,1,1,1,1,1,1,1
fixed-time,random,23,117,9024,terminal-unfenced-suffix,1048601,1048601,-1,0,0,0,5,0,0,0,0,1,1,0,1,1,1,1,1,1,1,1
fixed-time,random,23,117,9024,terminal-unfenced-suffix,1048601,1048601,-1,0,0,0,6,0,0,0,0,1,1,0,1,1,1,1,1,1,1,1
fixed-time,random,23,117,9024,terminal-unfenced-suffix,1048601,1048601,-1,0,0,0,7,0,0,0,0,1,1,0,1,1,1,1,1,1,1,1
fixed-time,random,23,117,9024,terminal-unfenced-suffix,1048601,1048601,-1,0,0,0,8,0,0,0,0,1,1,0,1,1,1,1,1,1,1,1
fixed-time,random,23,117,9024,terminal-unfenced-suffix,1048601,1048601,-1,0,0,0,9,0,0,0,0,1,1,0,1,1,1,1,1,1,1,1
fixed-time,random,23,117,9024,terminal-unfenced-suffix,1048601,1048601,-1,0,0,0,10,0,0,0,0,1,1,0,1,1,1,1,1,1,1,1
fixed-time,random,23,117,9024,terminal-unfenced-suffix,1048601,1048601,-1,0,0,0,11,0,0,0,0,1,1,0,1,1,1,1,1,1,1,1
exchange-hot,hot,24,100,45025,terminal-unfenced-suffix,1048601,1048592,-1,9,0,9,0,0.3,0.3,0.3,5.55112e-17,1,0.7,0.3,1,1,1,1,1,1,1,1
exchange-hot,hot,24,100,45025,terminal-unfenced-suffix,1048601,1048592,-1,9,0,9,1,0.2,0.2,0.2,0,1,0.8,0.2,1,1,1,1,1,1,1,1
exchange-hot,hot,24,100,45025,terminal-unfenced-suffix,1048601,1048592,-1,9,0,9,2,0.2,0.2,0.2,0,1,0.8,0.2,1,1,1,1,1,1,1,1
exchange-hot,hot,24,100,45025,terminal-unfenced-suffix,1048601,1048592,-1,9,0,9,3,0.2,0.2,0.2,0,1,0.8,0.2,1,1,1,1,1,1,1,1
exchange-hot,hot,24,100,45025,terminal-unfenced-suffix,1048601,1048592,-1,9,0,9,4,0.3,0.3,0.3,5.55112e-17,1,0.7,0.3,1,1,1,1,1,1,1,1
exchange-hot,hot,24,100,45025,terminal-unfenced-suffix,1048601,1048592,-1,9,0,9,5,0.2,0.2,0.2,0,1,0.8,0.2,1,1,1,1,1,1,1,1
exchange-hot,hot,24,100,45025,terminal-unfenced-suffix,1048601,1048592,-1,9,0,9,6,0.2,0.2,0.2,0,1,0.8,0.2,1,1,1,1,1,1,1,1
exchange-hot,hot,24,100,45025,terminal-unfenced-suffix,1048601,1048592,-1,9,0,9,7,0.2,0.2,0.2,0,1,0.8,0.2,1,1,1,1,1,1,1,1
exchange-hot,hot,24,100,45025,terminal-unfenced-suffix,1048601,1048592,-1,9,0,9,8,0.3,0.3,0.3,5.55112e-17,1,0.7,0.3,1,1,1,1,1,1,1,1
exchange-hot,hot,24,100,45025,terminal-unfenced-suffix,1048601,1048592,-1,9,0,9,9,0.2,0.2,0.2,0,1,0.8,0.2,1,1,1,1,1,1,1,1
exchange-hot,hot,24,100,45025,terminal-unfenced-suffix,1048601,1048592,-1,9,0,9,10,0.2,0.2,0.2,0,1,0.8,0.2,1,1,1,1,1,1,1,1
exchange-hot,hot,24,100,45025,terminal-unfenced-suffix,1048601,1048592,-1,9,0,9,11,0.2,0.2,0.2,0,1,0.8,0.2,1,1,1,1,1,1,1,1
exchange-random,random,24,117,9025,terminal-unfenced-suffix,1048601,1048592,-1,9,0,9,0,0.1,0.1,0.1,0,1,0.9,0.1,1,1,1,1,1,1,1,1
exchange-random,random,24,117,9025,terminal-unfenced-suffix,1048601,1048592,-1,9,0,9,1,0,0,0,0,1,1,0,1,1,1,1,1,1,1,1
exchange-random,random,24,117,9025,terminal-unfenced-suffix,1048601,1048592,-1,9,0,9,2,0,0,0,0,1,1,0,1,1,1,1,1,1,1,1
exchange-random,random,24,117,9025,terminal-unfenced-suffix,1048601,1048592,-1,9,0,9,3,0.1,0.1,0.1,0,1,0.9,0.1,1,1,1,1,1,1,1,1
exchange-random,random,24,117,9025,terminal-unfenced-suffix,1048601,1048592,-1,9,0,9,4,0.1,0.1,0.1,0,1,0.9,0.1,1,1,1,1,1,1,1,1
exchange-random,random,24,117,9025,terminal-unfenced-suffix,1048601,1048592,-1,9,0,9,5,0.2,0.2,0.2,0,1,0.8,0.2,1,1,1,1,1,1,1,1
exchange-random,random,24,117,9025,terminal-unfenced-suffix,1048601,1048592,-1,9,0,9,6,0.2,0.2,0.2,0,1,0.8,0.2,1,1,1,1,1,1,1,1
exchange-random,random,24,117,9025,terminal-unfenced-suffix,1048601,1048592,-1,9,0,9,7,0.1,0.1,0.1,0,1,0.9,0.1,1,1,1,1,1,1,1,1
exchange-random,random,24,117,9025,terminal-unfenced-suffix,1048601,1048592,-1,9,0,9,8,0,0,0,0,1,1,0,1,1,1,1,1,1,1,1
exchange-random,random,24,117,9025,terminal-unfenced-suffix,1048601,1048592,-1,9,0,9,9,0,0,0,0,1,1,0,1,1,1,1,1,1,1,1
exchange-random,random,24,117,9025,terminal-unfenced-suffix,1048601,1048592,-1,9,0,9,10,0,0,0,0,1,1,0,1,1,1,1,1,1,1,1
exchange-random,random,24,117,9025,terminal-unfenced-suffix,1048601,1048592,-1,9,0,9,11,0,0,0,0,1,1,0,1,1,1,1,1,1,1,1
strict-random,random,24,117,9025,strict-cap-before-fence,2097154,1048601,87,2,0,2,0,0.2,0.2,0.2,0,1,0.8,0.2,1,1,1,1,1,1,1,1
strict-random,random,24,117,9025,strict-cap-before-fence,2097154,1048601,87,2,0,2,1,0,0,0,0,1,1,0,1,1,1,1,1,1,1,1
strict-random,random,24,117,9025,strict-cap-before-fence,2097154,1048601,87,2,0,2,2,0,0,0,0,1,1,0,1,1,1,1,1,1,1,1
strict-random,random,24,117,9025,strict-cap-before-fence,2097154,1048601,87,2,0,2,3,0,0,0,0,1,1,0,1,1,1,1,1,1,1,1
strict-random,random,24,117,9025,strict-cap-before-fence,2097154,1048601,87,2,0,2,4,0,0,0,0,1,1,0,1,1,1,1,1,1,1,1
strict-random,random,24,117,9025,strict-cap-before-fence,2097154,1048601,87,2,0,2,5,0,0,0,0,1,1,0,1,1,1,1,1,1,1,1
strict-random,random,24,117,9025,strict-cap-before-fence,2097154,1048601,87,2,0,2,6,0,0,0,0,1,1,0,1,1,1,1,1,1,1,1
strict-random,random,24,117,9025,strict-cap-before-fence,2097154,1048601,87,2,0,2,7,0,0,0,0,1,1,0,1,1,1,1,1,1,1,1
strict-random,random,24,117,9025,strict-cap-before-fence,2097154,1048601,87,2,0,2,8,0,0,0,0,1,1,0,1,1,1,1,1,1,1,1
strict-random,random,24,117,9025,strict-cap-before-fence,2097154,1048601,87,2,0,2,9,0,0,0,0,1,1,0,1,1,1,1,1,1,1,1
strict-random,random,24,117,9025,strict-cap-before-fence,2097154,1048601,87,2,0,2,10,0,0,0,0,1,1,0,1,1,1,1,1,1,1,1
strict-random,random,24,117,9025,strict-cap-before-fence,2097154,1048601,87,2,0,2,11,0,0,0,0,1,1,0,1,1,1,1,1,1,1,1
fixed-count,random,24,117,9025,terminal-unfenced-suffix,1048601,1048600,-1,1,0,1,0,0,0,0,0,1,1,0,1,1,1,1,1,1,1,1
fixed-count,random,24,117,9025,terminal-unfenced-suffix,1048601,1048600,-1,1,0,1,1,0,0,0,0,1,1,0,1,1,1,1,1,1,1,1
fixed-count,random,24,117,9025,terminal-unfenced-suffix,1048601,1048600,-1,1,0,1,2,0,0,0,0,1,1,0,1,1,1,1,1,1,1,1
fixed-count,random,24,117,9025,terminal-unfenced-suffix,1048601,1048600,-1,1,0,1,3,0,0,0,0,1,1,0,1,1,1,1,1,1,1,1
fixed-count,random,24,117,9025,terminal-unfenced-suffix,1048601,1048600,-1,1,0,1,4,0,0,0,0,1,1,0,1,1,1,1,1,1,1,1
fixed-count,random,24,117,9025,terminal-unfenced-suffix,1048601,1048600,-1,1,0,1,5,0,0,0,0,1,1,0,1,1,1,1,1,1,1,1
fixed-count,random,24,117,9025,terminal-unfenced-suffix,1048601,1048600,-1,1,0,1,6,0.1,0.1,0.1,0,1,0.9,0.1,1,1,1,1,1,1,1,1
fixed-count,random,24,117,9025,terminal-unfenced-suffix,1048601,1048600,-1,1,0,1,7,0,0,0,0,1,1,0,1,1,1,1,1,1,1,1
fixed-count,random,24,117,9025,terminal-unfenced-suffix,1048601,1048600,-1,1,0,1,8,0,0,0,0,1,1,0,1,1,1,1,1,1,1,1
fixed-count,random,24,117,9025,terminal-unfenced-suffix,1048601,1048600,-1,1,0,1,9,0,0,0,0,1,1,0,1,1,1,1,1,1,1,1
fixed-count,random,24,117,9025,terminal-unfenced-suffix,1048601,1048600,-1,1,0,1,10,0,0,0,0,1,1,0,1,1,1,1,1,1,1,1
fixed-count,random,24,117,9025,terminal-unfenced-suffix,1048601,1048600,-1,1,0,1,11,0,0,0,0,1,1,0,1,1,1,1,1,1,1,1
fixed-time,random,24,100,9025,terminal-unfenced-suffix,1048601,1048601,-1,0,0,0,0,0,0,0,0,1,1,0,1,1,1,1,1,1,1,1
fixed-time,random,24,100,9025,terminal-unfenced-suffix,1048601,1048601,-1,0,0,0,1,0,0,0,0,1,1,0,1,1,1,1,1,1,1,1
fixed-time,random,24,100,9025,terminal-unfenced-suffix,1048601,1048601,-1,0,0,0,2,0,0,0,0,1,1,0,1,1,1,1,1,1,1,1
fixed-time,random,24,100,9025,terminal-unfenced-suffix,1048601,1048601,-1,0,0,0,3,0,0,0,0,1,1,0,1,1,1,1,1,1,1,1
fixed-time,random,24,100,9025,terminal-unfenced-suffix,1048601,1048601,-1,0,0,0,4,0,0,0,0,1,1,0,1,1,1,1,1,1,1,1
fixed-time,random,24,100,9025,terminal-unfenced-suffix,1048601,1048601,-1,0,0,0,5,0,0,0,0,1,1,0,1,1,1,1,1,1,1,1
fixed-time,random,24,100,9025,terminal-unfenced-suffix,1048601,1048601,-1,0,0,0,6,0,0,0,0,1,1,0,1,1,1,1,1,1,1,1
fixed-time,random,24,100,9025,terminal-unfenced-suffix,1048601,1048601,-1,0,0,0,7,0,0,0,0,1,1,0,1,1,1,1,1,1,1,1
fixed-time,random,24,100,9025,terminal-unfenced-suffix,1048601,1048601,-1,0,0,0,8,0,0,0,0,1,1,0,1,1,1,1,1,1,1,1
fixed-time,random,24,100,9025,terminal-unfenced-suffix,1048601,1048601,-1,0,0,0,9,0,0,0,0,1,1,0,1,1,1,1,1,1,1,1
fixed-time,random,24,100,9025,terminal-unfenced-suffix,1048601,1048601,-1,0,0,0,10,0,0,0,0,1,1,0,1,1,1,1,1,1,1,1
fixed-time,random,24,100,9025,terminal-unfenced-suffix,1048601,1048601,-1,0,0,0,11,0,0,0,0,1,1,0,1,1,1,1,1,1,1,1
strict-hot,hot,24,100,45025,fence-after-sync-before-publish,2097154,1048601,86,2,2,0,0,0.2,0,0,0,1,1,0,0.8,1,1,1,1,1,1,1
strict-hot,hot,24,100,45025,fence-after-sync-before-publish,2097154,1048601,86,2,2,0,1,0,0,0,0,1,1,0,1,1,1,1,1,1,1,1
strict-hot,hot,24,100,45025,fence-after-sync-before-publish,2097154,1048601,86,2,2,0,2,0,0,0,0,1,1,0,1,1,1,1,1,1,1,1
strict-hot,hot,24,100,45025,fence-after-sync-before-publish,2097154,1048601,86,2,2,0,3,0,0,0,0,1,1,0,1,1,1,1,1,1,1,1
strict-hot,hot,24,100,45025,fence-after-sync-before-publish,2097154,1048601,86,2,2,0,4,0.2,0,0,0,1,1,0,0.8,1,1,1,1,1,1,1
strict-hot,hot,24,100,45025,fence-after-sync-before-publish,2097154,1048601,86,2,2,0,5,0,0,0,0,1,1,0,1,1,1,1,1,1,1,1
strict-hot,hot,24,100,45025,fence-after-sync-before-publish,2097154,1048601,86,2,2,0,6,0,0,0,0,1,1,0,1,1,1,1,1,1,1,1
strict-hot,hot,24,100,45025,fence-after-sync-before-publish,2097154,1048601,86,2,2,0,7,0,0,0,0,1,1,0,1,1,1,1,1,1,1,1
strict-hot,hot,24,100,45025,fence-after-sync-before-publish,2097154,1048601,86,2,2,0,8,0.2,0,0,0,1,1,0,0.8,1,1,1,1,1,1,1
strict-hot,hot,24,100,45025,fence-after-sync-before-publish,2097154,1048601,86,2,2,0,9,0,0,0,0,1,1,0,1,1,1,1,1,1,1,1
strict-hot,hot,24,100,45025,fence-after-sync-before-publish,2097154,1048601,86,2,2,0,10,0,0,0,0,1,1,0,1,1,1,1,1,1,1,1
strict-hot,hot,24,100,45025,fence-after-sync-before-publish,2097154,1048601,86,2,2,0,11,0,0,0,0,1,1,0,1,1,1,1,1,1,1,1
stable-group,random,24,100,9025,terminal-unfenced-suffix,1048601,1048601,-1,0,0,0,0,0,0,0,0,1,1,0,1,1,1,1,1,1,1,1
stable-group,random,24,100,9025,terminal-unfenced-suffix,1048601,1048601,-1,0,0,0,1,0,0,0,0,1,1,0,1,1,1,1,1,1,1,1
stable-group,random,24,100,9025,terminal-unfenced-suffix,1048601,1048601,-1,0,0,0,2,0,0,0,0,1,1,0,1,1,1,1,1,1,1,1
stable-group,random,24,100,9025,terminal-unfenced-suffix,1048601,1048601,-1,0,0,0,3,0,0,0,0,1,1,0,1,1,1,1,1,1,1,1
stable-group,random,24,100,9025,terminal-unfenced-suffix,1048601,1048601,-1,0,0,0,4,0,0,0,0,1,1,0,1,1,1,1,1,1,1,1
stable-group,random,24,100,9025,terminal-unfenced-suffix,1048601,1048601,-1,0,0,0,5,0,0,0,0,1,1,0,1,1,1,1,1,1,1,1
stable-group,random,24,100,9025,terminal-unfenced-suffix,1048601,1048601,-1,0,0,0,6,0,0,0,0,1,1,0,1,1,1,1,1,1,1,1
stable-group,random,24,100,9025,terminal-unfenced-suffix,1048601,1048601,-1,0,0,0,7,0,0,0,0,1,1,0,1,1,1,1,1,1,1,1
stable-group,random,24,100,9025,terminal-unfenced-suffix,1048601,1048601,-1,0,0,0,8,0,0,0,0,1,1,0,1,1,1,1,1,1,1,1
stable-group,random,24,100,9025,terminal-unfenced-suffix,1048601,1048601,-1,0,0,0,9,0,0,0,0,1,1,0,1,1,1,1,1,1,1,1
stable-group,random,24,100,9025,terminal-unfenced-suffix,1048601,1048601,-1,0,0,0,10,0,0,0,0,1,1,0,1,1,1,1,1,1,1,1
stable-group,random,24,100,9025,terminal-unfenced-suffix,1048601,1048601,-1,0,0,0,11,0,0,0,0,1,1,0,1,1,1,1,1,1,1,1
exchange-hot-guard,hot,24,117,45025,terminal-unfenced-suffix,1048601,1048601,-1,0,0,0,0,0,0,0,0,1,1,0,1,1,1,1,1,1,1,1
exchange-hot-guard,hot,24,117,45025,terminal-unfenced-suffix,1048601,1048601,-1,0,0,0,1,0,0,0,0,1,1,0,1,1,1,1,1,1,1,1
exchange-hot-guard,hot,24,117,45025,terminal-unfenced-suffix,1048601,1048601,-1,0,0,0,2,0,0,0,0,1,1,0,1,1,1,1,1,1,1,1
exchange-hot-guard,hot,24,117,45025,terminal-unfenced-suffix,1048601,1048601,-1,0,0,0,3,0,0,0,0,1,1,0,1,1,1,1,1,1,1,1
exchange-hot-guard,hot,24,117,45025,terminal-unfenced-suffix,1048601,1048601,-1,0,0,0,4,0,0,0,0,1,1,0,1,1,1,1,1,1,1,1
exchange-hot-guard,hot,24,117,45025,terminal-unfenced-suffix,1048601,1048601,-1,0,0,0,5,0,0,0,0,1,1,0,1,1,1,1,1,1,1,1
exchange-hot-guard,hot,24,117,45025,terminal-unfenced-suffix,1048601,1048601,-1,0,0,0,6,0,0,0,0,1,1,0,1,1,1,1,1,1,1,1
exchange-hot-guard,hot,24,117,45025,terminal-unfenced-suffix,1048601,1048601,-1,0,0,0,7,0,0,0,0,1,1,0,1,1,1,1,1,1,1,1
exchange-hot-guard,hot,24,117,45025,terminal-unfenced-suffix,1048601,1048601,-1,0,0,0,8,0,0,0,0,1,1,0,1,1,1,1,1,1,1,1
exchange-hot-guard,hot,24,117,45025,terminal-unfenced-suffix,1048601,1048601,-1,0,0,0,9,0,0,0,0,1,1,0,1,1,1,1,1,1,1,1
exchange-hot-guard,hot,24,117,45025,terminal-unfenced-suffix,1048601,1048601,-1,0,0,0,10,0,0,0,0,1,1,0,1,1,1,1,1,1,1,1
exchange-hot-guard,hot,24,117,45025,terminal-unfenced-suffix,1048601,1048601,-1,0,0,0,11,0,0,0,0,1,1,0,1,1,1,1,1,1,1,1
exchange-random,random,25,100,9026,terminal-unfenced-suffix,1048601,1048592,-1,9,0,9,0,0,0,0,0,1,1,0,1,1,1,1,1,1,1,1
exchange-random,random,25,100,9026,terminal-unfenced-suffix,1048601,1048592,-1,9,0,9,1,0,0,0,0,1,1,0,1,1,1,1,1,1,1,1
exchange-random,random,25,100,9026,terminal-unfenced-suffix,1048601,1048592,-1,9,0,9,2,0.1,0.1,0.1,0,1,0.9,0.1,1,1,1,1,1,1,1,1
exchange-random,random,25,100,9026,terminal-unfenced-suffix,1048601,1048592,-1,9,0,9,3,0.1,0.1,0.1,0,1,0.9,0.1,1,1,1,1,1,1,1,1
exchange-random,random,25,100,9026,terminal-unfenced-suffix,1048601,1048592,-1,9,0,9,4,0.1,0.1,0.1,0,1,0.9,0.1,1,1,1,1,1,1,1,1
exchange-random,random,25,100,9026,terminal-unfenced-suffix,1048601,1048592,-1,9,0,9,5,0.1,0.1,0.1,0,1,0.9,0.1,1,1,1,1,1,1,1,1
exchange-random,random,25,100,9026,terminal-unfenced-suffix,1048601,1048592,-1,9,0,9,6,0,0,0,0,1,1,0,1,1,1,1,1,1,1,1
exchange-random,random,25,100,9026,terminal-unfenced-suffix,1048601,1048592,-1,9,0,9,7,0,0,0,0,1,1,0,1,1,1,1,1,1,1,1
exchange-random,random,25,100,9026,terminal-unfenced-suffix,1048601,1048592,-1,9,0,9,8,0.1,0.1,0.1,0,1,0.9,0.1,1,1,1,1,1,1,1,1
exchange-random,random,25,100,9026,terminal-unfenced-suffix,1048601,1048592,-1,9,0,9,9,0.2,0.2,0.2,0,1,0.8,0.2,1,1,1,1,1,1,1,1
exchange-random,random,25,100,9026,terminal-unfenced-suffix,1048601,1048592,-1,9,0,9,10,0.1,0.1,0.1,0,1,0.9,0.1,1,1,1,1,1,1,1,1
exchange-random,random,25,100,9026,terminal-unfenced-suffix,1048601,1048592,-1,9,0,9,11,0,0,0,0,1,1,0,1,1,1,1,1,1,1,1
exchange-hot,hot,25,117,45026,terminal-unfenced-suffix,1048601,1048592,-1,9,0,9,0,0.3,0.3,0.3,5.55112e-17,1,0.7,0.3,1,1,1,1,1,1,1,1
exchange-hot,hot,25,117,45026,terminal-unfenced-suffix,1048601,1048592,-1,9,0,9,1,0.2,0.2,0.2,0,1,0.8,0.2,1,1,1,1,1,1,1,1
exchange-hot,hot,25,117,45026,terminal-unfenced-suffix,1048601,1048592,-1,9,0,9,2,0.2,0.2,0.2,0,1,0.8,0.2,1,1,1,1,1,1,1,1
exchange-hot,hot,25,117,45026,terminal-unfenced-suffix,1048601,1048592,-1,9,0,9,3,0.2,0.2,0.2,0,1,0.8,0.2,1,1,1,1,1,1,1,1
exchange-hot,hot,25,117,45026,terminal-unfenced-suffix,1048601,1048592,-1,9,0,9,4,0.3,0.3,0.3,5.55112e-17,1,0.7,0.3,1,1,1,1,1,1,1,1
exchange-hot,hot,25,117,45026,terminal-unfenced-suffix,1048601,1048592,-1,9,0,9,5,0.2,0.2,0.2,0,1,0.8,0.2,1,1,1,1,1,1,1,1
exchange-hot,hot,25,117,45026,terminal-unfenced-suffix,1048601,1048592,-1,9,0,9,6,0.2,0.2,0.2,0,1,0.8,0.2,1,1,1,1,1,1,1,1
exchange-hot,hot,25,117,45026,terminal-unfenced-suffix,1048601,1048592,-1,9,0,9,7,0.2,0.2,0.2,0,1,0.8,0.2,1,1,1,1,1,1,1,1
exchange-hot,hot,25,117,45026,terminal-unfenced-suffix,1048601,1048592,-1,9,0,9,8,0.3,0.3,0.3,5.55112e-17,1,0.7,0.3,1,1,1,1,1,1,1,1
exchange-hot,hot,25,117,45026,terminal-unfenced-suffix,1048601,1048592,-1,9,0,9,9,0.2,0.2,0.2,0,1,0.8,0.2,1,1,1,1,1,1,1,1
exchange-hot,hot,25,117,45026,terminal-unfenced-suffix,1048601,1048592,-1,9,0,9,10,0.2,0.2,0.2,0,1,0.8,0.2,1,1,1,1,1,1,1,1
exchange-hot,hot,25,117,45026,terminal-unfenced-suffix,1048601,1048592,-1,9,0,9,11,0.2,0.2,0.2,0,1,0.8,0.2,1,1,1,1,1,1,1,1
strict-hot,hot,25,117,45026,fence-after-sync-before-publish,2097154,1048601,86,2,2,0,0,0.2,0,0,0,1,1,0,0.8,1,1,1,1,1,1,1
strict-hot,hot,25,117,45026,fence-after-sync-before-publish,2097154,1048601,86,2,2,0,1,0,0,0,0,1,1,0,1,1,1,1,1,1,1,1
strict-hot,hot,25,117,45026,fence-after-sync-before-publish,2097154,1048601,86,2,2,0,2,0,0,0,0,1,1,0,1,1,1,1,1,1,1,1
strict-hot,hot,25,117,45026,fence-after-sync-before-publish,2097154,1048601,86,2,2,0,3,0,0,0,0,1,1,0,1,1,1,1,1,1,1,1
strict-hot,hot,25,117,45026,fence-after-sync-before-publish,2097154,1048601,86,2,2,0,4,0.2,0,0,0,1,1,0,0.8,1,1,1,1,1,1,1
strict-hot,hot,25,117,45026,fence-after-sync-before-publish,2097154,1048601,86,2,2,0,5,0,0,0,0,1,1,0,1,1,1,1,1,1,1,1
strict-hot,hot,25,117,45026,fence-after-sync-before-publish,2097154,1048601,86,2,2,0,6,0,0,0,0,1,1,0,1,1,1,1,1,1,1,1
strict-hot,hot,25,117,45026,fence-after-sync-before-publish,2097154,1048601,86,2,2,0,7,0,0,0,0,1,1,0,1,1,1,1,1,1,1,1
strict-hot,hot,25,117,45026,fence-after-sync-before-publish,2097154,1048601,86,2,2,0,8,0.2,0,0,0,1,1,0,0.8,1,1,1,1,1,1,1
strict-hot,hot,25,117,45026,fence-after-sync-before-publish,2097154,1048601,86,2,2,0,9,0,0,0,0,1,1,0,1,1,1,1,1,1,1,1
strict-hot,hot,25,117,45026,fence-after-sync-before-publish,2097154,1048601,86,2,2,0,10,0,0,0,0,1,1,0,1,1,1,1,1,1,1,1
strict-hot,hot,25,117,45026,fence-after-sync-before-publish,2097154,1048601,86,2,2,0,11,0,0,0,0,1,1,0,1,1,1,1,1,1,1,1
fixed-count,random,25,100,9026,terminal-unfenced-suffix,1048601,1048600,-1,1,0,1,0,0,0,0,0,1,1,0,1,1,1,1,1,1,1,1
fixed-count,random,25,100,9026,terminal-unfenced-suffix,1048601,1048600,-1,1,0,1,1,0,0,0,0,1,1,0,1,1,1,1,1,1,1,1
fixed-count,random,25,100,9026,terminal-unfenced-suffix,1048601,1048600,-1,1,0,1,2,0,0,0,0,1,1,0,1,1,1,1,1,1,1,1
fixed-count,random,25,100,9026,terminal-unfenced-suffix,1048601,1048600,-1,1,0,1,3,0,0,0,0,1,1,0,1,1,1,1,1,1,1,1
fixed-count,random,25,100,9026,terminal-unfenced-suffix,1048601,1048600,-1,1,0,1,4,0,0,0,0,1,1,0,1,1,1,1,1,1,1,1
fixed-count,random,25,100,9026,terminal-unfenced-suffix,1048601,1048600,-1,1,0,1,5,0,0,0,0,1,1,0,1,1,1,1,1,1,1,1
fixed-count,random,25,100,9026,terminal-unfenced-suffix,1048601,1048600,-1,1,0,1,6,0,0,0,0,1,1,0,1,1,1,1,1,1,1,1
fixed-count,random,25,100,9026,terminal-unfenced-suffix,1048601,1048600,-1,1,0,1,7,0,0,0,0,1,1,0,1,1,1,1,1,1,1,1
fixed-count,random,25,100,9026,terminal-unfenced-suffix,1048601,1048600,-1,1,0,1,8,0,0,0,0,1,1,0,1,1,1,1,1,1,1,1
fixed-count,random,25,100,9026,terminal-unfenced-suffix,1048601,1048600,-1,1,0,1,9,0.1,0.1,0.1,0,1,0.9,0.1,1,1,1,1,1,1,1,1
fixed-count,random,25,100,9026,terminal-unfenced-suffix,1048601,1048600,-1,1,0,1,10,0,0,0,0,1,1,0,1,1,1,1,1,1,1,1
fixed-count,random,25,100,9026,terminal-unfenced-suffix,1048601,1048600,-1,1,0,1,11,0,0,0,0,1,1,0,1,1,1,1,1,1,1,1
strict-random,random,25,100,9026,strict-cap-before-fence,2097154,1048601,87,2,0,2,0,0.2,0.2,0.2,0,1,0.8,0.2,1,1,1,1,1,1,1,1
strict-random,random,25,100,9026,strict-cap-before-fence,2097154,1048601,87,2,0,2,1,0,0,0,0,1,1,0,1,1,1,1,1,1,1,1
strict-random,random,25,100,9026,strict-cap-before-fence,2097154,1048601,87,2,0,2,2,0,0,0,0,1,1,0,1,1,1,1,1,1,1,1
strict-random,random,25,100,9026,strict-cap-before-fence,2097154,1048601,87,2,0,2,3,0,0,0,0,1,1,0,1,1,1,1,1,1,1,1
strict-random,random,25,100,9026,strict-cap-before-fence,2097154,1048601,87,2,0,2,4,0,0,0,0,1,1,0,1,1,1,1,1,1,1,1
strict-random,random,25,100,9026,strict-cap-before-fence,2097154,1048601,87,2,0,2,5,0,0,0,0,1,1,0,1,1,1,1,1,1,1,1
strict-random,random,25,100,9026,strict-cap-before-fence,2097154,1048601,87,2,0,2,6,0,0,0,0,1,1,0,1,1,1,1,1,1,1,1
strict-random,random,25,100,9026,strict-cap-before-fence,2097154,1048601,87,2,0,2,7,0,0,0,0,1,1,0,1,1,1,1,1,1,1,1
strict-random,random,25,100,9026,strict-cap-before-fence,2097154,1048601,87,2,0,2,8,0,0,0,0,1,1,0,1,1,1,1,1,1,1,1
strict-random,random,25,100,9026,strict-cap-before-fence,2097154,1048601,87,2,0,2,9,0,0,0,0,1,1,0,1,1,1,1,1,1,1,1
strict-random,random,25,100,9026,strict-cap-before-fence,2097154,1048601,87,2,0,2,10,0,0,0,0,1,1,0,1,1,1,1,1,1,1,1
strict-random,random,25,100,9026,strict-cap-before-fence,2097154,1048601,87,2,0,2,11,0,0,0,0,1,1,0,1,1,1,1,1,1,1,1
fixed-time,random,25,117,9026,terminal-unfenced-suffix,1048601,1048601,-1,0,0,0,0,0,0,0,0,1,1,0,1,1,1,1,1,1,1,1
fixed-time,random,25,117,9026,terminal-unfenced-suffix,1048601,1048601,-1,0,0,0,1,0,0,0,0,1,1,0,1,1,1,1,1,1,1,1
fixed-time,random,25,117,9026,terminal-unfenced-suffix,1048601,1048601,-1,0,0,0,2,0,0,0,0,1,1,0,1,1,1,1,1,1,1,1
fixed-time,random,25,117,9026,terminal-unfenced-suffix,1048601,1048601,-1,0,0,0,3,0,0,0,0,1,1,0,1,1,1,1,1,1,1,1
fixed-time,random,25,117,9026,terminal-unfenced-suffix,1048601,1048601,-1,0,0,0,4,0,0,0,0,1,1,0,1,1,1,1,1,1,1,1
fixed-time,random,25,117,9026,terminal-unfenced-suffix,1048601,1048601,-1,0,0,0,5,0,0,0,0,1,1,0,1,1,1,1,1,1,1,1
fixed-time,random,25,117,9026,terminal-unfenced-suffix,1048601,1048601,-1,0,0,0,6,0,0,0,0,1,1,0,1,1,1,1,1,1,1,1
fixed-time,random,25,117,9026,terminal-unfenced-suffix,1048601,1048601,-1,0,0,0,7,0,0,0,0,1,1,0,1,1,1,1,1,1,1,1
fixed-time,random,25,117,9026,terminal-unfenced-suffix,1048601,1048601,-1,0,0,0,8,0,0,0,0,1,1,0,1,1,1,1,1,1,1,1
fixed-time,random,25,117,9026,terminal-unfenced-suffix,1048601,1048601,-1,0,0,0,9,0,0,0,0,1,1,0,1,1,1,1,1,1,1,1
fixed-time,random,25,117,9026,terminal-unfenced-suffix,1048601,1048601,-1,0,0,0,10,0,0,0,0,1,1,0,1,1,1,1,1,1,1,1
fixed-time,random,25,117,9026,terminal-unfenced-suffix,1048601,1048601,-1,0,0,0,11,0,0,0,0,1,1,0,1,1,1,1,1,1,1,1
stable-group,random,25,117,9026,terminal-unfenced-suffix,1048601,1048601,-1,0,0,0,0,0,0,0,0,1,1,0,1,1,1,1,1,1,1,1
stable-group,random,25,117,9026,terminal-unfenced-suffix,1048601,1048601,-1,0,0,0,1,0,0,0,0,1,1,0,1,1,1,1,1,1,1,1
stable-group,random,25,117,9026,terminal-unfenced-suffix,1048601,1048601,-1,0,0,0,2,0,0,0,0,1,1,0,1,1,1,1,1,1,1,1
stable-group,random,25,117,9026,terminal-unfenced-suffix,1048601,1048601,-1,0,0,0,3,0,0,0,0,1,1,0,1,1,1,1,1,1,1,1
stable-group,random,25,117,9026,terminal-unfenced-suffix,1048601,1048601,-1,0,0,0,4,0,0,0,0,1,1,0,1,1,1,1,1,1,1,1
stable-group,random,25,117,9026,terminal-unfenced-suffix,1048601,1048601,-1,0,0,0,5,0,0,0,0,1,1,0,1,1,1,1,1,1,1,1
stable-group,random,25,117,9026,terminal-unfenced-suffix,1048601,1048601,-1,0,0,0,6,0,0,0,0,1,1,0,1,1,1,1,1,1,1,1
stable-group,random,25,117,9026,terminal-unfenced-suffix,1048601,1048601,-1,0,0,0,7,0,0,0,0,1,1,0,1,1,1,1,1,1,1,1
stable-group,random,25,117,9026,terminal-unfenced-suffix,1048601,1048601,-1,0,0,0,8,0,0,0,0,1,1,0,1,1,1,1,1,1,1,1
stable-group,random,25,117,9026,terminal-unfenced-suffix,1048601,1048601,-1,0,0,0,9,0,0,0,0,1,1,0,1,1,1,1,1,1,1,1
stable-group,random,25,117,9026,terminal-unfenced-suffix,1048601,1048601,-1,0,0,0,10,0,0,0,0,1,1,0,1,1,1,1,1,1,1,1
stable-group,random,25,117,9026,terminal-unfenced-suffix,1048601,1048601,-1,0,0,0,11,0,0,0,0,1,1,0,1,1,1,1,1,1,1,1
exchange-hot-guard,hot,25,100,45026,terminal-unfenced-suffix,1048601,1048601,-1,0,0,0,0,0,0,0,0,1,1,0,1,1,1,1,1,1,1,1
exchange-hot-guard,hot,25,100,45026,terminal-unfenced-suffix,1048601,1048601,-1,0,0,0,1,0,0,0,0,1,1,0,1,1,1,1,1,1,1,1
exchange-hot-guard,hot,25,100,45026,terminal-unfenced-suffix,1048601,1048601,-1,0,0,0,2,0,0,0,0,1,1,0,1,1,1,1,1,1,1,1
exchange-hot-guard,hot,25,100,45026,terminal-unfenced-suffix,1048601,1048601,-1,0,0,0,3,0,0,0,0,1,1,0,1,1,1,1,1,1,1,1
exchange-hot-guard,hot,25,100,45026,terminal-unfenced-suffix,1048601,1048601,-1,0,0,0,4,0,0,0,0,1,1,0,1,1,1,1,1,1,1,1
exchange-hot-guard,hot,25,100,45026,terminal-unfenced-suffix,1048601,1048601,-1,0,0,0,5,0,0,0,0,1,1,0,1,1,1,1,1,1,1,1
exchange-hot-guard,hot,25,100,45026,terminal-unfenced-suffix,1048601,1048601,-1,0,0,0,6,0,0,0,0,1,1,0,1,1,1,1,1,1,1,1
exchange-hot-guard,hot,25,100,45026,terminal-unfenced-suffix,1048601,1048601,-1,0,0,0,7,0,0,0,0,1,1,0,1,1,1,1,1,1,1,1
exchange-hot-guard,hot,25,100,45026,terminal-unfenced-suffix,1048601,1048601,-1,0,0,0,8,0,0,0,0,1,1,0,1,1,1,1,1,1,1,1
exchange-hot-guard,hot,25,100,45026,terminal-unfenced-suffix,1048601,1048601,-1,0,0,0,9,0,0,0,0,1,1,0,1,1,1,1,1,1,1,1
exchange-hot-guard,hot,25,100,45026,terminal-unfenced-suffix,1048601,1048601,-1,0,0,0,10,0,0,0,0,1,1,0,1,1,1,1,1,1,1,1
exchange-hot-guard,hot,25,100,45026,terminal-unfenced-suffix,1048601,1048601,-1,0,0,0,11,0,0,0,0,1,1,0,1,1,1,1,1,1,1,1
exchange-hot,hot,26,100,45027,terminal-unfenced-suffix,1048601,1048592,-1,9,0,9,0,0.3,0.3,0.3,5.55112e-17,1,0.7,0.3,1,1,1,1,1,1,1,1
exchange-hot,hot,26,100,45027,terminal-unfenced-suffix,1048601,1048592,-1,9,0,9,1,0.2,0.2,0.2,0,1,0.8,0.2,1,1,1,1,1,1,1,1
exchange-hot,hot,26,100,45027,terminal-unfenced-suffix,1048601,1048592,-1,9,0,9,2,0.2,0.2,0.2,0,1,0.8,0.2,1,1,1,1,1,1,1,1
exchange-hot,hot,26,100,45027,terminal-unfenced-suffix,1048601,1048592,-1,9,0,9,3,0.2,0.2,0.2,0,1,0.8,0.2,1,1,1,1,1,1,1,1
exchange-hot,hot,26,100,45027,terminal-unfenced-suffix,1048601,1048592,-1,9,0,9,4,0.3,0.3,0.3,5.55112e-17,1,0.7,0.3,1,1,1,1,1,1,1,1
exchange-hot,hot,26,100,45027,terminal-unfenced-suffix,1048601,1048592,-1,9,0,9,5,0.2,0.2,0.2,0,1,0.8,0.2,1,1,1,1,1,1,1,1
exchange-hot,hot,26,100,45027,terminal-unfenced-suffix,1048601,1048592,-1,9,0,9,6,0.2,0.2,0.2,0,1,0.8,0.2,1,1,1,1,1,1,1,1
exchange-hot,hot,26,100,45027,terminal-unfenced-suffix,1048601,1048592,-1,9,0,9,7,0.2,0.2,0.2,0,1,0.8,0.2,1,1,1,1,1,1,1,1
exchange-hot,hot,26,100,45027,terminal-unfenced-suffix,1048601,1048592,-1,9,0,9,8,0.3,0.3,0.3,5.55112e-17,1,0.7,0.3,1,1,1,1,1,1,1,1
exchange-hot,hot,26,100,45027,terminal-unfenced-suffix,1048601,1048592,-1,9,0,9,9,0.2,0.2,0.2,0,1,0.8,0.2,1,1,1,1,1,1,1,1
exchange-hot,hot,26,100,45027,terminal-unfenced-suffix,1048601,1048592,-1,9,0,9,10,0.2,0.2,0.2,0,1,0.8,0.2,1,1,1,1,1,1,1,1
exchange-hot,hot,26,100,45027,terminal-unfenced-suffix,1048601,1048592,-1,9,0,9,11,0.2,0.2,0.2,0,1,0.8,0.2,1,1,1,1,1,1,1,1
strict-random,random,26,117,9027,strict-cap-before-fence,2097154,1048601,87,2,0,2,0,0.2,0.2,0.2,0,1,0.8,0.2,1,1,1,1,1,1,1,1
strict-random,random,26,117,9027,strict-cap-before-fence,2097154,1048601,87,2,0,2,1,0,0,0,0,1,1,0,1,1,1,1,1,1,1,1
strict-random,random,26,117,9027,strict-cap-before-fence,2097154,1048601,87,2,0,2,2,0,0,0,0,1,1,0,1,1,1,1,1,1,1,1
strict-random,random,26,117,9027,strict-cap-before-fence,2097154,1048601,87,2,0,2,3,0,0,0,0,1,1,0,1,1,1,1,1,1,1,1
strict-random,random,26,117,9027,strict-cap-before-fence,2097154,1048601,87,2,0,2,4,0,0,0,0,1,1,0,1,1,1,1,1,1,1,1
strict-random,random,26,117,9027,strict-cap-before-fence,2097154,1048601,87,2,0,2,5,0,0,0,0,1,1,0,1,1,1,1,1,1,1,1
strict-random,random,26,117,9027,strict-cap-before-fence,2097154,1048601,87,2,0,2,6,0,0,0,0,1,1,0,1,1,1,1,1,1,1,1
strict-random,random,26,117,9027,strict-cap-before-fence,2097154,1048601,87,2,0,2,7,0,0,0,0,1,1,0,1,1,1,1,1,1,1,1
strict-random,random,26,117,9027,strict-cap-before-fence,2097154,1048601,87,2,0,2,8,0,0,0,0,1,1,0,1,1,1,1,1,1,1,1
strict-random,random,26,117,9027,strict-cap-before-fence,2097154,1048601,87,2,0,2,9,0,0,0,0,1,1,0,1,1,1,1,1,1,1,1
strict-random,random,26,117,9027,strict-cap-before-fence,2097154,1048601,87,2,0,2,10,0,0,0,0,1,1,0,1,1,1,1,1,1,1,1
strict-random,random,26,117,9027,strict-cap-before-fence,2097154,1048601,87,2,0,2,11,0,0,0,0,1,1,0,1,1,1,1,1,1,1,1
fixed-count,random,26,117,9027,terminal-unfenced-suffix,1048601,1048600,-1,1,0,1,0,0,0,0,0,1,1,0,1,1,1,1,1,1,1,1
fixed-count,random,26,117,9027,terminal-unfenced-suffix,1048601,1048600,-1,1,0,1,1,0,0,0,0,1,1,0,1,1,1,1,1,1,1,1
fixed-count,random,26,117,9027,terminal-unfenced-suffix,1048601,1048600,-1,1,0,1,2,0,0,0,0,1,1,0,1,1,1,1,1,1,1,1
fixed-count,random,26,117,9027,terminal-unfenced-suffix,1048601,1048600,-1,1,0,1,3,0,0,0,0,1,1,0,1,1,1,1,1,1,1,1
fixed-count,random,26,117,9027,terminal-unfenced-suffix,1048601,1048600,-1,1,0,1,4,0,0,0,0,1,1,0,1,1,1,1,1,1,1,1
fixed-count,random,26,117,9027,terminal-unfenced-suffix,1048601,1048600,-1,1,0,1,5,0,0,0,0,1,1,0,1,1,1,1,1,1,1,1
fixed-count,random,26,117,9027,terminal-unfenced-suffix,1048601,1048600,-1,1,0,1,6,0,0,0,0,1,1,0,1,1,1,1,1,1,1,1
fixed-count,random,26,117,9027,terminal-unfenced-suffix,1048601,1048600,-1,1,0,1,7,0,0,0,0,1,1,0,1,1,1,1,1,1,1,1
fixed-count,random,26,117,9027,terminal-unfenced-suffix,1048601,1048600,-1,1,0,1,8,0,0,0,0,1,1,0,1,1,1,1,1,1,1,1
fixed-count,random,26,117,9027,terminal-unfenced-suffix,1048601,1048600,-1,1,0,1,9,0,0,0,0,1,1,0,1,1,1,1,1,1,1,1
fixed-count,random,26,117,9027,terminal-unfenced-suffix,1048601,1048600,-1,1,0,1,10,0,0,0,0,1,1,0,1,1,1,1,1,1,1,1
fixed-count,random,26,117,9027,terminal-unfenced-suffix,1048601,1048600,-1,1,0,1,11,0.1,0.1,0.1,0,1,0.9,0.1,1,1,1,1,1,1,1,1
stable-group,random,26,100,9027,terminal-unfenced-suffix,1048601,1048601,-1,0,0,0,0,0,0,0,0,1,1,0,1,1,1,1,1,1,1,1
stable-group,random,26,100,9027,terminal-unfenced-suffix,1048601,1048601,-1,0,0,0,1,0,0,0,0,1,1,0,1,1,1,1,1,1,1,1
stable-group,random,26,100,9027,terminal-unfenced-suffix,1048601,1048601,-1,0,0,0,2,0,0,0,0,1,1,0,1,1,1,1,1,1,1,1
stable-group,random,26,100,9027,terminal-unfenced-suffix,1048601,1048601,-1,0,0,0,3,0,0,0,0,1,1,0,1,1,1,1,1,1,1,1
stable-group,random,26,100,9027,terminal-unfenced-suffix,1048601,1048601,-1,0,0,0,4,0,0,0,0,1,1,0,1,1,1,1,1,1,1,1
stable-group,random,26,100,9027,terminal-unfenced-suffix,1048601,1048601,-1,0,0,0,5,0,0,0,0,1,1,0,1,1,1,1,1,1,1,1
stable-group,random,26,100,9027,terminal-unfenced-suffix,1048601,1048601,-1,0,0,0,6,0,0,0,0,1,1,0,1,1,1,1,1,1,1,1
stable-group,random,26,100,9027,terminal-unfenced-suffix,1048601,1048601,-1,0,0,0,7,0,0,0,0,1,1,0,1,1,1,1,1,1,1,1
stable-group,random,26,100,9027,terminal-unfenced-suffix,1048601,1048601,-1,0,0,0,8,0,0,0,0,1,1,0,1,1,1,1,1,1,1,1
stable-group,random,26,100,9027,terminal-unfenced-suffix,1048601,1048601,-1,0,0,0,9,0,0,0,0,1,1,0,1,1,1,1,1,1,1,1
stable-group,random,26,100,9027,terminal-unfenced-suffix,1048601,1048601,-1,0,0,0,10,0,0,0,0,1,1,0,1,1,1,1,1,1,1,1
stable-group,random,26,100,9027,terminal-unfenced-suffix,1048601,1048601,-1,0,0,0,11,0,0,0,0,1,1,0,1,1,1,1,1,1,1,1
strict-hot,hot,26,100,45027,fence-after-sync-before-publish,2097154,1048601,86,2,2,0,0,0.2,0,0,0,1,1,0,0.8,1,1,1,1,1,1,1
strict-hot,hot,26,100,45027,fence-after-sync-before-publish,2097154,1048601,86,2,2,0,1,0,0,0,0,1,1,0,1,1,1,1,1,1,1,1
strict-hot,hot,26,100,45027,fence-after-sync-before-publish,2097154,1048601,86,2,2,0,2,0,0,0,0,1,1,0,1,1,1,1,1,1,1,1
strict-hot,hot,26,100,45027,fence-after-sync-before-publish,2097154,1048601,86,2,2,0,3,0,0,0,0,1,1,0,1,1,1,1,1,1,1,1
strict-hot,hot,26,100,45027,fence-after-sync-before-publish,2097154,1048601,86,2,2,0,4,0.2,0,0,0,1,1,0,0.8,1,1,1,1,1,1,1
strict-hot,hot,26,100,45027,fence-after-sync-before-publish,2097154,1048601,86,2,2,0,5,0,0,0,0,1,1,0,1,1,1,1,1,1,1,1
strict-hot,hot,26,100,45027,fence-after-sync-before-publish,2097154,1048601,86,2,2,0,6,0,0,0,0,1,1,0,1,1,1,1,1,1,1,1
strict-hot,hot,26,100,45027,fence-after-sync-before-publish,2097154,1048601,86,2,2,0,7,0,0,0,0,1,1,0,1,1,1,1,1,1,1,1
strict-hot,hot,26,100,45027,fence-after-sync-before-publish,2097154,1048601,86,2,2,0,8,0.2,0,0,0,1,1,0,0.8,1,1,1,1,1,1,1
strict-hot,hot,26,100,45027,fence-after-sync-before-publish,2097154,1048601,86,2,2,0,9,0,0,0,0,1,1,0,1,1,1,1,1,1,1,1
strict-hot,hot,26,100,45027,fence-after-sync-before-publish,2097154,1048601,86,2,2,0,10,0,0,0,0,1,1,0,1,1,1,1,1,1,1,1
strict-hot,hot,26,100,45027,fence-after-sync-before-publish,2097154,1048601,86,2,2,0,11,0,0,0,0,1,1,0,1,1,1,1,1,1,1,1
exchange-random,random,26,117,9027,terminal-unfenced-suffix,1048601,1048592,-1,9,0,9,0,0.2,0.2,0.2,0,1,0.8,0.2,1,1,1,1,1,1,1,1
exchange-random,random,26,117,9027,terminal-unfenced-suffix,1048601,1048592,-1,9,0,9,1,0.1,0.1,0.1,0,1,0.9,0.1,1,1,1,1,1,1,1,1
exchange-random,random,26,117,9027,terminal-unfenced-suffix,1048601,1048592,-1,9,0,9,2,0.1,0.1,0.1,0,1,0.9,0.1,1,1,1,1,1,1,1,1
exchange-random,random,26,117,9027,terminal-unfenced-suffix,1048601,1048592,-1,9,0,9,3,0,0,0,0,1,1,0,1,1,1,1,1,1,1,1
exchange-random,random,26,117,9027,terminal-unfenced-suffix,1048601,1048592,-1,9,0,9,4,0,0,0,0,1,1,0,1,1,1,1,1,1,1,1
exchange-random,random,26,117,9027,terminal-unfenced-suffix,1048601,1048592,-1,9,0,9,5,0,0,0,0,1,1,0,1,1,1,1,1,1,1,1
exchange-random,random,26,117,9027,terminal-unfenced-suffix,1048601,1048592,-1,9,0,9,6,0,0,0,0,1,1,0,1,1,1,1,1,1,1,1
exchange-random,random,26,117,9027,terminal-unfenced-suffix,1048601,1048592,-1,9,0,9,7,0,0,0,0,1,1,0,1,1,1,1,1,1,1,1
exchange-random,random,26,117,9027,terminal-unfenced-suffix,1048601,1048592,-1,9,0,9,8,0.1,0.1,0.1,0,1,0.9,0.1,1,1,1,1,1,1,1,1
exchange-random,random,26,117,9027,terminal-unfenced-suffix,1048601,1048592,-1,9,0,9,9,0,0,0,0,1,1,0,1,1,1,1,1,1,1,1
exchange-random,random,26,117,9027,terminal-unfenced-suffix,1048601,1048592,-1,9,0,9,10,0,0,0,0,1,1,0,1,1,1,1,1,1,1,1
exchange-random,random,26,117,9027,terminal-unfenced-suffix,1048601,1048592,-1,9,0,9,11,0.1,0.1,0.1,0,1,0.9,0.1,1,1,1,1,1,1,1,1
exchange-hot-guard,hot,26,117,45027,terminal-unfenced-suffix,1048601,1048601,-1,0,0,0,0,0,0,0,0,1,1,0,1,1,1,1,1,1,1,1
exchange-hot-guard,hot,26,117,45027,terminal-unfenced-suffix,1048601,1048601,-1,0,0,0,1,0,0,0,0,1,1,0,1,1,1,1,1,1,1,1
exchange-hot-guard,hot,26,117,45027,terminal-unfenced-suffix,1048601,1048601,-1,0,0,0,2,0,0,0,0,1,1,0,1,1,1,1,1,1,1,1
exchange-hot-guard,hot,26,117,45027,terminal-unfenced-suffix,1048601,1048601,-1,0,0,0,3,0,0,0,0,1,1,0,1,1,1,1,1,1,1,1
exchange-hot-guard,hot,26,117,45027,terminal-unfenced-suffix,1048601,1048601,-1,0,0,0,4,0,0,0,0,1,1,0,1,1,1,1,1,1,1,1
exchange-hot-guard,hot,26,117,45027,terminal-unfenced-suffix,1048601,1048601,-1,0,0,0,5,0,0,0,0,1,1,0,1,1,1,1,1,1,1,1
exchange-hot-guard,hot,26,117,45027,terminal-unfenced-suffix,1048601,1048601,-1,0,0,0,6,0,0,0,0,1,1,0,1,1,1,1,1,1,1,1
exchange-hot-guard,hot,26,117,45027,terminal-unfenced-suffix,1048601,1048601,-1,0,0,0,7,0,0,0,0,1,1,0,1,1,1,1,1,1,1,1
exchange-hot-guard,hot,26,117,45027,terminal-unfenced-suffix,1048601,1048601,-1,0,0,0,8,0,0,0,0,1,1,0,1,1,1,1,1,1,1,1
exchange-hot-guard,hot,26,117,45027,terminal-unfenced-suffix,1048601,1048601,-1,0,0,0,9,0,0,0,0,1,1,0,1,1,1,1,1,1,1,1
exchange-hot-guard,hot,26,117,45027,terminal-unfenced-suffix,1048601,1048601,-1,0,0,0,10,0,0,0,0,1,1,0,1,1,1,1,1,1,1,1
exchange-hot-guard,hot,26,117,45027,terminal-unfenced-suffix,1048601,1048601,-1,0,0,0,11,0,0,0,0,1,1,0,1,1,1,1,1,1,1,1
fixed-time,random,26,100,9027,terminal-unfenced-suffix,1048601,1048601,-1,0,0,0,0,0,0,0,0,1,1,0,1,1,1,1,1,1,1,1
fixed-time,random,26,100,9027,terminal-unfenced-suffix,1048601,1048601,-1,0,0,0,1,0,0,0,0,1,1,0,1,1,1,1,1,1,1,1
fixed-time,random,26,100,9027,terminal-unfenced-suffix,1048601,1048601,-1,0,0,0,2,0,0,0,0,1,1,0,1,1,1,1,1,1,1,1
fixed-time,random,26,100,9027,terminal-unfenced-suffix,1048601,1048601,-1,0,0,0,3,0,0,0,0,1,1,0,1,1,1,1,1,1,1,1
fixed-time,random,26,100,9027,terminal-unfenced-suffix,1048601,1048601,-1,0,0,0,4,0,0,0,0,1,1,0,1,1,1,1,1,1,1,1
fixed-time,random,26,100,9027,terminal-unfenced-suffix,1048601,1048601,-1,0,0,0,5,0,0,0,0,1,1,0,1,1,1,1,1,1,1,1
fixed-time,random,26,100,9027,terminal-unfenced-suffix,1048601,1048601,-1,0,0,0,6,0,0,0,0,1,1,0,1,1,1,1,1,1,1,1
fixed-time,random,26,100,9027,terminal-unfenced-suffix,1048601,1048601,-1,0,0,0,7,0,0,0,0,1,1,0,1,1,1,1,1,1,1,1
fixed-time,random,26,100,9027,terminal-unfenced-suffix,1048601,1048601,-1,0,0,0,8,0,0,0,0,1,1,0,1,1,1,1,1,1,1,1
fixed-time,random,26,100,9027,terminal-unfenced-suffix,1048601,1048601,-1,0,0,0,9,0,0,0,0,1,1,0,1,1,1,1,1,1,1,1
fixed-time,random,26,100,9027,terminal-unfenced-suffix,1048601,1048601,-1,0,0,0,10,0,0,0,0,1,1,0,1,1,1,1,1,1,1,1
fixed-time,random,26,100,9027,terminal-unfenced-suffix,1048601,1048601,-1,0,0,0,11,0,0,0,0,1,1,0,1,1,1,1,1,1,1,1
fixed-count,random,27,100,9028,terminal-unfenced-suffix,1048601,1048600,-1,1,0,1,0,0,0,0,0,1,1,0,1,1,1,1,1,1,1,1
fixed-count,random,27,100,9028,terminal-unfenced-suffix,1048601,1048600,-1,1,0,1,1,0,0,0,0,1,1,0,1,1,1,1,1,1,1,1
fixed-count,random,27,100,9028,terminal-unfenced-suffix,1048601,1048600,-1,1,0,1,2,0,0,0,0,1,1,0,1,1,1,1,1,1,1,1
fixed-count,random,27,100,9028,terminal-unfenced-suffix,1048601,1048600,-1,1,0,1,3,0,0,0,0,1,1,0,1,1,1,1,1,1,1,1
fixed-count,random,27,100,9028,terminal-unfenced-suffix,1048601,1048600,-1,1,0,1,4,0,0,0,0,1,1,0,1,1,1,1,1,1,1,1
fixed-count,random,27,100,9028,terminal-unfenced-suffix,1048601,1048600,-1,1,0,1,5,0,0,0,0,1,1,0,1,1,1,1,1,1,1,1
fixed-count,random,27,100,9028,terminal-unfenced-suffix,1048601,1048600,-1,1,0,1,6,0,0,0,0,1,1,0,1,1,1,1,1,1,1,1
fixed-count,random,27,100,9028,terminal-unfenced-suffix,1048601,1048600,-1,1,0,1,7,0,0,0,0,1,1,0,1,1,1,1,1,1,1,1
fixed-count,random,27,100,9028,terminal-unfenced-suffix,1048601,1048600,-1,1,0,1,8,0,0,0,0,1,1,0,1,1,1,1,1,1,1,1
fixed-count,random,27,100,9028,terminal-unfenced-suffix,1048601,1048600,-1,1,0,1,9,0,0,0,0,1,1,0,1,1,1,1,1,1,1,1
fixed-count,random,27,100,9028,terminal-unfenced-suffix,1048601,1048600,-1,1,0,1,10,0,0,0,0,1,1,0,1,1,1,1,1,1,1,1
fixed-count,random,27,100,9028,terminal-unfenced-suffix,1048601,1048600,-1,1,0,1,11,0.1,0.1,0.1,0,1,0.9,0.1,1,1,1,1,1,1,1,1
exchange-random,random,27,100,9028,terminal-unfenced-suffix,1048601,1048592,-1,9,0,9,0,0,0,0,0,1,1,0,1,1,1,1,1,1,1,1
exchange-random,random,27,100,9028,terminal-unfenced-suffix,1048601,1048592,-1,9,0,9,1,0,0,0,0,1,1,0,1,1,1,1,1,1,1,1
exchange-random,random,27,100,9028,terminal-unfenced-suffix,1048601,1048592,-1,9,0,9,2,0.2,0.2,0.2,0,1,0.8,0.2,1,1,1,1,1,1,1,1
exchange-random,random,27,100,9028,terminal-unfenced-suffix,1048601,1048592,-1,9,0,9,3,0.1,0.1,0.1,0,1,0.9,0.1,1,1,1,1,1,1,1,1
exchange-random,random,27,100,9028,terminal-unfenced-suffix,1048601,1048592,-1,9,0,9,4,0,0,0,0,1,1,0,1,1,1,1,1,1,1,1
exchange-random,random,27,100,9028,terminal-unfenced-suffix,1048601,1048592,-1,9,0,9,5,0,0,0,0,1,1,0,1,1,1,1,1,1,1,1
exchange-random,random,27,100,9028,terminal-unfenced-suffix,1048601,1048592,-1,9,0,9,6,0.1,0.1,0.1,0,1,0.9,0.1,1,1,1,1,1,1,1,1
exchange-random,random,27,100,9028,terminal-unfenced-suffix,1048601,1048592,-1,9,0,9,7,0.1,0.1,0.1,0,1,0.9,0.1,1,1,1,1,1,1,1,1
exchange-random,random,27,100,9028,terminal-unfenced-suffix,1048601,1048592,-1,9,0,9,8,0,0,0,0,1,1,0,1,1,1,1,1,1,1,1
exchange-random,random,27,100,9028,terminal-unfenced-suffix,1048601,1048592,-1,9,0,9,9,0,0,0,0,1,1,0,1,1,1,1,1,1,1,1
exchange-random,random,27,100,9028,terminal-unfenced-suffix,1048601,1048592,-1,9,0,9,10,0.2,0.2,0.2,0,1,0.8,0.2,1,1,1,1,1,1,1,1
exchange-random,random,27,100,9028,terminal-unfenced-suffix,1048601,1048592,-1,9,0,9,11,0.1,0.1,0.1,0,1,0.9,0.1,1,1,1,1,1,1,1,1
strict-hot,hot,27,117,45028,fence-after-sync-before-publish,2097154,1048601,86,2,2,0,0,0.2,0,0,0,1,1,0,0.8,1,1,1,1,1,1,1
strict-hot,hot,27,117,45028,fence-after-sync-before-publish,2097154,1048601,86,2,2,0,1,0,0,0,0,1,1,0,1,1,1,1,1,1,1,1
strict-hot,hot,27,117,45028,fence-after-sync-before-publish,2097154,1048601,86,2,2,0,2,0,0,0,0,1,1,0,1,1,1,1,1,1,1,1
strict-hot,hot,27,117,45028,fence-after-sync-before-publish,2097154,1048601,86,2,2,0,3,0,0,0,0,1,1,0,1,1,1,1,1,1,1,1
strict-hot,hot,27,117,45028,fence-after-sync-before-publish,2097154,1048601,86,2,2,0,4,0.2,0,0,0,1,1,0,0.8,1,1,1,1,1,1,1
strict-hot,hot,27,117,45028,fence-after-sync-before-publish,2097154,1048601,86,2,2,0,5,0,0,0,0,1,1,0,1,1,1,1,1,1,1,1
strict-hot,hot,27,117,45028,fence-after-sync-before-publish,2097154,1048601,86,2,2,0,6,0,0,0,0,1,1,0,1,1,1,1,1,1,1,1
strict-hot,hot,27,117,45028,fence-after-sync-before-publish,2097154,1048601,86,2,2,0,7,0,0,0,0,1,1,0,1,1,1,1,1,1,1,1
strict-hot,hot,27,117,45028,fence-after-sync-before-publish,2097154,1048601,86,2,2,0,8,0.2,0,0,0,1,1,0,0.8,1,1,1,1,1,1,1
strict-hot,hot,27,117,45028,fence-after-sync-before-publish,2097154,1048601,86,2,2,0,9,0,0,0,0,1,1,0,1,1,1,1,1,1,1,1
strict-hot,hot,27,117,45028,fence-after-sync-before-publish,2097154,1048601,86,2,2,0,10,0,0,0,0,1,1,0,1,1,1,1,1,1,1,1
strict-hot,hot,27,117,45028,fence-after-sync-before-publish,2097154,1048601,86,2,2,0,11,0,0,0,0,1,1,0,1,1,1,1,1,1,1,1
exchange-hot-guard,hot,27,100,45028,terminal-unfenced-suffix,1048601,1048601,-1,0,0,0,0,0,0,0,0,1,1,0,1,1,1,1,1,1,1,1
exchange-hot-guard,hot,27,100,45028,terminal-unfenced-suffix,1048601,1048601,-1,0,0,0,1,0,0,0,0,1,1,0,1,1,1,1,1,1,1,1
exchange-hot-guard,hot,27,100,45028,terminal-unfenced-suffix,1048601,1048601,-1,0,0,0,2,0,0,0,0,1,1,0,1,1,1,1,1,1,1,1
exchange-hot-guard,hot,27,100,45028,terminal-unfenced-suffix,1048601,1048601,-1,0,0,0,3,0,0,0,0,1,1,0,1,1,1,1,1,1,1,1
exchange-hot-guard,hot,27,100,45028,terminal-unfenced-suffix,1048601,1048601,-1,0,0,0,4,0,0,0,0,1,1,0,1,1,1,1,1,1,1,1
exchange-hot-guard,hot,27,100,45028,terminal-unfenced-suffix,1048601,1048601,-1,0,0,0,5,0,0,0,0,1,1,0,1,1,1,1,1,1,1,1
exchange-hot-guard,hot,27,100,45028,terminal-unfenced-suffix,1048601,1048601,-1,0,0,0,6,0,0,0,0,1,1,0,1,1,1,1,1,1,1,1
exchange-hot-guard,hot,27,100,45028,terminal-unfenced-suffix,1048601,1048601,-1,0,0,0,7,0,0,0,0,1,1,0,1,1,1,1,1,1,1,1
exchange-hot-guard,hot,27,100,45028,terminal-unfenced-suffix,1048601,1048601,-1,0,0,0,8,0,0,0,0,1,1,0,1,1,1,1,1,1,1,1
exchange-hot-guard,hot,27,100,45028,terminal-unfenced-suffix,1048601,1048601,-1,0,0,0,9,0,0,0,0,1,1,0,1,1,1,1,1,1,1,1
exchange-hot-guard,hot,27,100,45028,terminal-unfenced-suffix,1048601,1048601,-1,0,0,0,10,0,0,0,0,1,1,0,1,1,1,1,1,1,1,1
exchange-hot-guard,hot,27,100,45028,terminal-unfenced-suffix,1048601,1048601,-1,0,0,0,11,0,0,0,0,1,1,0,1,1,1,1,1,1,1,1
fixed-time,random,27,117,9028,terminal-unfenced-suffix,1048601,1048601,-1,0,0,0,0,0,0,0,0,1,1,0,1,1,1,1,1,1,1,1
fixed-time,random,27,117,9028,terminal-unfenced-suffix,1048601,1048601,-1,0,0,0,1,0,0,0,0,1,1,0,1,1,1,1,1,1,1,1
fixed-time,random,27,117,9028,terminal-unfenced-suffix,1048601,1048601,-1,0,0,0,2,0,0,0,0,1,1,0,1,1,1,1,1,1,1,1
fixed-time,random,27,117,9028,terminal-unfenced-suffix,1048601,1048601,-1,0,0,0,3,0,0,0,0,1,1,0,1,1,1,1,1,1,1,1
fixed-time,random,27,117,9028,terminal-unfenced-suffix,1048601,1048601,-1,0,0,0,4,0,0,0,0,1,1,0,1,1,1,1,1,1,1,1
fixed-time,random,27,117,9028,terminal-unfenced-suffix,1048601,1048601,-1,0,0,0,5,0,0,0,0,1,1,0,1,1,1,1,1,1,1,1
fixed-time,random,27,117,9028,terminal-unfenced-suffix,1048601,1048601,-1,0,0,0,6,0,0,0,0,1,1,0,1,1,1,1,1,1,1,1
fixed-time,random,27,117,9028,terminal-unfenced-suffix,1048601,1048601,-1,0,0,0,7,0,0,0,0,1,1,0,1,1,1,1,1,1,1,1
fixed-time,random,27,117,9028,terminal-unfenced-suffix,1048601,1048601,-1,0,0,0,8,0,0,0,0,1,1,0,1,1,1,1,1,1,1,1
fixed-time,random,27,117,9028,terminal-unfenced-suffix,1048601,1048601,-1,0,0,0,9,0,0,0,0,1,1,0,1,1,1,1,1,1,1,1
fixed-time,random,27,117,9028,terminal-unfenced-suffix,1048601,1048601,-1,0,0,0,10,0,0,0,0,1,1,0,1,1,1,1,1,1,1,1
fixed-time,random,27,117,9028,terminal-unfenced-suffix,1048601,1048601,-1,0,0,0,11,0,0,0,0,1,1,0,1,1,1,1,1,1,1,1
exchange-hot,hot,27,117,45028,terminal-unfenced-suffix,1048601,1048592,-1,9,0,9,0,0.3,0.3,0.3,5.55112e-17,1,0.7,0.3,1,1,1,1,1,1,1,1
exchange-hot,hot,27,117,45028,terminal-unfenced-suffix,1048601,1048592,-1,9,0,9,1,0.2,0.2,0.2,0,1,0.8,0.2,1,1,1,1,1,1,1,1
exchange-hot,hot,27,117,45028,terminal-unfenced-suffix,1048601,1048592,-1,9,0,9,2,0.2,0.2,0.2,0,1,0.8,0.2,1,1,1,1,1,1,1,1
exchange-hot,hot,27,117,45028,terminal-unfenced-suffix,1048601,1048592,-1,9,0,9,3,0.2,0.2,0.2,0,1,0.8,0.2,1,1,1,1,1,1,1,1
exchange-hot,hot,27,117,45028,terminal-unfenced-suffix,1048601,1048592,-1,9,0,9,4,0.3,0.3,0.3,5.55112e-17,1,0.7,0.3,1,1,1,1,1,1,1,1
exchange-hot,hot,27,117,45028,terminal-unfenced-suffix,1048601,1048592,-1,9,0,9,5,0.2,0.2,0.2,0,1,0.8,0.2,1,1,1,1,1,1,1,1
exchange-hot,hot,27,117,45028,terminal-unfenced-suffix,1048601,1048592,-1,9,0,9,6,0.2,0.2,0.2,0,1,0.8,0.2,1,1,1,1,1,1,1,1
exchange-hot,hot,27,117,45028,terminal-unfenced-suffix,1048601,1048592,-1,9,0,9,7,0.2,0.2,0.2,0,1,0.8,0.2,1,1,1,1,1,1,1,1
exchange-hot,hot,27,117,45028,terminal-unfenced-suffix,1048601,1048592,-1,9,0,9,8,0.3,0.3,0.3,5.55112e-17,1,0.7,0.3,1,1,1,1,1,1,1,1
exchange-hot,hot,27,117,45028,terminal-unfenced-suffix,1048601,1048592,-1,9,0,9,9,0.2,0.2,0.2,0,1,0.8,0.2,1,1,1,1,1,1,1,1
exchange-hot,hot,27,117,45028,terminal-unfenced-suffix,1048601,1048592,-1,9,0,9,10,0.2,0.2,0.2,0,1,0.8,0.2,1,1,1,1,1,1,1,1
exchange-hot,hot,27,117,45028,terminal-unfenced-suffix,1048601,1048592,-1,9,0,9,11,0.2,0.2,0.2,0,1,0.8,0.2,1,1,1,1,1,1,1,1
strict-random,random,27,100,9028,strict-cap-before-fence,2097154,1048601,87,2,0,2,0,0.2,0.2,0.2,0,1,0.8,0.2,1,1,1,1,1,1,1,1
strict-random,random,27,100,9028,strict-cap-before-fence,2097154,1048601,87,2,0,2,1,0,0,0,0,1,1,0,1,1,1,1,1,1,1,1
strict-random,random,27,100,9028,strict-cap-before-fence,2097154,1048601,87,2,0,2,2,0,0,0,0,1,1,0,1,1,1,1,1,1,1,1
strict-random,random,27,100,9028,strict-cap-before-fence,2097154,1048601,87,2,0,2,3,0,0,0,0,1,1,0,1,1,1,1,1,1,1,1
strict-random,random,27,100,9028,strict-cap-before-fence,2097154,1048601,87,2,0,2,4,0,0,0,0,1,1,0,1,1,1,1,1,1,1,1
strict-random,random,27,100,9028,strict-cap-before-fence,2097154,1048601,87,2,0,2,5,0,0,0,0,1,1,0,1,1,1,1,1,1,1,1
strict-random,random,27,100,9028,strict-cap-before-fence,2097154,1048601,87,2,0,2,6,0,0,0,0,1,1,0,1,1,1,1,1,1,1,1
strict-random,random,27,100,9028,strict-cap-before-fence,2097154,1048601,87,2,0,2,7,0,0,0,0,1,1,0,1,1,1,1,1,1,1,1
strict-random,random,27,100,9028,strict-cap-before-fence,2097154,1048601,87,2,0,2,8,0,0,0,0,1,1,0,1,1,1,1,1,1,1,1
strict-random,random,27,100,9028,strict-cap-before-fence,2097154,1048601,87,2,0,2,9,0,0,0,0,1,1,0,1,1,1,1,1,1,1,1
strict-random,random,27,100,9028,strict-cap-before-fence,2097154,1048601,87,2,0,2,10,0,0,0,0,1,1,0,1,1,1,1,1,1,1,1
strict-random,random,27,100,9028,strict-cap-before-fence,2097154,1048601,87,2,0,2,11,0,0,0,0,1,1,0,1,1,1,1,1,1,1,1
stable-group,random,27,117,9028,terminal-unfenced-suffix,1048601,1048601,-1,0,0,0,0,0,0,0,0,1,1,0,1,1,1,1,1,1,1,1
stable-group,random,27,117,9028,terminal-unfenced-suffix,1048601,1048601,-1,0,0,0,1,0,0,0,0,1,1,0,1,1,1,1,1,1,1,1
stable-group,random,27,117,9028,terminal-unfenced-suffix,1048601,1048601,-1,0,0,0,2,0,0,0,0,1,1,0,1,1,1,1,1,1,1,1
stable-group,random,27,117,9028,terminal-unfenced-suffix,1048601,1048601,-1,0,0,0,3,0,0,0,0,1,1,0,1,1,1,1,1,1,1,1
stable-group,random,27,117,9028,terminal-unfenced-suffix,1048601,1048601,-1,0,0,0,4,0,0,0,0,1,1,0,1,1,1,1,1,1,1,1
stable-group,random,27,117,9028,terminal-unfenced-suffix,1048601,1048601,-1,0,0,0,5,0,0,0,0,1,1,0,1,1,1,1,1,1,1,1
stable-group,random,27,117,9028,terminal-unfenced-suffix,1048601,1048601,-1,0,0,0,6,0,0,0,0,1,1,0,1,1,1,1,1,1,1,1
stable-group,random,27,117,9028,terminal-unfenced-suffix,1048601,1048601,-1,0,0,0,7,0,0,0,0,1,1,0,1,1,1,1,1,1,1,1
stable-group,random,27,117,9028,terminal-unfenced-suffix,1048601,1048601,-1,0,0,0,8,0,0,0,0,1,1,0,1,1,1,1,1,1,1,1
stable-group,random,27,117,9028,terminal-unfenced-suffix,1048601,1048601,-1,0,0,0,9,0,0,0,0,1,1,0,1,1,1,1,1,1,1,1
stable-group,random,27,117,9028,terminal-unfenced-suffix,1048601,1048601,-1,0,0,0,10,0,0,0,0,1,1,0,1,1,1,1,1,1,1,1
stable-group,random,27,117,9028,terminal-unfenced-suffix,1048601,1048601,-1,0,0,0,11,0,0,0,0,1,1,0,1,1,1,1,1,1,1,1
fixed-time,random,28,100,9029,terminal-unfenced-suffix,1048601,1048601,-1,0,0,0,0,0,0,0,0,1,1,0,1,1,1,1,1,1,1,1
fixed-time,random,28,100,9029,terminal-unfenced-suffix,1048601,1048601,-1,0,0,0,1,0,0,0,0,1,1,0,1,1,1,1,1,1,1,1
fixed-time,random,28,100,9029,terminal-unfenced-suffix,1048601,1048601,-1,0,0,0,2,0,0,0,0,1,1,0,1,1,1,1,1,1,1,1
fixed-time,random,28,100,9029,terminal-unfenced-suffix,1048601,1048601,-1,0,0,0,3,0,0,0,0,1,1,0,1,1,1,1,1,1,1,1
fixed-time,random,28,100,9029,terminal-unfenced-suffix,1048601,1048601,-1,0,0,0,4,0,0,0,0,1,1,0,1,1,1,1,1,1,1,1
fixed-time,random,28,100,9029,terminal-unfenced-suffix,1048601,1048601,-1,0,0,0,5,0,0,0,0,1,1,0,1,1,1,1,1,1,1,1
fixed-time,random,28,100,9029,terminal-unfenced-suffix,1048601,1048601,-1,0,0,0,6,0,0,0,0,1,1,0,1,1,1,1,1,1,1,1
fixed-time,random,28,100,9029,terminal-unfenced-suffix,1048601,1048601,-1,0,0,0,7,0,0,0,0,1,1,0,1,1,1,1,1,1,1,1
fixed-time,random,28,100,9029,terminal-unfenced-suffix,1048601,1048601,-1,0,0,0,8,0,0,0,0,1,1,0,1,1,1,1,1,1,1,1
fixed-time,random,28,100,9029,terminal-unfenced-suffix,1048601,1048601,-1,0,0,0,9,0,0,0,0,1,1,0,1,1,1,1,1,1,1,1
fixed-time,random,28,100,9029,terminal-unfenced-suffix,1048601,1048601,-1,0,0,0,10,0,0,0,0,1,1,0,1,1,1,1,1,1,1,1
fixed-time,random,28,100,9029,terminal-unfenced-suffix,1048601,1048601,-1,0,0,0,11,0,0,0,0,1,1,0,1,1,1,1,1,1,1,1
strict-hot,hot,28,100,45029,fence-after-sync-before-publish,2097154,1048601,86,2,2,0,0,0.2,0,0,0,1,1,0,0.8,1,1,1,1,1,1,1
strict-hot,hot,28,100,45029,fence-after-sync-before-publish,2097154,1048601,86,2,2,0,1,0,0,0,0,1,1,0,1,1,1,1,1,1,1,1
strict-hot,hot,28,100,45029,fence-after-sync-before-publish,2097154,1048601,86,2,2,0,2,0,0,0,0,1,1,0,1,1,1,1,1,1,1,1
strict-hot,hot,28,100,45029,fence-after-sync-before-publish,2097154,1048601,86,2,2,0,3,0,0,0,0,1,1,0,1,1,1,1,1,1,1,1
strict-hot,hot,28,100,45029,fence-after-sync-before-publish,2097154,1048601,86,2,2,0,4,0.2,0,0,0,1,1,0,0.8,1,1,1,1,1,1,1
strict-hot,hot,28,100,45029,fence-after-sync-before-publish,2097154,1048601,86,2,2,0,5,0,0,0,0,1,1,0,1,1,1,1,1,1,1,1
strict-hot,hot,28,100,45029,fence-after-sync-before-publish,2097154,1048601,86,2,2,0,6,0,0,0,0,1,1,0,1,1,1,1,1,1,1,1
strict-hot,hot,28,100,45029,fence-after-sync-before-publish,2097154,1048601,86,2,2,0,7,0,0,0,0,1,1,0,1,1,1,1,1,1,1,1
strict-hot,hot,28,100,45029,fence-after-sync-before-publish,2097154,1048601,86,2,2,0,8,0.2,0,0,0,1,1,0,0.8,1,1,1,1,1,1,1
strict-hot,hot,28,100,45029,fence-after-sync-before-publish,2097154,1048601,86,2,2,0,9,0,0,0,0,1,1,0,1,1,1,1,1,1,1,1
strict-hot,hot,28,100,45029,fence-after-sync-before-publish,2097154,1048601,86,2,2,0,10,0,0,0,0,1,1,0,1,1,1,1,1,1,1,1
strict-hot,hot,28,100,45029,fence-after-sync-before-publish,2097154,1048601,86,2,2,0,11,0,0,0,0,1,1,0,1,1,1,1,1,1,1,1
exchange-hot-guard,hot,28,117,45029,terminal-unfenced-suffix,1048601,1048601,-1,0,0,0,0,0,0,0,0,1,1,0,1,1,1,1,1,1,1,1
exchange-hot-guard,hot,28,117,45029,terminal-unfenced-suffix,1048601,1048601,-1,0,0,0,1,0,0,0,0,1,1,0,1,1,1,1,1,1,1,1
exchange-hot-guard,hot,28,117,45029,terminal-unfenced-suffix,1048601,1048601,-1,0,0,0,2,0,0,0,0,1,1,0,1,1,1,1,1,1,1,1
exchange-hot-guard,hot,28,117,45029,terminal-unfenced-suffix,1048601,1048601,-1,0,0,0,3,0,0,0,0,1,1,0,1,1,1,1,1,1,1,1
exchange-hot-guard,hot,28,117,45029,terminal-unfenced-suffix,1048601,1048601,-1,0,0,0,4,0,0,0,0,1,1,0,1,1,1,1,1,1,1,1
exchange-hot-guard,hot,28,117,45029,terminal-unfenced-suffix,1048601,1048601,-1,0,0,0,5,0,0,0,0,1,1,0,1,1,1,1,1,1,1,1
exchange-hot-guard,hot,28,117,45029,terminal-unfenced-suffix,1048601,1048601,-1,0,0,0,6,0,0,0,0,1,1,0,1,1,1,1,1,1,1,1
exchange-hot-guard,hot,28,117,45029,terminal-unfenced-suffix,1048601,1048601,-1,0,0,0,7,0,0,0,0,1,1,0,1,1,1,1,1,1,1,1
exchange-hot-guard,hot,28,117,45029,terminal-unfenced-suffix,1048601,1048601,-1,0,0,0,8,0,0,0,0,1,1,0,1,1,1,1,1,1,1,1
exchange-hot-guard,hot,28,117,45029,terminal-unfenced-suffix,1048601,1048601,-1,0,0,0,9,0,0,0,0,1,1,0,1,1,1,1,1,1,1,1
exchange-hot-guard,hot,28,117,45029,terminal-unfenced-suffix,1048601,1048601,-1,0,0,0,10,0,0,0,0,1,1,0,1,1,1,1,1,1,1,1
exchange-hot-guard,hot,28,117,45029,terminal-unfenced-suffix,1048601,1048601,-1,0,0,0,11,0,0,0,0,1,1,0,1,1,1,1,1,1,1,1
exchange-random,random,28,117,9029,terminal-unfenced-suffix,1048601,1048592,-1,9,0,9,0,0,0,0,0,1,1,0,1,1,1,1,1,1,1,1
exchange-random,random,28,117,9029,terminal-unfenced-suffix,1048601,1048592,-1,9,0,9,1,0,0,0,0,1,1,0,1,1,1,1,1,1,1,1
exchange-random,random,28,117,9029,terminal-unfenced-suffix,1048601,1048592,-1,9,0,9,2,0.1,0.1,0.1,0,1,0.9,0.1,1,1,1,1,1,1,1,1
exchange-random,random,28,117,9029,terminal-unfenced-suffix,1048601,1048592,-1,9,0,9,3,0,0,0,0,1,1,0,1,1,1,1,1,1,1,1
exchange-random,random,28,117,9029,terminal-unfenced-suffix,1048601,1048592,-1,9,0,9,4,0.2,0.2,0.2,0,1,0.8,0.2,1,1,1,1,1,1,1,1
exchange-random,random,28,117,9029,terminal-unfenced-suffix,1048601,1048592,-1,9,0,9,5,0.1,0.1,0.1,0,1,0.9,0.1,1,1,1,1,1,1,1,1
exchange-random,random,28,117,9029,terminal-unfenced-suffix,1048601,1048592,-1,9,0,9,6,0,0,0,0,1,1,0,1,1,1,1,1,1,1,1
exchange-random,random,28,117,9029,terminal-unfenced-suffix,1048601,1048592,-1,9,0,9,7,0,0,0,0,1,1,0,1,1,1,1,1,1,1,1
exchange-random,random,28,117,9029,terminal-unfenced-suffix,1048601,1048592,-1,9,0,9,8,0.1,0.1,0.1,0,1,0.9,0.1,1,1,1,1,1,1,1,1
exchange-random,random,28,117,9029,terminal-unfenced-suffix,1048601,1048592,-1,9,0,9,9,0.1,0.1,0.1,0,1,0.9,0.1,1,1,1,1,1,1,1,1
exchange-random,random,28,117,9029,terminal-unfenced-suffix,1048601,1048592,-1,9,0,9,10,0,0,0,0,1,1,0,1,1,1,1,1,1,1,1
exchange-random,random,28,117,9029,terminal-unfenced-suffix,1048601,1048592,-1,9,0,9,11,0,0,0,0,1,1,0,1,1,1,1,1,1,1,1
stable-group,random,28,100,9029,terminal-unfenced-suffix,1048601,1048601,-1,0,0,0,0,0,0,0,0,1,1,0,1,1,1,1,1,1,1,1
stable-group,random,28,100,9029,terminal-unfenced-suffix,1048601,1048601,-1,0,0,0,1,0,0,0,0,1,1,0,1,1,1,1,1,1,1,1
stable-group,random,28,100,9029,terminal-unfenced-suffix,1048601,1048601,-1,0,0,0,2,0,0,0,0,1,1,0,1,1,1,1,1,1,1,1
stable-group,random,28,100,9029,terminal-unfenced-suffix,1048601,1048601,-1,0,0,0,3,0,0,0,0,1,1,0,1,1,1,1,1,1,1,1
stable-group,random,28,100,9029,terminal-unfenced-suffix,1048601,1048601,-1,0,0,0,4,0,0,0,0,1,1,0,1,1,1,1,1,1,1,1
stable-group,random,28,100,9029,terminal-unfenced-suffix,1048601,1048601,-1,0,0,0,5,0,0,0,0,1,1,0,1,1,1,1,1,1,1,1
stable-group,random,28,100,9029,terminal-unfenced-suffix,1048601,1048601,-1,0,0,0,6,0,0,0,0,1,1,0,1,1,1,1,1,1,1,1
stable-group,random,28,100,9029,terminal-unfenced-suffix,1048601,1048601,-1,0,0,0,7,0,0,0,0,1,1,0,1,1,1,1,1,1,1,1
stable-group,random,28,100,9029,terminal-unfenced-suffix,1048601,1048601,-1,0,0,0,8,0,0,0,0,1,1,0,1,1,1,1,1,1,1,1
stable-group,random,28,100,9029,terminal-unfenced-suffix,1048601,1048601,-1,0,0,0,9,0,0,0,0,1,1,0,1,1,1,1,1,1,1,1
stable-group,random,28,100,9029,terminal-unfenced-suffix,1048601,1048601,-1,0,0,0,10,0,0,0,0,1,1,0,1,1,1,1,1,1,1,1
stable-group,random,28,100,9029,terminal-unfenced-suffix,1048601,1048601,-1,0,0,0,11,0,0,0,0,1,1,0,1,1,1,1,1,1,1,1
fixed-count,random,28,117,9029,terminal-unfenced-suffix,1048601,1048600,-1,1,0,1,0,0,0,0,0,1,1,0,1,1,1,1,1,1,1,1
fixed-count,random,28,117,9029,terminal-unfenced-suffix,1048601,1048600,-1,1,0,1,1,0,0,0,0,1,1,0,1,1,1,1,1,1,1,1
fixed-count,random,28,117,9029,terminal-unfenced-suffix,1048601,1048600,-1,1,0,1,2,0,0,0,0,1,1,0,1,1,1,1,1,1,1,1
fixed-count,random,28,117,9029,terminal-unfenced-suffix,1048601,1048600,-1,1,0,1,3,0,0,0,0,1,1,0,1,1,1,1,1,1,1,1
fixed-count,random,28,117,9029,terminal-unfenced-suffix,1048601,1048600,-1,1,0,1,4,0,0,0,0,1,1,0,1,1,1,1,1,1,1,1
fixed-count,random,28,117,9029,terminal-unfenced-suffix,1048601,1048600,-1,1,0,1,5,0,0,0,0,1,1,0,1,1,1,1,1,1,1,1
fixed-count,random,28,117,9029,terminal-unfenced-suffix,1048601,1048600,-1,1,0,1,6,0,0,0,0,1,1,0,1,1,1,1,1,1,1,1
fixed-count,random,28,117,9029,terminal-unfenced-suffix,1048601,1048600,-1,1,0,1,7,0,0,0,0,1,1,0,1,1,1,1,1,1,1,1
fixed-count,random,28,117,9029,terminal-unfenced-suffix,1048601,1048600,-1,1,0,1,8,0,0,0,0,1,1,0,1,1,1,1,1,1,1,1
fixed-count,random,28,117,9029,terminal-unfenced-suffix,1048601,1048600,-1,1,0,1,9,0,0,0,0,1,1,0,1,1,1,1,1,1,1,1
fixed-count,random,28,117,9029,terminal-unfenced-suffix,1048601,1048600,-1,1,0,1,10,0,0,0,0,1,1,0,1,1,1,1,1,1,1,1
fixed-count,random,28,117,9029,terminal-unfenced-suffix,1048601,1048600,-1,1,0,1,11,0,0,0,0,1,1,0,1,1,1,1,1,1,1,1
exchange-hot,hot,28,100,45029,terminal-unfenced-suffix,1048601,1048592,-1,9,0,9,0,0.3,0.3,0.3,5.55112e-17,1,0.7,0.3,1,1,1,1,1,1,1,1
exchange-hot,hot,28,100,45029,terminal-unfenced-suffix,1048601,1048592,-1,9,0,9,1,0.2,0.2,0.2,0,1,0.8,0.2,1,1,1,1,1,1,1,1
exchange-hot,hot,28,100,45029,terminal-unfenced-suffix,1048601,1048592,-1,9,0,9,2,0.2,0.2,0.2,0,1,0.8,0.2,1,1,1,1,1,1,1,1
exchange-hot,hot,28,100,45029,terminal-unfenced-suffix,1048601,1048592,-1,9,0,9,3,0.2,0.2,0.2,0,1,0.8,0.2,1,1,1,1,1,1,1,1
exchange-hot,hot,28,100,45029,terminal-unfenced-suffix,1048601,1048592,-1,9,0,9,4,0.3,0.3,0.3,5.55112e-17,1,0.7,0.3,1,1,1,1,1,1,1,1
exchange-hot,hot,28,100,45029,terminal-unfenced-suffix,1048601,1048592,-1,9,0,9,5,0.2,0.2,0.2,0,1,0.8,0.2,1,1,1,1,1,1,1,1
exchange-hot,hot,28,100,45029,terminal-unfenced-suffix,1048601,1048592,-1,9,0,9,6,0.2,0.2,0.2,0,1,0.8,0.2,1,1,1,1,1,1,1,1
exchange-hot,hot,28,100,45029,terminal-unfenced-suffix,1048601,1048592,-1,9,0,9,7,0.2,0.2,0.2,0,1,0.8,0.2,1,1,1,1,1,1,1,1
exchange-hot,hot,28,100,45029,terminal-unfenced-suffix,1048601,1048592,-1,9,0,9,8,0.3,0.3,0.3,5.55112e-17,1,0.7,0.3,1,1,1,1,1,1,1,1
exchange-hot,hot,28,100,45029,terminal-unfenced-suffix,1048601,1048592,-1,9,0,9,9,0.2,0.2,0.2,0,1,0.8,0.2,1,1,1,1,1,1,1,1
exchange-hot,hot,28,100,45029,terminal-unfenced-suffix,1048601,1048592,-1,9,0,9,10,0.2,0.2,0.2,0,1,0.8,0.2,1,1,1,1,1,1,1,1
exchange-hot,hot,28,100,45029,terminal-unfenced-suffix,1048601,1048592,-1,9,0,9,11,0.2,0.2,0.2,0,1,0.8,0.2,1,1,1,1,1,1,1,1
strict-random,random,28,117,9029,strict-cap-before-fence,2097154,1048601,87,2,0,2,0,0.2,0.2,0.2,0,1,0.8,0.2,1,1,1,1,1,1,1,1
strict-random,random,28,117,9029,strict-cap-before-fence,2097154,1048601,87,2,0,2,1,0,0,0,0,1,1,0,1,1,1,1,1,1,1,1
strict-random,random,28,117,9029,strict-cap-before-fence,2097154,1048601,87,2,0,2,2,0,0,0,0,1,1,0,1,1,1,1,1,1,1,1
strict-random,random,28,117,9029,strict-cap-before-fence,2097154,1048601,87,2,0,2,3,0,0,0,0,1,1,0,1,1,1,1,1,1,1,1
strict-random,random,28,117,9029,strict-cap-before-fence,2097154,1048601,87,2,0,2,4,0,0,0,0,1,1,0,1,1,1,1,1,1,1,1
strict-random,random,28,117,9029,strict-cap-before-fence,2097154,1048601,87,2,0,2,5,0,0,0,0,1,1,0,1,1,1,1,1,1,1,1
strict-random,random,28,117,9029,strict-cap-before-fence,2097154,1048601,87,2,0,2,6,0,0,0,0,1,1,0,1,1,1,1,1,1,1,1
strict-random,random,28,117,9029,strict-cap-before-fence,2097154,1048601,87,2,0,2,7,0,0,0,0,1,1,0,1,1,1,1,1,1,1,1
strict-random,random,28,117,9029,strict-cap-before-fence,2097154,1048601,87,2,0,2,8,0,0,0,0,1,1,0,1,1,1,1,1,1,1,1
strict-random,random,28,117,9029,strict-cap-before-fence,2097154,1048601,87,2,0,2,9,0,0,0,0,1,1,0,1,1,1,1,1,1,1,1
strict-random,random,28,117,9029,strict-cap-before-fence,2097154,1048601,87,2,0,2,10,0,0,0,0,1,1,0,1,1,1,1,1,1,1,1
strict-random,random,28,117,9029,strict-cap-before-fence,2097154,1048601,87,2,0,2,11,0,0,0,0,1,1,0,1,1,1,1,1,1,1,1
exchange-hot-guard,hot,29,100,45030,terminal-unfenced-suffix,1048601,1048601,-1,0,0,0,0,0,0,0,0,1,1,0,1,1,1,1,1,1,1,1
exchange-hot-guard,hot,29,100,45030,terminal-unfenced-suffix,1048601,1048601,-1,0,0,0,1,0,0,0,0,1,1,0,1,1,1,1,1,1,1,1
exchange-hot-guard,hot,29,100,45030,terminal-unfenced-suffix,1048601,1048601,-1,0,0,0,2,0,0,0,0,1,1,0,1,1,1,1,1,1,1,1
exchange-hot-guard,hot,29,100,45030,terminal-unfenced-suffix,1048601,1048601,-1,0,0,0,3,0,0,0,0,1,1,0,1,1,1,1,1,1,1,1
exchange-hot-guard,hot,29,100,45030,terminal-unfenced-suffix,1048601,1048601,-1,0,0,0,4,0,0,0,0,1,1,0,1,1,1,1,1,1,1,1
exchange-hot-guard,hot,29,100,45030,terminal-unfenced-suffix,1048601,1048601,-1,0,0,0,5,0,0,0,0,1,1,0,1,1,1,1,1,1,1,1
exchange-hot-guard,hot,29,100,45030,terminal-unfenced-suffix,1048601,1048601,-1,0,0,0,6,0,0,0,0,1,1,0,1,1,1,1,1,1,1,1
exchange-hot-guard,hot,29,100,45030,terminal-unfenced-suffix,1048601,1048601,-1,0,0,0,7,0,0,0,0,1,1,0,1,1,1,1,1,1,1,1
exchange-hot-guard,hot,29,100,45030,terminal-unfenced-suffix,1048601,1048601,-1,0,0,0,8,0,0,0,0,1,1,0,1,1,1,1,1,1,1,1
exchange-hot-guard,hot,29,100,45030,terminal-unfenced-suffix,1048601,1048601,-1,0,0,0,9,0,0,0,0,1,1,0,1,1,1,1,1,1,1,1
exchange-hot-guard,hot,29,100,45030,terminal-unfenced-suffix,1048601,1048601,-1,0,0,0,10,0,0,0,0,1,1,0,1,1,1,1,1,1,1,1
exchange-hot-guard,hot,29,100,45030,terminal-unfenced-suffix,1048601,1048601,-1,0,0,0,11,0,0,0,0,1,1,0,1,1,1,1,1,1,1,1
fixed-count,random,29,100,9030,terminal-unfenced-suffix,1048601,1048600,-1,1,0,1,0,0,0,0,0,1,1,0,1,1,1,1,1,1,1,1
fixed-count,random,29,100,9030,terminal-unfenced-suffix,1048601,1048600,-1,1,0,1,1,0,0,0,0,1,1,0,1,1,1,1,1,1,1,1
fixed-count,random,29,100,9030,terminal-unfenced-suffix,1048601,1048600,-1,1,0,1,2,0,0,0,0,1,1,0,1,1,1,1,1,1,1,1
fixed-count,random,29,100,9030,terminal-unfenced-suffix,1048601,1048600,-1,1,0,1,3,0,0,0,0,1,1,0,1,1,1,1,1,1,1,1
fixed-count,random,29,100,9030,terminal-unfenced-suffix,1048601,1048600,-1,1,0,1,4,0,0,0,0,1,1,0,1,1,1,1,1,1,1,1
fixed-count,random,29,100,9030,terminal-unfenced-suffix,1048601,1048600,-1,1,0,1,5,0,0,0,0,1,1,0,1,1,1,1,1,1,1,1
fixed-count,random,29,100,9030,terminal-unfenced-suffix,1048601,1048600,-1,1,0,1,6,0.1,0.1,0.1,0,1,0.9,0.1,1,1,1,1,1,1,1,1
fixed-count,random,29,100,9030,terminal-unfenced-suffix,1048601,1048600,-1,1,0,1,7,0,0,0,0,1,1,0,1,1,1,1,1,1,1,1
fixed-count,random,29,100,9030,terminal-unfenced-suffix,1048601,1048600,-1,1,0,1,8,0,0,0,0,1,1,0,1,1,1,1,1,1,1,1
fixed-count,random,29,100,9030,terminal-unfenced-suffix,1048601,1048600,-1,1,0,1,9,0,0,0,0,1,1,0,1,1,1,1,1,1,1,1
fixed-count,random,29,100,9030,terminal-unfenced-suffix,1048601,1048600,-1,1,0,1,10,0,0,0,0,1,1,0,1,1,1,1,1,1,1,1
fixed-count,random,29,100,9030,terminal-unfenced-suffix,1048601,1048600,-1,1,0,1,11,0,0,0,0,1,1,0,1,1,1,1,1,1,1,1
fixed-time,random,29,117,9030,terminal-unfenced-suffix,1048601,1048601,-1,0,0,0,0,0,0,0,0,1,1,0,1,1,1,1,1,1,1,1
fixed-time,random,29,117,9030,terminal-unfenced-suffix,1048601,1048601,-1,0,0,0,1,0,0,0,0,1,1,0,1,1,1,1,1,1,1,1
fixed-time,random,29,117,9030,terminal-unfenced-suffix,1048601,1048601,-1,0,0,0,2,0,0,0,0,1,1,0,1,1,1,1,1,1,1,1
fixed-time,random,29,117,9030,terminal-unfenced-suffix,1048601,1048601,-1,0,0,0,3,0,0,0,0,1,1,0,1,1,1,1,1,1,1,1
fixed-time,random,29,117,9030,terminal-unfenced-suffix,1048601,1048601,-1,0,0,0,4,0,0,0,0,1,1,0,1,1,1,1,1,1,1,1
fixed-time,random,29,117,9030,terminal-unfenced-suffix,1048601,1048601,-1,0,0,0,5,0,0,0,0,1,1,0,1,1,1,1,1,1,1,1
fixed-time,random,29,117,9030,terminal-unfenced-suffix,1048601,1048601,-1,0,0,0,6,0,0,0,0,1,1,0,1,1,1,1,1,1,1,1
fixed-time,random,29,117,9030,terminal-unfenced-suffix,1048601,1048601,-1,0,0,0,7,0,0,0,0,1,1,0,1,1,1,1,1,1,1,1
fixed-time,random,29,117,9030,terminal-unfenced-suffix,1048601,1048601,-1,0,0,0,8,0,0,0,0,1,1,0,1,1,1,1,1,1,1,1
fixed-time,random,29,117,9030,terminal-unfenced-suffix,1048601,1048601,-1,0,0,0,9,0,0,0,0,1,1,0,1,1,1,1,1,1,1,1
fixed-time,random,29,117,9030,terminal-unfenced-suffix,1048601,1048601,-1,0,0,0,10,0,0,0,0,1,1,0,1,1,1,1,1,1,1,1
fixed-time,random,29,117,9030,terminal-unfenced-suffix,1048601,1048601,-1,0,0,0,11,0,0,0,0,1,1,0,1,1,1,1,1,1,1,1
strict-random,random,29,100,9030,strict-cap-before-fence,2097154,1048601,87,2,0,2,0,0.2,0.2,0.2,0,1,0.8,0.2,1,1,1,1,1,1,1,1
strict-random,random,29,100,9030,strict-cap-before-fence,2097154,1048601,87,2,0,2,1,0,0,0,0,1,1,0,1,1,1,1,1,1,1,1
strict-random,random,29,100,9030,strict-cap-before-fence,2097154,1048601,87,2,0,2,2,0,0,0,0,1,1,0,1,1,1,1,1,1,1,1
strict-random,random,29,100,9030,strict-cap-before-fence,2097154,1048601,87,2,0,2,3,0,0,0,0,1,1,0,1,1,1,1,1,1,1,1
strict-random,random,29,100,9030,strict-cap-before-fence,2097154,1048601,87,2,0,2,4,0,0,0,0,1,1,0,1,1,1,1,1,1,1,1
strict-random,random,29,100,9030,strict-cap-before-fence,2097154,1048601,87,2,0,2,5,0,0,0,0,1,1,0,1,1,1,1,1,1,1,1
strict-random,random,29,100,9030,strict-cap-before-fence,2097154,1048601,87,2,0,2,6,0,0,0,0,1,1,0,1,1,1,1,1,1,1,1
strict-random,random,29,100,9030,strict-cap-before-fence,2097154,1048601,87,2,0,2,7,0,0,0,0,1,1,0,1,1,1,1,1,1,1,1
strict-random,random,29,100,9030,strict-cap-before-fence,2097154,1048601,87,2,0,2,8,0,0,0,0,1,1,0,1,1,1,1,1,1,1,1
strict-random,random,29,100,9030,strict-cap-before-fence,2097154,1048601,87,2,0,2,9,0,0,0,0,1,1,0,1,1,1,1,1,1,1,1
strict-random,random,29,100,9030,strict-cap-before-fence,2097154,1048601,87,2,0,2,10,0,0,0,0,1,1,0,1,1,1,1,1,1,1,1
strict-random,random,29,100,9030,strict-cap-before-fence,2097154,1048601,87,2,0,2,11,0,0,0,0,1,1,0,1,1,1,1,1,1,1,1
exchange-random,random,29,100,9030,terminal-unfenced-suffix,1048601,1048592,-1,9,0,9,0,0.1,0.1,0.1,0,1,0.9,0.1,1,1,1,1,1,1,1,1
exchange-random,random,29,100,9030,terminal-unfenced-suffix,1048601,1048592,-1,9,0,9,1,0.2,0.2,0.2,0,1,0.8,0.2,1,1,1,1,1,1,1,1
exchange-random,random,29,100,9030,terminal-unfenced-suffix,1048601,1048592,-1,9,0,9,2,0,0,0,0,1,1,0,1,1,1,1,1,1,1,1
exchange-random,random,29,100,9030,terminal-unfenced-suffix,1048601,1048592,-1,9,0,9,3,0.1,0.1,0.1,0,1,0.9,0.1,1,1,1,1,1,1,1,1
exchange-random,random,29,100,9030,terminal-unfenced-suffix,1048601,1048592,-1,9,0,9,4,0,0,0,0,1,1,0,1,1,1,1,1,1,1,1
exchange-random,random,29,100,9030,terminal-unfenced-suffix,1048601,1048592,-1,9,0,9,5,0,0,0,0,1,1,0,1,1,1,1,1,1,1,1
exchange-random,random,29,100,9030,terminal-unfenced-suffix,1048601,1048592,-1,9,0,9,6,0.1,0.1,0.1,0,1,0.9,0.1,1,1,1,1,1,1,1,1
exchange-random,random,29,100,9030,terminal-unfenced-suffix,1048601,1048592,-1,9,0,9,7,0,0,0,0,1,1,0,1,1,1,1,1,1,1,1
exchange-random,random,29,100,9030,terminal-unfenced-suffix,1048601,1048592,-1,9,0,9,8,0,0,0,0,1,1,0,1,1,1,1,1,1,1,1
exchange-random,random,29,100,9030,terminal-unfenced-suffix,1048601,1048592,-1,9,0,9,9,0,0,0,0,1,1,0,1,1,1,1,1,1,1,1
exchange-random,random,29,100,9030,terminal-unfenced-suffix,1048601,1048592,-1,9,0,9,10,0,0,0,0,1,1,0,1,1,1,1,1,1,1,1
exchange-random,random,29,100,9030,terminal-unfenced-suffix,1048601,1048592,-1,9,0,9,11,0.1,0.1,0.1,0,1,0.9,0.1,1,1,1,1,1,1,1,1
stable-group,random,29,117,9030,terminal-unfenced-suffix,1048601,1048601,-1,0,0,0,0,0,0,0,0,1,1,0,1,1,1,1,1,1,1,1
stable-group,random,29,117,9030,terminal-unfenced-suffix,1048601,1048601,-1,0,0,0,1,0,0,0,0,1,1,0,1,1,1,1,1,1,1,1
stable-group,random,29,117,9030,terminal-unfenced-suffix,1048601,1048601,-1,0,0,0,2,0,0,0,0,1,1,0,1,1,1,1,1,1,1,1
stable-group,random,29,117,9030,terminal-unfenced-suffix,1048601,1048601,-1,0,0,0,3,0,0,0,0,1,1,0,1,1,1,1,1,1,1,1
stable-group,random,29,117,9030,terminal-unfenced-suffix,1048601,1048601,-1,0,0,0,4,0,0,0,0,1,1,0,1,1,1,1,1,1,1,1
stable-group,random,29,117,9030,terminal-unfenced-suffix,1048601,1048601,-1,0,0,0,5,0,0,0,0,1,1,0,1,1,1,1,1,1,1,1
stable-group,random,29,117,9030,terminal-unfenced-suffix,1048601,1048601,-1,0,0,0,6,0,0,0,0,1,1,0,1,1,1,1,1,1,1,1
stable-group,random,29,117,9030,terminal-unfenced-suffix,1048601,1048601,-1,0,0,0,7,0,0,0,0,1,1,0,1,1,1,1,1,1,1,1
stable-group,random,29,117,9030,terminal-unfenced-suffix,1048601,1048601,-1,0,0,0,8,0,0,0,0,1,1,0,1,1,1,1,1,1,1,1
stable-group,random,29,117,9030,terminal-unfenced-suffix,1048601,1048601,-1,0,0,0,9,0,0,0,0,1,1,0,1,1,1,1,1,1,1,1
stable-group,random,29,117,9030,terminal-unfenced-suffix,1048601,1048601,-1,0,0,0,10,0,0,0,0,1,1,0,1,1,1,1,1,1,1,1
stable-group,random,29,117,9030,terminal-unfenced-suffix,1048601,1048601,-1,0,0,0,11,0,0,0,0,1,1,0,1,1,1,1,1,1,1,1
exchange-hot,hot,29,117,45030,terminal-unfenced-suffix,1048601,1048592,-1,9,0,9,0,0.3,0.3,0.3,5.55112e-17,1,0.7,0.3,1,1,1,1,1,1,1,1
exchange-hot,hot,29,117,45030,terminal-unfenced-suffix,1048601,1048592,-1,9,0,9,1,0.2,0.2,0.2,0,1,0.8,0.2,1,1,1,1,1,1,1,1
exchange-hot,hot,29,117,45030,terminal-unfenced-suffix,1048601,1048592,-1,9,0,9,2,0.2,0.2,0.2,0,1,0.8,0.2,1,1,1,1,1,1,1,1
exchange-hot,hot,29,117,45030,terminal-unfenced-suffix,1048601,1048592,-1,9,0,9,3,0.2,0.2,0.2,0,1,0.8,0.2,1,1,1,1,1,1,1,1
exchange-hot,hot,29,117,45030,terminal-unfenced-suffix,1048601,1048592,-1,9,0,9,4,0.3,0.3,0.3,5.55112e-17,1,0.7,0.3,1,1,1,1,1,1,1,1
exchange-hot,hot,29,117,45030,terminal-unfenced-suffix,1048601,1048592,-1,9,0,9,5,0.2,0.2,0.2,0,1,0.8,0.2,1,1,1,1,1,1,1,1
exchange-hot,hot,29,117,45030,terminal-unfenced-suffix,1048601,1048592,-1,9,0,9,6,0.2,0.2,0.2,0,1,0.8,0.2,1,1,1,1,1,1,1,1
exchange-hot,hot,29,117,45030,terminal-unfenced-suffix,1048601,1048592,-1,9,0,9,7,0.2,0.2,0.2,0,1,0.8,0.2,1,1,1,1,1,1,1,1
exchange-hot,hot,29,117,45030,terminal-unfenced-suffix,1048601,1048592,-1,9,0,9,8,0.3,0.3,0.3,5.55112e-17,1,0.7,0.3,1,1,1,1,1,1,1,1
exchange-hot,hot,29,117,45030,terminal-unfenced-suffix,1048601,1048592,-1,9,0,9,9,0.2,0.2,0.2,0,1,0.8,0.2,1,1,1,1,1,1,1,1
exchange-hot,hot,29,117,45030,terminal-unfenced-suffix,1048601,1048592,-1,9,0,9,10,0.2,0.2,0.2,0,1,0.8,0.2,1,1,1,1,1,1,1,1
exchange-hot,hot,29,117,45030,terminal-unfenced-suffix,1048601,1048592,-1,9,0,9,11,0.2,0.2,0.2,0,1,0.8,0.2,1,1,1,1,1,1,1,1
strict-hot,hot,29,117,45030,fence-after-sync-before-publish,2097154,1048601,86,2,2,0,0,0.2,0,0,0,1,1,0,0.8,1,1,1,1,1,1,1
strict-hot,hot,29,117,45030,fence-after-sync-before-publish,2097154,1048601,86,2,2,0,1,0,0,0,0,1,1,0,1,1,1,1,1,1,1,1
strict-hot,hot,29,117,45030,fence-after-sync-before-publish,2097154,1048601,86,2,2,0,2,0,0,0,0,1,1,0,1,1,1,1,1,1,1,1
strict-hot,hot,29,117,45030,fence-after-sync-before-publish,2097154,1048601,86,2,2,0,3,0,0,0,0,1,1,0,1,1,1,1,1,1,1,1
strict-hot,hot,29,117,45030,fence-after-sync-before-publish,2097154,1048601,86,2,2,0,4,0.2,0,0,0,1,1,0,0.8,1,1,1,1,1,1,1
strict-hot,hot,29,117,45030,fence-after-sync-before-publish,2097154,1048601,86,2,2,0,5,0,0,0,0,1,1,0,1,1,1,1,1,1,1,1
strict-hot,hot,29,117,45030,fence-after-sync-before-publish,2097154,1048601,86,2,2,0,6,0,0,0,0,1,1,0,1,1,1,1,1,1,1,1
strict-hot,hot,29,117,45030,fence-after-sync-before-publish,2097154,1048601,86,2,2,0,7,0,0,0,0,1,1,0,1,1,1,1,1,1,1,1
strict-hot,hot,29,117,45030,fence-after-sync-before-publish,2097154,1048601,86,2,2,0,8,0.2,0,0,0,1,1,0,0.8,1,1,1,1,1,1,1
strict-hot,hot,29,117,45030,fence-after-sync-before-publish,2097154,1048601,86,2,2,0,9,0,0,0,0,1,1,0,1,1,1,1,1,1,1,1
strict-hot,hot,29,117,45030,fence-after-sync-before-publish,2097154,1048601,86,2,2,0,10,0,0,0,0,1,1,0,1,1,1,1,1,1,1,1
strict-hot,hot,29,117,45030,fence-after-sync-before-publish,2097154,1048601,86,2,2,0,11,0,0,0,0,1,1,0,1,1,1,1,1,1,1,1
