case,workload,repetition,hnsw_seed,tail_seed,requested_ack,writers,writes,queries,k_min,epsilon,comparison_epsilon,configured_cap,group_delay_us,write_seconds,writes_per_s,weak_acks,stable_acks,max_weak,binding,weak_p50_us,weak_p95_us,weak_p99_us,stable_p50_us,stable_p95_us,stable_p99_us,query_p50_us,query_p95_us,query_p99_us,latest_queries,stable_queries,timed_sync_attempts,timed_sync_successes,timed_sync_failures,timed_records_synced,policy_fences,follower_requests,fence_then_retry,strict_rejections,cap_overshoots,all_applied
stable-random-k10-for-e200000-g750-w4,random,0,100,9001,stable,4,64,64,10,0,0.20000000000000001,0,750,0.19004870800000001,336.75577526157133,0,64,0,0,0,0,0,11844.875,12890.51865,12900.516250000001,12.0205,10899.460749999998,11931.791999999999,64,0,16,16,0,64,0,48,0,0,0,1
strict-random-k10-e200000-g750-w4,random,0,100,9001,weak,4,64,64,10,0.20000000000000001,0.20000000000000001,2,750,0.25946049999999998,246.66567743452279,64,0,2,1,15902.270499999999,20647.575099999991,22118.597289999998,0,0,0,11.75,15917.874999999998,17679.807459999996,64,0,31,31,0,62,31,48,31,31,0,1
strict-hot-k10-e200000-g750-w4,hot,0,100,45001,weak,4,64,64,10,0.20000000000000001,0.20000000000000001,2,750,0.26657441700000001,240.08305343119252,64,0,2,1,16751.4375,19702.929399999997,20735.408499999998,0,0,0,9.8539999999999992,15979.445599999994,18722.13725,64,0,31,31,0,62,31,48,31,31,0,1
stable-hot-k10-for-e200000-g750-w4,hot,0,100,45001,stable,4,64,64,10,0,0.20000000000000001,0,750,0.18320566699999999,349.33417207012491,0,64,0,0,0,0,0,10888.520499999999,14875.724899999999,14934.88667,9.4794999999999998,9928.7286999999997,12254.540749999996,64,0,16,16,0,64,0,48,0,0,0,1
stable-hot-k50-for-e200000-g750-w4,hot,0,100,45001,stable,4,64,64,50,0,0.20000000000000001,0,750,0.18114925000000001,353.29983425269495,0,64,0,0,0,0,0,10841.332999999999,13692.184849999994,13881.602290000001,28.791499999999999,11709.349949999996,12338.739999999998,64,0,16,16,0,64,0,48,0,0,0,1
strict-hot-k50-e200000-g750-w4,hot,0,100,45001,weak,4,64,64,50,0.20000000000000001,0.20000000000000001,10,750,0.127911417,500.34626697943622,64,0,10,1,5747.5834999999997,13820.706299999983,14588.471959999999,0,0,0,27.75,9191.6249999999727,11549.323209999991,64,0,6,6,0,60,6,48,6,6,0,1
stable-hot-k20-for-e200000-g750-w4,hot,0,100,45001,stable,4,64,64,20,0,0.20000000000000001,0,750,0.17607162500000001,363.48843829890251,0,64,0,0,0,0,0,10789.666499999999,12910.216999999999,12955.739669999999,13.2705,9866.3249999999989,10715.343419999996,64,0,16,16,0,64,0,48,0,0,0,1
strict-hot-k20-e200000-g750-w4,hot,0,100,45001,weak,4,64,64,20,0.20000000000000001,0.20000000000000001,4,750,0.113117916,565.78128614038474,64,0,4,1,6735.8960000000006,9836.5231499999991,9918.68642,0,0,0,12.791499999999999,6678.3786,8726.0674999999992,64,0,15,15,0,60,15,48,15,15,0,1
stable-random-k100-for-e200000-g750-w4,random,0,100,9001,stable,4,64,64,100,0,0.20000000000000001,0,750,0.18316654099999999,349.40879295198351,0,64,0,0,0,0,0,10841.353999999999,13703.991099999994,13885.14292,42.499499999999998,10011.706249999999,11907.544959999999,64,0,16,16,0,64,0,48,0,0,0,1
strict-random-k100-e200000-g750-w4,random,0,100,9001,weak,4,64,64,100,0.20000000000000001,0.20000000000000001,20,750,0.11472370799999999,557.8620244736162,64,0,20,1,5735.8125,12842.439249999999,14338.58771,0,0,0,45,5787.7374999999993,10950.850919999999,64,0,3,3,0,60,3,48,3,3,0,1
stable-hot-k100-for-e200000-g750-w4,hot,0,100,45001,stable,4,64,64,100,0,0.20000000000000001,0,750,0.18021383299999999,355.13367056567739,0,64,0,0,0,0,0,10812.958500000001,14775.0062,14833.958210000001,43.749499999999998,9918.4293999999991,11251.291249999997,64,0,16,16,0,64,0,48,0,0,0,1
strict-hot-k100-e200000-g750-w4,hot,0,100,45001,weak,4,64,64,100,0.20000000000000001,0.20000000000000001,20,750,0.116698833,548.42022284832956,64,0,20,1,6109.8130000000001,11685.7438,12155.018869999998,0,0,0,45.75,8555.8062499999796,11092.116579999998,64,0,3,3,0,60,3,48,3,3,0,1
strict-random-k50-e200000-g750-w4,random,0,100,9001,weak,4,64,64,50,0.20000000000000001,0.20000000000000001,10,750,0.12290783399999999,520.71538417966099,64,0,10,1,6028.9794999999995,10802.476899999998,11271.133869999998,0,0,0,29.208500000000001,8781.198249999994,9443.4574999999986,64,0,6,6,0,60,6,48,6,6,0,1
stable-random-k50-for-e200000-g750-w4,random,0,100,9001,stable,4,64,64,50,0,0.20000000000000001,0,750,0.15017629099999999,426.16580536004852,0,64,0,0,0,0,0,9486.8534999999993,12706.037449999994,12912.67642,29.916499999999999,7058.6901499999985,10220.978039999998,64,0,16,16,0,64,0,48,0,0,0,1
stable-random-k20-for-e200000-g750-w4,random,0,100,9001,stable,4,64,64,20,0,0.20000000000000001,0,750,0.17312058299999999,369.68452214604662,0,64,0,0,0,0,0,10820.020499999999,12673.562499999995,12854.062169999999,15.4375,9673.2686999999951,10307.878919999997,64,0,16,16,0,64,0,48,0,0,0,1
strict-random-k20-e200000-g750-w4,random,0,100,9001,weak,4,64,64,20,0.20000000000000001,0.20000000000000001,4,750,0.17908529100000001,357.37161685713204,64,0,4,1,10948.416499999999,14092.79385,15590.951789999999,0,0,0,15.8125,10188.598199999999,13288.947619999994,64,0,15,15,0,60,15,48,15,15,0,1
stable-hot-k100-for-e200000-g750-w4,hot,1,117,45002,stable,4,64,64,100,0,0.20000000000000001,0,750,0.185080833,345.79485602380015,0,64,0,0,0,0,0,10891.041499999999,15379.706249999983,15869.625039999999,40.896000000000001,9941.9749499999998,11481.522829999998,64,0,16,16,0,64,0,48,0,0,0,1
strict-hot-k100-e200000-g750-w4,hot,1,117,45002,weak,4,64,64,100,0.20000000000000001,0.20000000000000001,20,750,0.1078385,593.48006509734466,64,0,20,1,5575.5625,10148.2017,10526.872499999999,0,0,0,38.603999999999999,6048.2224499999902,9333.991039999999,64,0,3,3,0,60,3,48,3,3,0,1
stable-random-k50-for-e200000-g750-w4,random,1,117,9002,stable,4,64,64,50,0,0.20000000000000001,0,750,0.17318312499999999,369.55101716752137,0,64,0,0,0,0,0,10844.6245,11845.92065,11893.643249999999,28.625,9918.0152500000004,10363.834999999997,64,0,16,16,0,64,0,48,0,0,0,1
strict-random-k50-e200000-g750-w4,random,1,117,9002,weak,4,64,64,50,0.20000000000000001,0.20000000000000001,10,750,0.12574070800000001,508.98393223616966,64,0,10,1,6497.0414999999994,13148.799999999987,13648.44917,0,0,0,29.583500000000001,8664.7168499999843,10224.3315,64,0,6,6,0,60,6,48,6,6,0,1
strict-hot-k20-e200000-g750-w4,hot,1,117,45002,weak,4,64,64,20,0.20000000000000001,0.20000000000000001,4,750,0.18456800000000001,346.75566728793723,64,0,4,1,11464.353499999999,17242.070449999981,19679.771499999999,0,0,0,14.4375,10705.462449999995,11705.037619999999,64,0,15,15,0,60,15,48,15,15,0,1
stable-hot-k20-for-e200000-g750-w4,hot,1,117,45002,stable,4,64,64,20,0,0.20000000000000001,0,750,0.20008029199999999,319.87158435374533,0,64,0,0,0,0,0,11827.333500000001,14879.129449999999,14909.57583,16.499499999999998,12912.4143,13919.01613,64,0,16,16,0,64,0,48,0,0,0,1
stable-random-k100-for-e200000-g750-w4,random,1,117,9002,stable,4,64,64,100,0,0.20000000000000001,0,750,0.13313879200000001,480.70137214404048,0,64,0,0,0,0,0,7862.7710000000006,11597.072449999989,11903.417079999999,50.978999999999999,7920.4749999999985,9738.0507099999959,64,0,16,16,0,64,0,48,0,0,0,1
strict-random-k100-e200000-g750-w4,random,1,117,9002,weak,4,64,64,100,0.20000000000000001,0.20000000000000001,20,750,0.12860270900000001,497.65670177289962,64,0,20,1,6485.1669999999995,15723.426899999986,16346.828869999999,0,0,0,46.396000000000001,6119.5018499999969,12526.569129999987,64,0,3,3,0,60,3,48,3,3,0,1
strict-random-k10-e200000-g750-w4,random,1,117,9002,weak,4,64,64,10,0.20000000000000001,0.20000000000000001,2,750,0.26743091600000002,239.31414122666354,64,0,2,1,16662.499499999998,21918.089199999988,23169.930869999997,0,0,0,12.334,16009.118749999996,17847.265750000002,64,0,31,31,0,62,31,48,31,31,0,1
stable-random-k10-for-e200000-g750-w4,random,1,117,9002,stable,4,64,64,10,0,0.20000000000000001,0,750,0.18414562500000001,347.55102110082714,0,64,0,0,0,0,0,11350.978999999999,12825.325049999999,12874.775379999999,11.1455,9912.0499500000005,11265.708749999998,64,0,16,16,0,64,0,48,0,0,0,1
stable-random-k20-for-e200000-g750-w4,random,1,117,9002,stable,4,64,64,20,0,0.20000000000000001,0,750,0.18014770799999999,355.26402589590538,0,64,0,0,0,0,0,10843.875,14414.34189999999,14744.06646,15.8545,9925.4339,11323.648089999997,64,0,16,16,0,64,0,48,0,0,0,1
strict-random-k20-e200000-g750-w4,random,1,117,9002,weak,4,64,64,20,0.20000000000000001,0.20000000000000001,4,750,0.16802620800000001,380.89296165036347,64,0,4,1,10329.083000000001,12691.962549999997,13642.670039999995,0,0,0,15.021000000000001,10743.31604999999,11376.49842,64,0,15,15,0,60,15,48,15,15,0,1
stable-hot-k10-for-e200000-g750-w4,hot,1,117,45002,stable,4,64,64,10,0,0.20000000000000001,0,750,0.16215687500000001,394.67953486400125,0,64,0,0,0,0,0,9869.9585000000006,14634.935749999995,14803.52304,10.208,8546.1035999999895,11109.426839999993,64,0,16,16,0,64,0,48,0,0,0,1
strict-hot-k10-e200000-g750-w4,hot,1,117,45002,weak,4,64,64,10,0.20000000000000001,0.20000000000000001,2,750,0.263480667,242.90207220403005,64,0,2,1,16104.6255,20867.249949999998,21911.698710000001,0,0,0,10.478999999999999,16591.11244999999,20047.71529,64,0,31,31,0,62,31,48,31,31,0,1
stable-hot-k50-for-e200000-g750-w4,hot,1,117,45002,stable,4,64,64,50,0,0.20000000000000001,0,750,0.170225125,375.97270085717366,0,64,0,0,0,0,0,10806.478999999999,12664.903499999995,12845.53721,27.978999999999999,9851.1874499999994,10326.447379999998,64,0,16,16,0,64,0,48,0,0,0,1
strict-hot-k50-e200000-g750-w4,hot,1,117,45002,weak,4,64,64,50,0.20000000000000001,0.20000000000000001,10,750,0.12683050000000001,504.61048407126043,64,0,10,1,6241.3744999999999,13287.3125,13460.12658,0,0,0,27.125,8648.3267999999771,10662.743749999992,64,0,6,6,0,60,6,48,6,6,0,1
strict-random-k10-e200000-g750-w4,random,2,100,9003,weak,4,64,64,10,0.20000000000000001,0.20000000000000001,2,750,0.24551924999999999,260.67202469867436,64,0,2,1,15614.1875,17759.53485,17811.003420000001,0,0,0,13.083500000000001,15680.697399999997,17029.691790000001,64,0,31,31,0,62,31,48,31,31,0,1
stable-random-k10-for-e200000-g750-w4,random,2,100,9003,stable,4,64,64,10,0,0.20000000000000001,0,750,0.17110062500000001,374.04889666533944,0,64,0,0,0,0,0,10342.875,12669.115249999995,12847.311459999999,10.416499999999999,8917.7480999999989,10897.799790000001,64,0,16,16,0,64,0,48,0,0,0,1
stable-random-k50-for-e200000-g750-w4,random,2,100,9003,stable,4,64,64,50,0,0.20000000000000001,0,750,0.17405137500000001,367.70752313792406,0,64,0,0,0,0,0,10825.666499999999,11819.38925,11893.667669999999,29.979500000000002,9895.3251,10065.76792,64,0,16,16,0,64,0,48,0,0,0,1
strict-random-k50-e200000-g750-w4,random,2,100,9003,weak,4,64,64,50,0.20000000000000001,0.20000000000000001,10,750,0.118667042,539.32413685680308,64,0,10,1,6343.9375,10756.220650000001,12023.637879999997,0,0,0,29.750500000000002,7575.316949999994,9578.2493400000003,64,0,6,6,0,60,6,48,6,6,0,1
strict-hot-k10-e200000-g750-w4,hot,2,100,45003,weak,4,64,64,10,0.20000000000000001,0.20000000000000001,2,750,0.24652095900000001,259.61281450312708,64,0,2,1,15171.4375,17574.690099999996,17906.745709999999,0,0,0,10.1875,14866.743749999996,15915.164959999998,64,0,31,31,0,62,31,48,31,31,0,1
stable-hot-k10-for-e200000-g750-w4,hot,2,100,45003,stable,4,64,64,10,0,0.20000000000000001,0,750,0.16811383299999999,380.69443101686943,0,64,0,0,0,0,0,10346.770499999999,11827.825049999999,11877.904790000001,10.646000000000001,9817.02765,9889.6751700000004,64,0,16,16,0,64,0,48,0,0,0,1
stable-hot-k50-for-e200000-g750-w4,hot,2,100,45003,stable,4,64,64,50,0,0.20000000000000001,0,750,0.170210208,376.00565061291741,0,64,0,0,0,0,0,10874.041499999999,12888.06875,12913.948249999999,25.958500000000001,10013.699999999999,11867.270829999999,64,0,16,16,0,64,0,48,0,0,0,1
strict-hot-k50-e200000-g750-w4,hot,2,100,45003,weak,4,64,64,50,0.20000000000000001,0.20000000000000001,10,750,0.12556675,509.68906975771847,64,0,10,1,6083.4169999999995,13294.239349999996,13971.74029,0,0,0,28.395499999999998,9411.3749999999982,11835.337499999994,64,0,6,6,0,60,6,48,6,6,0,1
strict-hot-k100-e200000-g750-w4,hot,2,100,45003,weak,4,64,64,100,0.20000000000000001,0.20000000000000001,20,750,0.104812959,610.61151798986998,64,0,20,1,5598.4375,10412.2027,10606.64696,0,0,0,38.958500000000001,5608.5410999999986,9476.5960799999993,64,0,3,3,0,60,3,48,3,3,0,1
stable-hot-k100-for-e200000-g750-w4,hot,2,100,45003,stable,4,64,64,100,0,0.20000000000000001,0,750,0.17115870799999999,373.92196253315961,0,64,0,0,0,0,0,10799.353999999999,12673.702649999994,12876.92837,40.124499999999998,9908.1793999999991,10249.645209999997,64,0,16,16,0,64,0,48,0,0,0,1
strict-random-k20-e200000-g750-w4,random,2,100,9003,weak,4,64,64,20,0.20000000000000001,0.20000000000000001,4,750,0.17193808299999999,372.22701849013868,64,0,4,1,10765.5,13639.278649999995,13951.247380000001,0,0,0,15.1875,10635.983949999998,11554.809999999999,64,0,15,15,0,60,15,48,15,15,0,1
stable-random-k20-for-e200000-g750-w4,random,2,100,9003,stable,4,64,64,20,0,0.20000000000000001,0,750,0.124121667,515.62311034704362,0,64,0,0,0,0,0,7343.7710000000006,11812.8562,11853.647210000001,14.083,6691.5204999999942,8381.2532499999907,64,0,16,16,0,64,0,48,0,0,0,1
strict-hot-k20-e200000-g750-w4,hot,2,100,45003,weak,4,64,64,20,0.20000000000000001,0.20000000000000001,4,750,0.18115208299999999,353.29430906957884,64,0,4,1,10851.478999999999,16941.470449999979,17793.778419999999,0,0,0,14.458,10860.056349999999,12193.433159999995,64,0,15,15,0,60,15,48,15,15,0,1
stable-hot-k20-for-e200000-g750-w4,hot,2,100,45003,stable,4,64,64,20,0,0.20000000000000001,0,750,0.17615562500000001,363.31510844459262,0,64,0,0,0,0,0,10835.375,13544.79554999999,13865.420999999998,14.103999999999999,9876.1393499999995,10890.16783,64,0,16,16,0,64,0,48,0,0,0,1
stable-random-k100-for-e200000-g750-w4,random,2,100,9003,stable,4,64,64,100,0,0.20000000000000001,0,750,0.17413720799999999,367.52627847346679,0,64,0,0,0,0,0,10785.103999999999,14506.80179999999,14839.15229,41.0625,9919.3043999999991,12629.588419999995,64,0,16,16,0,64,0,48,0,0,0,1
strict-random-k100-e200000-g750-w4,random,2,100,9003,weak,4,64,64,100,0.20000000000000001,0.20000000000000001,20,750,0.10388725,616.05249922391829,64,0,20,1,5171.7914999999994,10537.841999999999,12310.829129999993,0,0,0,42.103999999999999,4724.1874999999973,8880.2364599999964,64,0,3,3,0,60,3,48,3,3,0,1
stable-hot-k100-for-e200000-g750-w4,hot,3,117,45004,stable,4,64,64,100,0,0.20000000000000001,0,750,0.17419991700000001,367.39397527956339,0,64,0,0,0,0,0,10817.582999999999,11981.998249999999,12001.837249999999,40.167000000000002,9892.5580499999996,10439.106459999997,64,0,16,16,0,64,0,48,0,0,0,1
strict-hot-k100-e200000-g750-w4,hot,3,117,45004,weak,4,64,64,100,0.20000000000000001,0.20000000000000001,20,750,0.10077691699999999,635.06606378919093,64,0,20,1,5360.8330000000005,10114.681299999995,10393.58229,0,0,0,41.686999999999998,4753.9141999999983,8388.0540799999999,64,0,3,3,0,60,3,48,3,3,0,1
strict-random-k20-e200000-g750-w4,random,3,117,9004,weak,4,64,64,20,0.20000000000000001,0.20000000000000001,4,750,0.16887625000000001,378.97572926921339,64,0,4,1,10696.146000000001,12664.615199999997,13664.728000000001,0,0,0,15.0205,10319.885649999993,10878.657669999999,64,0,15,15,0,60,15,48,15,15,0,1
stable-random-k20-for-e200000-g750-w4,random,3,117,9004,stable,4,64,64,20,0,0.20000000000000001,0,750,0.174192875,367.40882771468119,0,64,0,0,0,0,0,10789.8125,13711.718649999993,13890.339170000001,14.3125,9779.6973999999991,9914.3502500000013,64,0,16,16,0,64,0,48,0,0,0,1
stable-hot-k50-for-e200000-g750-w4,hot,3,117,45004,stable,4,64,64,50,0,0.20000000000000001,0,750,0.170251125,375.91528396655235,0,64,0,0,0,0,0,10333.916499999999,13625.035649999994,13808.958210000001,27.771000000000001,8958.5704999999998,11034.170749999992,64,0,16,16,0,64,0,48,0,0,0,1
strict-hot-k50-e200000-g750-w4,hot,3,117,45004,weak,4,64,64,50,0.20000000000000001,0.20000000000000001,10,750,0.13359154200000001,479.07224545697659,64,0,10,1,8042.2085000000006,11560.216999999999,12125.980119999997,0,0,0,29.875,8948.7231499999925,10232.100329999999,64,0,6,6,0,60,6,48,6,6,0,1
strict-random-k100-e200000-g750-w4,random,3,117,9004,weak,4,64,64,100,0.20000000000000001,0.20000000000000001,20,750,0.118491583,540.12275285409942,64,0,20,1,5966.875,13901.384899999999,14181.936670000001,0,0,0,47.125,6384.5686999999953,11409.766959999992,64,0,3,3,0,60,3,48,3,3,0,1
stable-random-k100-for-e200000-g750-w4,random,3,117,9004,stable,4,64,64,100,0,0.20000000000000001,0,750,0.12210262500000001,524.14925559544679,0,64,0,0,0,0,0,7345.4164999999994,9641.9206499999964,9798.2458299999998,44.041499999999999,6001.3910500000002,7549.1668399999944,64,0,16,16,0,64,0,48,0,0,0,1
strict-hot-k10-e200000-g750-w4,hot,3,117,45004,weak,4,64,64,10,0.20000000000000001,0.20000000000000001,2,750,0.236163333,270.99888533500666,64,0,2,1,14839.5005,16781.824999999997,17196.151959999999,0,0,0,12.416499999999999,13983.418799999999,15206.023249999993,64,0,31,31,0,62,31,48,31,31,0,1
stable-hot-k10-for-e200000-g750-w4,hot,3,117,45004,stable,4,64,64,10,0,0.20000000000000001,0,750,0.19424583300000001,329.47939737785777,0,64,0,0,0,0,0,11807.583000000001,13914.1937,13947.352290000001,12.0625,11756.270599999996,12792.466419999999,64,0,16,16,0,64,0,48,0,0,0,1
strict-random-k10-e200000-g750-w4,random,3,117,9004,weak,4,64,64,10,0.20000000000000001,0.20000000000000001,2,750,0.24420425000000001,262.07570097572011,64,0,2,1,15488.667000000001,17843.409,18389.416669999999,0,0,0,12.3545,16105.759849999997,16527.034789999998,64,0,31,31,0,62,31,48,31,31,0,1
stable-random-k10-for-e200000-g750-w4,random,3,117,9004,stable,4,64,64,10,0,0.20000000000000001,0,750,0.12632479099999999,506.63056311725865,0,64,0,0,0,0,0,6918.9580000000005,12309.325049999983,12781.78354,12.4375,7037.9097499999989,9960.170749999992,64,0,16,16,0,64,0,48,0,0,0,1
strict-random-k50-e200000-g750-w4,random,3,117,9004,weak,4,64,64,50,0.20000000000000001,0.20000000000000001,10,750,0.12159420899999999,526.34085559123957,64,0,10,1,6202.0830000000005,11871.766899999999,14170.153749999994,0,0,0,27.978999999999999,8685.3660499999951,10515.366959999998,64,0,6,6,0,60,6,48,6,6,0,1
stable-random-k50-for-e200000-g750-w4,random,3,117,9004,stable,4,64,64,50,0,0.20000000000000001,0,750,0.183119792,349.49799418732408,0,64,0,0,0,0,0,10890.041499999999,14503.879499999988,14826.73071,30.103999999999999,10727.398249999995,11365.352619999996,64,0,16,16,0,64,0,48,0,0,0,1
stable-hot-k20-for-e200000-g750-w4,hot,3,117,45004,stable,4,64,64,20,0,0.20000000000000001,0,750,0.18227858399999999,351.11091273344545,0,64,0,0,0,0,0,10840.396000000001,16249.728699999978,16905.036790000002,13.583500000000001,9964.5919999999987,10350.981039999999,64,0,16,16,0,64,0,48,0,0,0,1
strict-hot-k20-e200000-g750-w4,hot,3,117,45004,weak,4,64,64,20,0.20000000000000001,0.20000000000000001,4,750,0.13646454099999999,468.98629879244601,64,0,4,1,8500.3544999999995,12404.477599999991,12880.50467,0,0,0,14.625,8474.1545499999993,10041.138749999993,64,0,15,15,0,60,15,48,15,15,0,1
stable-hot-k50-for-e200000-g750-w4,hot,4,100,45005,stable,4,64,64,50,0,0.20000000000000001,0,750,0.18819133299999999,340.07942331754464,0,64,0,0,0,0,0,10851.770500000001,14850.1785,14876.970209999999,26.875,9939.2125500000002,12724.236579999995,64,0,16,16,0,64,0,48,0,0,0,1
strict-hot-k50-e200000-g750-w4,hot,4,100,45005,weak,4,64,64,50,0.20000000000000001,0.20000000000000001,10,750,0.13123158300000001,487.68747992623082,64,0,10,1,6338.6875,12936.40805,13854.740379999999,0,0,0,24.207999999999998,9503.1856999999727,11456.424039999996,64,0,6,6,0,60,6,48,6,6,0,1
stable-random-k20-for-e200000-g750-w4,random,4,100,9005,stable,4,64,64,20,0,0.20000000000000001,0,750,0.17702024999999999,361.54055821297283,0,64,0,0,0,0,0,10817.8125,13542.525049999989,13867.86238,14.5625,9924.0839500000002,11634.177169999995,64,0,16,16,0,64,0,48,0,0,0,1
strict-random-k20-e200000-g750-w4,random,4,100,9005,weak,4,64,64,20,0.20000000000000001,0.20000000000000001,4,750,0.168788625,379.17247089369914,64,0,4,1,10767.042000000001,12836.399950000001,12908.14429,0,0,0,15.334,9854.1875,11606.789289999999,64,0,15,15,0,60,15,48,15,15,0,1
stable-hot-k20-for-e200000-g750-w4,hot,4,100,45005,stable,4,64,64,20,0,0.20000000000000001,0,750,0.17813599999999999,359.27605874163561,0,64,0,0,0,0,0,10899.6875,12818.487499999999,12864.41958,12.8125,10656.687499999995,11784.040919999999,64,0,16,16,0,64,0,48,0,0,0,1
strict-hot-k20-e200000-g750-w4,hot,4,100,45005,weak,4,64,64,20,0.20000000000000001,0.20000000000000001,4,750,0.120406625,531.53221427807648,64,0,4,1,7153.1875,9894.1455999999998,10945.009250000001,0,0,0,13.916499999999999,6388.5901499999991,8900.9590799999987,64,0,15,15,0,60,15,48,15,15,0,1
stable-random-k100-for-e200000-g750-w4,random,4,100,9005,stable,4,64,64,100,0,0.20000000000000001,0,750,0.19613575,326.30461300400361,0,64,0,0,0,0,0,11370.270499999999,17287.996449999984,17755.456249999999,44.396000000000001,10892.439349999995,15104.220419999992,64,0,16,16,0,64,0,48,0,0,0,1
strict-random-k100-e200000-g750-w4,random,4,100,9005,weak,4,64,64,100,0.20000000000000001,0.20000000000000001,20,750,0.10657975,600.48930495708612,64,0,20,1,5354.7290000000003,12665.793749999997,12815.25021,0,0,0,43.146000000000001,4843.59195,11694.521789999999,64,0,3,3,0,60,3,48,3,3,0,1
strict-hot-k10-e200000-g750-w4,hot,4,100,45005,weak,4,64,64,10,0.20000000000000001,0.20000000000000001,2,750,0.244460542,261.80094127419551,64,0,2,1,14977.208500000001,19629.273199999985,21227.514829999996,0,0,0,10.874500000000001,15305.174999999997,16133.913499999999,64,0,31,31,0,62,31,48,31,31,0,1
stable-hot-k10-for-e200000-g750-w4,hot,4,100,45005,stable,4,64,64,10,0,0.20000000000000001,0,750,0.191218583,334.69550394063953,0,64,0,0,0,0,0,11800,18085.656249999971,18872.412919999999,9.9375,10704.574999999995,11502.981209999996,64,0,16,16,0,64,0,48,0,0,0,1
strict-hot-k100-e200000-g750-w4,hot,4,100,45005,weak,4,64,64,100,0.20000000000000001,0.20000000000000001,20,750,0.116586333,548.9494210269055,64,0,20,1,6208.5210000000006,12655.062599999999,13377.684579999996,0,0,0,42.854500000000002,5637.4338499999985,11747.580169999994,64,0,3,3,0,60,3,48,3,3,0,1
stable-hot-k100-for-e200000-g750-w4,hot,4,100,45005,stable,4,64,64,100,0,0.20000000000000001,0,750,0.184148917,347.54480798820015,0,64,0,0,0,0,0,10923.041499999999,13826.8231,13852.046249999999,46.207999999999998,11033.841199999999,12970.416999999999,64,0,16,16,0,64,0,48,0,0,0,1
strict-random-k10-e200000-g750-w4,random,4,100,9005,weak,4,64,64,10,0.20000000000000001,0.20000000000000001,2,750,0.239361292,267.37823590958891,64,0,2,1,14739.978999999999,17638.999999999996,18736.70837,0,0,0,11.792,13923.534749999997,15483.676459999997,64,0,31,31,0,62,31,48,31,31,0,1
stable-random-k10-for-e200000-g750-w4,random,4,100,9005,stable,4,64,64,10,0,0.20000000000000001,0,750,0.16714991600000001,382.88981252015702,0,64,0,0,0,0,0,10806.666499999999,10912.24375,10953.755209999999,11.208500000000001,8980.6294499999985,9888.3993399999999,64,0,16,16,0,64,0,48,0,0,0,1
strict-random-k50-e200000-g750-w4,random,4,100,9005,weak,4,64,64,50,0.20000000000000001,0.20000000000000001,10,750,0.117022084,546.9053174612751,64,0,10,1,6437.3335000000006,11068.024949999997,11428.945,0,0,0,28.917000000000002,7805.7125499999884,9669.7724999999991,64,0,6,6,0,60,6,48,6,6,0,1
stable-random-k50-for-e200000-g750-w4,random,4,100,9005,stable,4,64,64,50,0,0.20000000000000001,0,750,0.175207583,365.28099357434775,0,64,0,0,0,0,0,10798.166499999999,13556.156249999989,13905.311960000001,30.167000000000002,9954.0437999999995,10340.320499999998,64,0,16,16,0,64,0,48,0,0,0,1
stable-random-k10-for-e200000-g750-w4,random,5,117,9006,stable,4,64,64,10,0,0.20000000000000001,0,750,0.174074542,367.65858617051538,0,64,0,0,0,0,0,10764,12637.995449999995,12800.65,11.853999999999999,9953.8811999999998,11213.426749999999,64,0,16,16,0,64,0,48,0,0,0,1
strict-random-k10-e200000-g750-w4,random,5,117,9006,weak,4,64,64,10,0.20000000000000001,0.20000000000000001,2,750,0.249708334,256.29901483384208,64,0,2,1,14798.813,18789.622349999998,21152.452919999989,0,0,0,11.146000000000001,14605.653549999995,17567.299289999999,64,0,31,31,0,62,31,48,31,31,0,1
stable-random-k100-for-e200000-g750-w4,random,5,117,9006,stable,4,64,64,100,0,0.20000000000000001,0,750,0.167210625,382.75079708601055,0,64,0,0,0,0,0,9895.375,12861.4563,12912.019620000001,42.3125,9024.7437000000009,10654.922289999995,64,0,16,16,0,64,0,48,0,0,0,1
strict-random-k100-e200000-g750-w4,random,5,117,9006,weak,4,64,64,100,0.20000000000000001,0.20000000000000001,20,750,0.106494583,600.96953476027977,64,0,20,1,5544.7920000000004,12952.343799999984,13630.20462,0,0,0,43.603999999999999,5326.3160999999982,10133.22641999999,64,0,3,3,0,60,3,48,3,3,0,1
strict-hot-k20-e200000-g750-w4,hot,5,117,45006,weak,4,64,64,20,0.20000000000000001,0.20000000000000001,4,750,0.17897825000000001,357.58534905777657,64,0,4,1,11059.8125,13529.262499999999,14580.634459999999,0,0,0,13.666499999999999,10335.028549999999,11044.659619999999,64,0,15,15,0,60,15,48,15,15,0,1
stable-hot-k20-for-e200000-g750-w4,hot,5,117,45006,stable,4,64,64,20,0,0.20000000000000001,0,750,0.17411495799999999,367.57324433894991,0,64,0,0,0,0,0,10823.645500000001,11858.251850000001,11889.208919999999,13.2295,9931.2394000000004,10806.22212,64,0,16,16,0,64,0,48,0,0,0,1
strict-hot-k100-e200000-g750-w4,hot,5,117,45006,weak,4,64,64,100,0.20000000000000001,0.20000000000000001,20,750,0.110703458,578.12105562230943,64,0,20,1,5545.0005000000001,11669.993699999999,12327.086039999997,0,0,0,41.396000000000001,6048.2829499999943,11500.749789999996,64,0,3,3,0,60,3,48,3,3,0,1
stable-hot-k100-for-e200000-g750-w4,hot,5,117,45006,stable,4,64,64,100,0,0.20000000000000001,0,750,0.18919820900000001,338.26958689656516,0,64,0,0,0,0,0,11815.791499999999,14655.979399999995,14822.854289999999,44.625,11949.3187,13288.543919999996,64,0,16,16,0,64,0,48,0,0,0,1
stable-random-k50-for-e200000-g750-w4,random,5,117,9006,stable,4,64,64,50,0,0.20000000000000001,0,750,0.17309512499999999,369.73889357080395,0,64,0,0,0,0,0,10814.042000000001,12782.90805,12807.41,28.6875,9910.6144000000004,10011.317290000001,64,0,16,16,0,64,0,48,0,0,0,1
strict-random-k50-e200000-g750-w4,random,5,117,9006,weak,4,64,64,50,0.20000000000000001,0.20000000000000001,10,750,0.122129,524.03606023139469,64,0,10,1,6433.4375,12086.031299999997,12378.414709999999,0,0,0,29.833500000000001,8466.6401499999865,11426.685539999999,64,0,6,6,0,60,6,48,6,6,0,1
strict-hot-k50-e200000-g750-w4,hot,5,117,45006,weak,4,64,64,50,0.20000000000000001,0.20000000000000001,10,750,0.12358762500000001,517.85120071690028,64,0,10,1,6086.4164999999994,12072.090050000001,13218.11479,0,0,0,29.603999999999999,8858.9517999999825,11156.00979,64,0,6,6,0,60,6,48,6,6,0,1
stable-hot-k50-for-e200000-g750-w4,hot,5,117,45006,stable,4,64,64,50,0,0.20000000000000001,0,750,0.12518950000000001,511.22498292588432,0,64,0,0,0,0,0,7376.3330000000005,9877.1517999999996,9927.6679199999999,27,6801.9204999999947,8964.96083,64,0,16,16,0,64,0,48,0,0,0,1
strict-hot-k10-e200000-g750-w4,hot,5,117,45006,weak,4,64,64,10,0.20000000000000001,0.20000000000000001,2,750,0.24428633299999999,261.98764054475367,64,0,2,1,15181.437,17430.882999999994,18414.142709999996,0,0,0,10.792,14371.1124,15917.549289999999,64,0,31,31,0,62,31,48,31,31,0,1
stable-hot-k10-for-e200000-g750-w4,hot,5,117,45006,stable,4,64,64,10,0,0.20000000000000001,0,750,0.17107145900000001,374.1126683206694,0,64,0,0,0,0,0,9893.6669999999995,13540.729399999989,13901.16238,9.8960000000000008,8944.3438499999993,10991.206749999992,64,0,16,16,0,64,0,48,0,0,0,1
strict-random-k20-e200000-g750-w4,random,5,117,9006,weak,4,64,64,20,0.20000000000000001,0.20000000000000001,4,750,0.115382834,554.67523011265257,64,0,4,1,6999.6255000000001,8937.8812500000004,9184.9482099999987,0,0,0,15.625499999999999,6300.8419000000004,8255.2596699999976,64,0,15,15,0,60,15,48,15,15,0,1
stable-random-k20-for-e200000-g750-w4,random,5,117,9006,stable,4,64,64,20,0,0.20000000000000001,0,750,0.13323083399999999,480.36928148329389,0,64,0,0,0,0,0,7850.7710000000006,10679.889349999996,10883.571959999999,15.103999999999999,6886.0963499999998,8222.2864599999975,64,0,16,16,0,64,0,48,0,0,0,1
strict-random-k100-e200000-g750-w4,random,6,100,9007,weak,4,64,64,100,0.20000000000000001,0.20000000000000001,20,750,0.107693,594.2818939021106,64,0,20,1,5781.7085000000006,10564.20175,10736.64033,0,0,0,43.1875,5150.9062499999991,9483.1066299999984,64,0,3,3,0,60,3,48,3,3,0,1
stable-random-k100-for-e200000-g750-w4,random,6,100,9007,stable,4,64,64,100,0,0.20000000000000001,0,750,0.183224041,349.29914028039582,0,64,0,0,0,0,0,10863.229500000001,13709.673099999995,13895.841249999999,45.978999999999999,10693.210699999994,12259.950919999997,64,0,16,16,0,64,0,48,0,0,0,1
strict-hot-k20-e200000-g750-w4,hot,6,100,45007,weak,4,64,64,20,0.20000000000000001,0.20000000000000001,4,750,0.168842666,379.05111022115699,64,0,4,1,10753.896000000001,13770.783899999993,14691.348749999999,0,0,0,16.957999999999998,9875.7606499999983,12430.158249999993,64,0,15,15,0,60,15,48,15,15,0,1
stable-hot-k20-for-e200000-g750-w4,hot,6,100,45007,stable,4,64,64,20,0,0.20000000000000001,0,750,0.17014154200000001,376.15739958440014,0,64,0,0,0,0,0,10804.853999999999,11676.146449999995,11842.55946,13.1455,9834.2937000000002,10314.173039999998,64,0,16,16,0,64,0,48,0,0,0,1
stable-hot-k10-for-e200000-g750-w4,hot,6,100,45007,stable,4,64,64,10,0,0.20000000000000001,0,750,0.12514862500000001,511.39195496554589,0,64,0,0,0,0,0,6945.0419999999995,10886.247299999999,10935.315420000001,11.417,5996.1411500000004,8581.5334199999961,64,0,16,16,0,64,0,48,0,0,0,1
strict-hot-k10-e200000-g750-w4,hot,6,100,45007,weak,4,64,64,10,0.20000000000000001,0.20000000000000001,2,750,0.264500709,241.96532493982843,64,0,2,1,15865.853499999999,22354.459949999982,25196.753159999997,0,0,0,12.125499999999999,15104.2214,19177.62695999998,64,0,31,31,0,62,31,48,31,31,0,1
stable-hot-k100-for-e200000-g750-w4,hot,6,100,45007,stable,4,64,64,100,0,0.20000000000000001,0,750,0.35718741599999998,179.17764493696498,0,64,0,0,0,0,0,11889.478999999999,60223.821499999947,61745.566460000002,45.103999999999999,21601.033049999955,50273.06824999996,64,0,16,16,0,64,0,48,0,0,0,1
strict-hot-k100-e200000-g750-w4,hot,6,100,45007,weak,4,64,64,100,0.20000000000000001,0.20000000000000001,20,750,0.119680042,534.75917062261726,64,0,20,1,7137.3540000000003,10959.470600000001,11072.734499999999,0,0,0,49.5,6770.3375999999989,10154.302,64,0,3,3,0,60,3,48,3,3,0,1
strict-random-k50-e200000-g750-w4,random,6,100,9007,weak,4,64,64,50,0.20000000000000001,0.20000000000000001,10,750,0.114386084,559.5086199471607,64,0,10,1,5584.7494999999999,11774.335599999999,11937.75733,0,0,0,30.146000000000001,8449.4374499999813,10220.101079999997,64,0,6,6,0,60,6,48,6,6,0,1
stable-random-k50-for-e200000-g750-w4,random,6,100,9007,stable,4,64,64,50,0,0.20000000000000001,0,750,0.16914004099999999,378.38467829152296,0,64,0,0,0,0,0,9885,12676.195599999995,12840.628419999999,30.478999999999999,9741.4919499999942,10372.718789999997,64,0,16,16,0,64,0,48,0,0,0,1
strict-random-k20-e200000-g750-w4,random,6,100,9007,weak,4,64,64,20,0.20000000000000001,0.20000000000000001,4,750,0.17346800000000001,368.94412802361239,64,0,4,1,10801.5625,12625.40625,12777.895500000001,0,0,0,15.478999999999999,10430.493749999996,11086.611539999998,64,0,15,15,0,60,15,48,15,15,0,1
stable-random-k20-for-e200000-g750-w4,random,6,100,9007,stable,4,64,64,20,0,0.20000000000000001,0,750,0.17714845900000001,361.2788977182127,0,64,0,0,0,0,0,10892.083500000001,12693.306249999994,12876.425500000001,15.0205,10610.279499999995,11309.701959999999,64,0,16,16,0,64,0,48,0,0,0,1
stable-hot-k50-for-e200000-g750-w4,hot,6,100,45007,stable,4,64,64,50,0,0.20000000000000001,0,750,0.12810966600000001,499.57198389698397,0,64,0,0,0,0,0,7766.0414999999994,12355.337399999984,12840.897290000001,25.6875,6945.9526500000002,8253.9926699999978,64,0,16,16,0,64,0,48,0,0,0,1
strict-hot-k50-e200000-g750-w4,hot,6,100,45007,weak,4,64,64,50,0.20000000000000001,0.20000000000000001,10,750,0.120743584,530.0488678553719,64,0,10,1,6071.2295000000004,11410.1482,11590.04675,0,0,0,28.375,8658.0098499999822,10148.789999999995,64,0,6,6,0,60,6,48,6,6,0,1
stable-random-k10-for-e200000-g750-w4,random,6,100,9007,stable,4,64,64,10,0,0.20000000000000001,0,750,0.17522433400000001,365.24607364180366,0,64,0,0,0,0,0,10806.978999999999,13680.645599999994,13876.46146,10.75,9907.4847999999984,12207.855919999996,64,0,16,16,0,64,0,48,0,0,0,1
strict-random-k10-e200000-g750-w4,random,6,100,9007,weak,4,64,64,10,0.20000000000000001,0.20000000000000001,2,750,0.246548833,259.58346353235424,64,0,2,1,14909.207999999999,18101.195649999998,18761.156289999999,0,0,0,11.3125,14117.2464,15666.402289999996,64,0,31,31,0,62,31,48,31,31,0,1
stable-random-k100-for-e200000-g750-w4,random,7,117,9008,stable,4,64,64,100,0,0.20000000000000001,0,750,0.17222437500000001,371.60825812257991,0,64,0,0,0,0,0,10828.707999999999,11874.993850000001,11890.283959999999,42.146000000000001,9900.0848499999993,10838.37096,64,0,16,16,0,64,0,48,0,0,0,1
strict-random-k100-e200000-g750-w4,random,7,117,9008,weak,4,64,64,100,0.20000000000000001,0.20000000000000001,20,750,0.10628325,602.16449910969038,64,0,20,1,5508.6664999999994,11258.598249999995,11465.31342,0,0,0,43.104500000000002,5627.2910999999967,9442.2024999999958,64,0,3,3,0,60,3,48,3,3,0,1
strict-hot-k10-e200000-g750-w4,hot,7,117,45008,weak,4,64,64,10,0.20000000000000001,0.20000000000000001,2,750,0.25170150000000002,254.26944217654639,64,0,2,1,15721.646000000001,17892.076799999999,18792.431540000001,0,0,0,10.875,15825.685649999994,16897.338209999998,64,0,31,31,0,62,31,48,31,31,0,1
stable-hot-k10-for-e200000-g750-w4,hot,7,117,45008,stable,4,64,64,10,0,0.20000000000000001,0,750,0.17218920900000001,371.68415124085971,0,64,0,0,0,0,0,10843.25,11868.000050000001,11892.193789999999,8.9789999999999992,9661.1517499999954,10334.171669999998,64,0,16,16,0,64,0,48,0,0,0,1
stable-hot-k20-for-e200000-g750-w4,hot,7,117,45008,stable,4,64,64,20,0,0.20000000000000001,0,750,0.170159958,376.11668898037692,0,64,0,0,0,0,0,10331.167000000001,11839.714400000001,11866.190119999999,14.228999999999999,9665.8035999999938,10877.01129,64,0,16,16,0,64,0,48,0,0,0,1
strict-hot-k20-e200000-g750-w4,hot,7,117,45008,weak,4,64,64,20,0.20000000000000001,0.20000000000000001,4,750,0.17262729199999999,370.74091389906067,64,0,4,1,10752.75,13455.785699999995,13750.84554,0,0,0,14.5,11396.535599999997,12254.668209999998,64,0,15,15,0,60,15,48,15,15,0,1
stable-random-k10-for-e200000-g750-w4,random,7,117,9008,stable,4,64,64,10,0,0.20000000000000001,0,750,0.18218116600000001,351.29866278273789,0,64,0,0,0,0,0,10796.6875,13731.202699999994,13937.505709999999,13.521000000000001,11032.483899999999,12383.424249999998,64,0,16,16,0,64,0,48,0,0,0,1
strict-random-k10-e200000-g750-w4,random,7,117,9008,weak,4,64,64,10,0.20000000000000001,0.20000000000000001,2,750,0.24256404100000001,263.8478470928838,64,0,2,1,14966.916499999999,17012.608949999998,17998.688999999998,0,0,0,12.166499999999999,15124.520549999999,16084.318249999998,64,0,31,31,0,62,31,48,31,31,0,1
stable-random-k20-for-e200000-g750-w4,random,7,117,9008,stable,4,64,64,20,0,0.20000000000000001,0,750,0.12610450000000001,507.51559222708147,0,64,0,0,0,0,0,7339.5205000000005,10619.849999999995,10782.18979,14.75,6733.7456499999944,9218.9783699999989,64,0,16,16,0,64,0,48,0,0,0,1
strict-random-k20-e200000-g750-w4,random,7,117,9008,weak,4,64,64,20,0.20000000000000001,0.20000000000000001,4,750,0.159943584,400.14108974824524,64,0,4,1,10243.166499999999,11858.65985,12029.523709999999,0,0,0,15.8535,9946.6900999999998,10599.60917,64,0,15,15,0,60,15,48,15,15,0,1
strict-random-k50-e200000-g750-w4,random,7,117,9008,weak,4,64,64,50,0.20000000000000001,0.20000000000000001,10,750,0.115765542,552.84153552358441,64,0,10,1,5938.2920000000004,10488.159749999999,11086.052079999998,0,0,0,29.082999999999998,7351.9169999999913,9561.3182099999976,64,0,6,6,0,60,6,48,6,6,0,1
stable-random-k50-for-e200000-g750-w4,random,7,117,9008,stable,4,64,64,50,0,0.20000000000000001,0,750,0.16917916599999999,378.29717165055655,0,64,0,0,0,0,0,10310.375,11943.681199999999,11971.631960000001,28.313000000000002,9890.1294499999985,10970.814710000001,64,0,16,16,0,64,0,48,0,0,0,1
stable-hot-k50-for-e200000-g750-w4,hot,7,117,45008,stable,4,64,64,50,0,0.20000000000000001,0,750,0.125145959,511.40284921225464,0,64,0,0,0,0,0,6876.6669999999995,10654.710799999995,10805.568789999999,27.604500000000002,6951.0527499999998,8875.3769599999996,64,0,16,16,0,64,0,48,0,0,0,1
strict-hot-k50-e200000-g750-w4,hot,7,117,45008,weak,4,64,64,50,0.20000000000000001,0.20000000000000001,10,750,0.117718292,543.6708171063168,64,0,10,1,5602.0205000000005,11105.960649999999,12070.640329999995,0,0,0,26.1035,8390.9999499999776,9875.6697899999981,64,0,6,6,0,60,6,48,6,6,0,1
strict-hot-k100-e200000-g750-w4,hot,7,117,45008,weak,4,64,64,100,0.20000000000000001,0.20000000000000001,20,750,0.148118166,432.08744564120514,64,0,20,1,7372.2294999999995,16132.154399999999,18156.41124999999,0,0,0,41.978999999999999,6760.670549999998,13371.508919999998,64,0,3,3,0,60,3,48,3,3,0,1
stable-hot-k100-for-e200000-g750-w4,hot,7,117,45008,stable,4,64,64,100,0,0.20000000000000001,0,750,0.1781105,359.32749613301854,0,64,0,0,0,0,0,10817.625,13653.768749999994,13845.947619999999,42.771000000000001,10019.525,11641.966959999996,64,0,16,16,0,64,0,48,0,0,0,1
strict-hot-k20-e200000-g750-w4,hot,8,100,45009,weak,4,64,64,20,0.20000000000000001,0.20000000000000001,4,750,0.16894779200000001,378.81524962457036,64,0,4,1,10508.916499999999,12712.57955,13281.17434,0,0,0,13.8545,9805.8535999999986,10284.293159999999,64,0,15,15,0,60,15,48,15,15,0,1
stable-hot-k20-for-e200000-g750-w4,hot,8,100,45009,stable,4,64,64,20,0,0.20000000000000001,0,750,0.17706949999999999,361.43999954820003,0,64,0,0,0,0,0,10793.541499999999,13654.831249999994,13837.71521,14.666499999999999,9647.8624499999969,10239.979459999997,64,0,16,16,0,64,0,48,0,0,0,1
stable-random-k20-for-e200000-g750-w4,random,8,100,9009,stable,4,64,64,20,0,0.20000000000000001,0,750,0.18121679199999999,353.16815452731339,0,64,0,0,0,0,0,10870.8125,12698.154449999995,12885.53908,13.458500000000001,9854.6356999999989,10471.640289999998,64,0,16,16,0,64,0,48,0,0,0,1
strict-random-k20-e200000-g750-w4,random,8,100,9009,weak,4,64,64,20,0.20000000000000001,0.20000000000000001,4,750,0.163990417,390.26670686495055,64,0,4,1,10422.541999999999,11709.729499999999,11797.99821,0,0,0,14.791499999999999,9707.7250000000004,10306.394249999999,64,0,15,15,0,60,15,48,15,15,0,1
stable-hot-k50-for-e200000-g750-w4,hot,8,100,45009,stable,4,64,64,50,0,0.20000000000000001,0,750,0.17229412499999999,371.45781958612923,0,64,0,0,0,0,0,10796.145499999999,12866.3874,12893.54975,27.833500000000001,9858.0286999999989,11956.02017,64,0,16,16,0,64,0,48,0,0,0,1
strict-hot-k50-e200000-g750-w4,hot,8,100,45009,weak,4,64,64,50,0.20000000000000001,0.20000000000000001,10,750,0.125847083,508.55370243265793,64,0,10,1,5970.8125,12140.840999999997,13305.705539999999,0,0,0,25.332999999999998,8025.4401499999976,9818.8374599999988,64,0,6,6,0,60,6,48,6,6,0,1
strict-hot-k10-e200000-g750-w4,hot,8,100,45009,weak,4,64,64,10,0.20000000000000001,0.20000000000000001,2,750,0.27383066700000003,233.72108281794453,64,0,2,1,16815.270499999999,26706.741949999956,28878.306039999999,0,0,0,10.6875,16210.53125,16911.837119999997,64,0,31,31,0,62,31,48,31,31,0,1
stable-hot-k10-for-e200000-g750-w4,hot,8,100,45009,stable,4,64,64,10,0,0.20000000000000001,0,750,0.18416299999999999,347.51823113220354,0,64,0,0,0,0,0,10867.270499999999,14654.520549999996,14830.489079999999,10.333500000000001,9904.1160499999987,12281.730959999997,64,0,16,16,0,64,0,48,0,0,0,1
strict-random-k50-e200000-g750-w4,random,8,100,9009,weak,4,64,64,50,0.20000000000000001,0.20000000000000001,10,750,0.124459583,514.22315949748929,64,0,10,1,5960.6875,12480.583050000001,12616.572829999999,0,0,0,30.125,9605.6623999999774,11170.724879999998,64,0,6,6,0,60,6,48,6,6,0,1
stable-random-k50-for-e200000-g750-w4,random,8,100,9009,stable,4,64,64,50,0,0.20000000000000001,0,750,0.13512320799999999,473.64180400453489,0,64,0,0,0,0,0,7910.5830000000005,12601.083049999988,12943.9655,28.333500000000001,6970.3044499999996,7922.5437899999997,64,0,16,16,0,64,0,48,0,0,0,1
stable-hot-k100-for-e200000-g750-w4,hot,8,100,45009,stable,4,64,64,100,0,0.20000000000000001,0,750,0.18216829200000001,351.32348938090718,0,64,0,0,0,0,0,10854.978999999999,14661.960699999994,14845.87875,41.125,9946.4313000000002,11773.807079999995,64,0,16,16,0,64,0,48,0,0,0,1
strict-hot-k100-e200000-g750-w4,hot,8,100,45009,weak,4,64,64,100,0.20000000000000001,0.20000000000000001,20,750,0.116774958,548.06271049996872,64,0,20,1,6043.8539999999994,11238.0455,11445.53283,0,0,0,41.5,8308.0480999999872,10181.972750000001,64,0,3,3,0,60,3,48,3,3,0,1
strict-random-k10-e200000-g750-w4,random,8,100,9009,weak,4,64,64,10,0.20000000000000001,0.20000000000000001,2,750,0.26617479199999999,240.44350525875493,64,0,2,1,16819.125,19549.646349999995,20284.938459999998,0,0,0,13.624500000000001,16925.228649999997,18053.325919999996,64,0,31,31,0,62,31,48,31,31,0,1
stable-random-k10-for-e200000-g750-w4,random,8,100,9009,stable,4,64,64,10,0,0.20000000000000001,0,750,0.13019470899999999,491.57143551816688,0,64,0,0,0,0,0,6931.6039999999994,12653.116949999994,12829.659460000001,11.375,5953.3517999999995,6509.8727099999987,64,0,16,16,0,64,0,48,0,0,0,1
stable-random-k100-for-e200000-g750-w4,random,8,100,9009,stable,4,64,64,100,0,0.20000000000000001,0,750,0.18418433300000001,347.47798011679959,0,64,0,0,0,0,0,10870.3125,12854.823249999999,12886.752500000001,45.25,10907.593699999999,11929.598919999999,64,0,16,16,0,64,0,48,0,0,0,1
strict-random-k100-e200000-g750-w4,random,8,100,9009,weak,4,64,64,100,0.20000000000000001,0.20000000000000001,20,750,0.1131505,565.61835785082701,64,0,20,1,6119.2494999999999,12532.008099999999,12870.87571,0,0,0,43.021000000000001,5489.9830499999989,11373.969709999998,64,0,3,3,0,60,3,48,3,3,0,1
strict-random-k100-e200000-g750-w4,random,9,117,9010,weak,4,64,64,100,0.20000000000000001,0.20000000000000001,20,750,0.11054491700000001,578.95018366154272,64,0,20,1,5448.375,12600.091149999998,12685.05342,0,0,0,42.271000000000001,4803.6375999999991,11817.12191,64,0,3,3,0,60,3,48,3,3,0,1
stable-random-k100-for-e200000-g750-w4,random,9,117,9010,stable,4,64,64,100,0,0.20000000000000001,0,750,0.179130916,357.28059359669663,0,64,0,0,0,0,0,10870.353499999999,12659.203699999995,12835.235250000002,42.520499999999998,10011.668799999999,10936.131960000001,64,0,16,16,0,64,0,48,0,0,0,1
stable-random-k10-for-e200000-g750-w4,random,9,117,9010,stable,4,64,64,10,0,0.20000000000000001,0,750,0.175035792,365.63950303375668,0,64,0,0,0,0,0,10853,11892.358900000001,11924.72717,10.916499999999999,9871.8186999999998,10270.048159999997,64,0,16,16,0,64,0,48,0,0,0,1
strict-random-k10-e200000-g750-w4,random,9,117,9010,weak,4,64,64,10,0.20000000000000001,0.20000000000000001,2,750,0.26474379199999998,241.74315671961065,64,0,2,1,16826.4375,19449.787549999997,19867.31712,0,0,0,11.416499999999999,16229.681299999998,17765.080499999993,64,0,31,31,0,62,31,48,31,31,0,1
strict-hot-k100-e200000-g750-w4,hot,9,117,45010,weak,4,64,64,100,0.20000000000000001,0.20000000000000001,20,750,0.12077675,529.90331334466282,64,0,20,1,5759.0210000000006,14092.307999999999,15609.113959999991,0,0,0,40.771000000000001,5379.7249000000002,12467.111249999996,64,0,3,3,0,60,3,48,3,3,0,1
stable-hot-k100-for-e200000-g750-w4,hot,9,117,45010,stable,4,64,64,100,0,0.20000000000000001,0,750,0.20464733299999999,312.73312513679326,0,64,0,0,0,0,0,11360.125,24885.685699999933,26774.123579999999,40.895499999999998,9950.8347999999987,11588.462289999996,64,0,16,16,0,64,0,48,0,0,0,1
strict-hot-k20-e200000-g750-w4,hot,9,117,45010,weak,4,64,64,20,0.20000000000000001,0.20000000000000001,4,750,0.17876620800000001,358.00949584386774,64,0,4,1,11175.333500000001,12804.864250000001,12900.46358,0,0,0,15.458500000000001,10857.087399999995,12041.774789999999,64,0,15,15,0,60,15,48,15,15,0,1
stable-hot-k20-for-e200000-g750-w4,hot,9,117,45010,stable,4,64,64,20,0,0.20000000000000001,0,750,0.200018375,319.97060270087684,0,64,0,0,0,0,0,11854.396000000001,18009.75174999997,18794.212,15.228999999999999,11605.101799999999,12304.137289999999,64,0,16,16,0,64,0,48,0,0,0,1
stable-random-k20-for-e200000-g750-w4,random,9,117,9010,stable,4,64,64,20,0,0.20000000000000001,0,750,0.183185291,349.37302908234045,0,64,0,0,0,0,0,11367.166499999999,14913.493649999999,14979.92375,15.396000000000001,9952.829499999998,13905.723329999999,64,0,16,16,0,64,0,48,0,0,0,1
strict-random-k20-e200000-g750-w4,random,9,117,9010,weak,4,64,64,20,0.20000000000000001,0.20000000000000001,4,750,0.119975875,533.44057711602443,64,0,4,1,7468.0625,9630.5606999999927,10883.100710000001,0,0,0,15.166499999999999,6710.6124499999996,8273.7148299999953,64,0,15,15,0,60,15,48,15,15,0,1
strict-hot-k10-e200000-g750-w4,hot,9,117,45010,weak,4,64,64,10,0.20000000000000001,0.20000000000000001,2,750,0.26782887500000002,238.95855142579379,64,0,2,1,16388.167000000001,23803.993749999972,24823.911669999998,0,0,0,11.9375,15548.204449999997,16260.296249999999,64,0,31,31,0,62,31,48,31,31,0,1
stable-hot-k10-for-e200000-g750-w4,hot,9,117,45010,stable,4,64,64,10,0,0.20000000000000001,0,750,0.17712254199999999,361.33176092289824,0,64,0,0,0,0,0,10782.313,13886.84015,13956.79542,10.792,10062.829499999998,13037.500539999999,64,0,16,16,0,64,0,48,0,0,0,1
stable-hot-k50-for-e200000-g750-w4,hot,9,117,45010,stable,4,64,64,50,0,0.20000000000000001,0,750,0.17727004099999999,361.03111185042263,0,64,0,0,0,0,0,10862.603999999999,12977.408099999999,13013.45637,25.916499999999999,10768.834849999996,11920.575870000001,64,0,16,16,0,64,0,48,0,0,0,1
strict-hot-k50-e200000-g750-w4,hot,9,117,45010,weak,4,64,64,50,0.20000000000000001,0.20000000000000001,10,750,0.1260975,507.54376573683061,64,0,10,1,6443.3539999999994,12497.104399999997,12929.96833,0,0,0,27.646000000000001,8919.6454999999878,11444.385749999998,64,0,6,6,0,60,6,48,6,6,0,1
strict-random-k50-e200000-g750-w4,random,9,117,9010,weak,4,64,64,50,0.20000000000000001,0.20000000000000001,10,750,0.12699395799999999,503.96098371861126,64,0,10,1,5907.7919999999995,16614.287499999973,17519.18375,0,0,0,29.6875,7974.393749999982,13847.133249999988,64,0,6,6,0,60,6,48,6,6,0,1
stable-random-k50-for-e200000-g750-w4,random,9,117,9010,stable,4,64,64,50,0,0.20000000000000001,0,750,0.124229916,515.17381690896423,0,64,0,0,0,0,0,7803.9585000000006,8858.0036499999987,8879.9369999999999,28.666499999999999,6939.8349500000004,7301.8107499999978,64,0,16,16,0,64,0,48,0,0,0,1
stable-random-k10-for-e200000-g750-w4,random,10,100,9011,stable,4,64,64,10,0,0.20000000000000001,0,750,0.18822012499999999,340.02740142691971,0,64,0,0,0,0,0,10922.957999999999,16527.351849999988,16865.901249999999,12.728999999999999,10780.214349999995,14647.390829999995,64,0,16,16,0,64,0,48,0,0,0,1
strict-random-k10-e200000-g750-w4,random,10,100,9011,weak,4,64,64,10,0.20000000000000001,0.20000000000000001,2,750,0.28455633400000002,224.91152841461613,64,0,2,1,16906.146000000001,30098.820549999931,32657.143500000002,0,0,0,13.6045,16414.783100000001,17469.099999999999,64,0,31,31,0,62,31,48,31,31,0,1
stable-random-k50-for-e200000-g750-w4,random,10,100,9011,stable,4,64,64,50,0,0.20000000000000001,0,750,0.17715645799999999,361.26258518896333,0,64,0,0,0,0,0,10800.8125,15431.439299999985,15881.606670000001,29.000500000000002,9897.9169999999995,12355.734079999989,64,0,16,16,0,64,0,48,0,0,0,1
strict-random-k50-e200000-g750-w4,random,10,100,9011,weak,4,64,64,50,0.20000000000000001,0.20000000000000001,10,750,0.12627150000000001,506.84437897704544,64,0,10,1,6027,12995.65625,13559.82533,0,0,0,28.645499999999998,8523.9456499999924,10856.494999999995,64,0,6,6,0,60,6,48,6,6,0,1
stable-hot-k100-for-e200000-g750-w4,hot,10,100,45011,stable,4,64,64,100,0,0.20000000000000001,0,750,0.17512166600000001,365.46020524953207,0,64,0,0,0,0,0,10831.6875,11912.562400000001,11923.037330000001,43.728999999999999,10101.723199999999,10900.63646,64,0,16,16,0,64,0,48,0,0,0,1
strict-hot-k100-e200000-g750-w4,hot,10,100,45011,weak,4,64,64,100,0.20000000000000001,0.20000000000000001,20,750,0.113155666,565.59253515418311,64,0,20,1,5454.6044999999995,12584.445599999997,16398.844789999999,0,0,0,41.146000000000001,5516.8624999999975,12314.840419999988,64,0,3,3,0,60,3,48,3,3,0,1
strict-hot-k10-e200000-g750-w4,hot,10,100,45011,weak,4,64,64,10,0.20000000000000001,0.20000000000000001,2,750,0.257911208,248.14741668768423,64,0,2,1,16178.083500000001,18640.310799999999,19243.651249999999,0,0,0,11.7705,15928.841899999996,16786.450000000001,64,0,31,31,0,62,31,48,31,31,0,1
stable-hot-k10-for-e200000-g750-w4,hot,10,100,45011,stable,4,64,64,10,0,0.20000000000000001,0,750,0.17315291599999999,369.61549062217352,0,64,0,0,0,0,0,10789.728499999999,13664.910649999994,13823.27054,10.583500000000001,9722.189249999994,11058.218959999993,64,0,16,16,0,64,0,48,0,0,0,1
stable-random-k20-for-e200000-g750-w4,random,10,100,9011,stable,4,64,64,20,0,0.20000000000000001,0,750,0.178130917,359.28631075311876,0,64,0,0,0,0,0,10787.395500000001,12884.322349999999,12923.629499999999,14.3125,9846.4017999999996,11970.07754,64,0,16,16,0,64,0,48,0,0,0,1
strict-random-k20-e200000-g750-w4,random,10,100,9011,weak,4,64,64,20,0.20000000000000001,0.20000000000000001,4,750,0.16072908299999999,398.18556048129761,64,0,4,1,10131.875,11751.600049999999,11829.44908,0,0,0,14.375499999999999,9412.7018499999995,10219.298999999999,64,0,15,15,0,60,15,48,15,15,0,1
strict-hot-k50-e200000-g750-w4,hot,10,100,45011,weak,4,64,64,50,0.20000000000000001,0.20000000000000001,10,750,0.12642241600000001,506.23933654297508,64,0,10,1,6236.3955000000005,12308.241849999997,12756.68125,0,0,0,27.4375,8975.8562499999789,10549.062329999999,64,0,6,6,0,60,6,48,6,6,0,1
stable-hot-k50-for-e200000-g750-w4,hot,10,100,45011,stable,4,64,64,50,0,0.20000000000000001,0,750,0.13014758300000001,491.74943187381353,0,64,0,0,0,0,0,7651.5625,10828.27945,10848.93154,25.896000000000001,6917.2455499999996,9951.936459999999,64,0,16,16,0,64,0,48,0,0,0,1
strict-random-k100-e200000-g750-w4,random,10,100,9011,weak,4,64,64,100,0.20000000000000001,0.20000000000000001,20,750,0.111111083,576.00014572803684,64,0,20,1,5653.25,11483.922349999999,11687.69196,0,0,0,43.979500000000002,5043.4544999999998,10747.668460000001,64,0,3,3,0,60,3,48,3,3,0,1
stable-random-k100-for-e200000-g750-w4,random,10,100,9011,stable,4,64,64,100,0,0.20000000000000001,0,750,0.17610104100000001,363.42772102068375,0,64,0,0,0,0,0,10842.291499999999,12676.337499999994,12845.02533,44.208500000000001,10704.995549999996,11273.661249999997,64,0,16,16,0,64,0,48,0,0,0,1
stable-hot-k20-for-e200000-g750-w4,hot,10,100,45011,stable,4,64,64,20,0,0.20000000000000001,0,750,0.12603824999999999,507.78235972016438,0,64,0,0,0,0,0,7348.3744999999999,10679.974999999995,10857.576080000001,12.666499999999999,6864.4392499999994,9249.6029999999973,64,0,16,16,0,64,0,48,0,0,0,1
strict-hot-k20-e200000-g750-w4,hot,10,100,45011,weak,4,64,64,20,0.20000000000000001,0.20000000000000001,4,750,0.164747167,388.47405491349053,64,0,4,1,9884,12944.039200000001,13784.97604,0,0,0,13,9737.2187999999987,10995.717209999997,64,0,15,15,0,60,15,48,15,15,0,1
stable-random-k50-for-e200000-g750-w4,random,11,117,9012,stable,4,64,64,50,0,0.20000000000000001,0,750,0.17115808299999999,373.92332794472816,0,64,0,0,0,0,0,10778.563,12666.131199999994,12852.18967,29.166499999999999,9916.3097499999985,11403.444459999999,64,0,16,16,0,64,0,48,0,0,0,1
strict-random-k50-e200000-g750-w4,random,11,117,9012,weak,4,64,64,50,0.20000000000000001,0.20000000000000001,10,750,0.122558875,522.1980048364511,64,0,10,1,6226.2505000000001,11612.384749999999,11796.84087,0,0,0,29.521000000000001,8574.1080999999904,9525.0291699999998,64,0,6,6,0,60,6,48,6,6,0,1
stable-hot-k50-for-e200000-g750-w4,hot,11,117,45012,stable,4,64,64,50,0,0.20000000000000001,0,750,0.179105708,357.3308785893077,0,64,0,0,0,0,0,10861.5625,13644.204499999987,13968.101999999999,27.646000000000001,9983.0624499999994,11737.724459999996,64,0,16,16,0,64,0,48,0,0,0,1
strict-hot-k50-e200000-g750-w4,hot,11,117,45012,weak,4,64,64,50,0.20000000000000001,0.20000000000000001,10,750,0.121667917,526.02199148358886,64,0,10,1,5599.0210000000006,11713.768699999999,12561.263370000001,0,0,0,25.6875,8934.4375499999751,11167.833039999996,64,0,6,6,0,60,6,48,6,6,0,1
stable-random-k100-for-e200000-g750-w4,random,11,117,9012,stable,4,64,64,100,0,0.20000000000000001,0,750,0.17822470800000001,359.09723583331663,0,64,0,0,0,0,0,10845.020500000001,13675.196399999995,13862.147290000001,41.603999999999999,10714.337499999994,12246.969959999997,64,0,16,16,0,64,0,48,0,0,0,1
strict-random-k100-e200000-g750-w4,random,11,117,9012,weak,4,64,64,100,0.20000000000000001,0.20000000000000001,20,750,0.108712041,588.71123576826233,64,0,20,1,5511.8959999999997,11615.3081,15161.614669999999,0,0,0,41,4999.735749999998,12058.52737999999,64,0,3,3,0,60,3,48,3,3,0,1
strict-hot-k100-e200000-g750-w4,hot,11,117,45012,weak,4,64,64,100,0.20000000000000001,0.20000000000000001,20,750,0.121064666,528.64309723532381,64,0,20,1,6016.0209999999997,14444.062399999992,15128.830749999999,0,0,0,42.271000000000001,6275.8168499999965,11961.491749999999,64,0,3,3,0,60,3,48,3,3,0,1
stable-hot-k100-for-e200000-g750-w4,hot,11,117,45012,stable,4,64,64,100,0,0.20000000000000001,0,750,0.131180459,487.87754279774248,0,64,0,0,0,0,0,6938.375,12618.362449999995,12832.262500000001,46.104500000000002,6856.7545500000006,10615.903789999995,64,0,16,16,0,64,0,48,0,0,0,1
strict-random-k20-e200000-g750-w4,random,11,117,9012,weak,4,64,64,20,0.20000000000000001,0.20000000000000001,4,750,0.113333167,564.70671114308493,64,0,4,1,6957.8335000000006,10410.945599999997,10742.67842,0,0,0,16.707999999999998,7092.7401999999984,9108.0954199999978,64,0,15,15,0,60,15,48,15,15,0,1
stable-random-k20-for-e200000-g750-w4,random,11,117,9012,stable,4,64,64,20,0,0.20000000000000001,0,750,0.17221729199999999,371.62354172889911,0,64,0,0,0,0,0,10814.042000000001,13552.373299999988,13891.56583,14.75,9990.9294499999996,11687.995749999995,64,0,16,16,0,64,0,48,0,0,0,1
strict-random-k10-e200000-g750-w4,random,11,117,9012,weak,4,64,64,10,0.20000000000000001,0.20000000000000001,2,750,0.24379166599999999,262.5192282003602,64,0,2,1,14873.021000000001,19649.562499999993,19969.207829999999,0,0,0,11.562000000000001,14218.201800000001,15759.872709999998,64,0,31,31,0,62,31,48,31,31,0,1
stable-random-k10-for-e200000-g750-w4,random,11,117,9012,stable,4,64,64,10,0,0.20000000000000001,0,750,0.17910079100000001,357.34068868517727,0,64,0,0,0,0,0,10817.478999999999,15378.829449999983,15857.143959999999,11.521000000000001,9956.2000000000007,11226.900329999997,64,0,16,16,0,64,0,48,0,0,0,1
stable-hot-k10-for-e200000-g750-w4,hot,11,117,45012,stable,4,64,64,10,0,0.20000000000000001,0,750,0.187052834,342.14932022895732,0,64,0,0,0,0,0,10872.708500000001,14625.308099999995,14795.89092,10.666499999999999,9966.7268000000004,11215.868749999996,64,0,16,16,0,64,0,48,0,0,0,1
strict-hot-k10-e200000-g750-w4,hot,11,117,45012,weak,4,64,64,10,0.20000000000000001,0.20000000000000001,2,750,0.25539954199999998,250.58776338761018,64,0,2,1,15847.353999999999,18751.933049999996,18853.224829999999,0,0,0,10.896000000000001,15103.84015,17327.264169999999,64,0,31,31,0,62,31,48,31,31,0,1
stable-hot-k20-for-e200000-g750-w4,hot,11,117,45012,stable,4,64,64,20,0,0.20000000000000001,0,750,0.18206387499999999,351.52497990059811,0,64,0,0,0,0,0,10871.813,13826.2937,13864.090920000001,14.0625,9940.3874999999989,11578.139669999995,64,0,16,16,0,64,0,48,0,0,0,1
strict-hot-k20-e200000-g750-w4,hot,11,117,45012,weak,4,64,64,20,0.20000000000000001,0.20000000000000001,4,750,0.17073279099999999,374.85476354685727,64,0,4,1,10790.6255,13662.58124999999,14521.602120000001,0,0,0,13.521000000000001,10296.633899999999,10726.371669999999,64,0,15,15,0,60,15,48,15,15,0,1
stable-random-k50-for-e200000-g750-w4,random,12,100,9013,stable,4,64,64,50,0,0.20000000000000001,0,750,0.18014749999999999,355.26443608709531,0,64,0,0,0,0,0,10841.75,13834.320600000001,13855.798000000001,29.583500000000001,10081.225049999999,11681.468959999995,64,0,16,16,0,64,0,48,0,0,0,1
strict-random-k50-e200000-g750-w4,random,12,100,9013,weak,4,64,64,50,0.20000000000000001,0.20000000000000001,10,750,0.12945899999999999,494.36501131632411,64,0,10,1,5869.0830000000005,12147.423199999999,14731.986459999998,0,0,0,28.5,8543.8124499999758,12148.564999999991,64,0,6,6,0,60,6,48,6,6,0,1
strict-random-k10-e200000-g750-w4,random,12,100,9013,weak,4,64,64,10,0.20000000000000001,0.20000000000000001,2,750,0.25421025000000003,251.76010802082132,64,0,2,1,15439.083500000001,23174.960799999972,24720.501459999999,0,0,0,11.603999999999999,14617.951799999999,15968.428629999997,64,0,31,31,0,62,31,48,31,31,0,1
stable-random-k10-for-e200000-g750-w4,random,12,100,9013,stable,4,64,64,10,0,0.20000000000000001,0,750,0.18014770799999999,355.26402589590538,0,64,0,0,0,0,0,10813.415999999999,14500.537549999988,14824.916999999999,10.916499999999999,9934.4670499999993,11224.596419999998,64,0,16,16,0,64,0,48,0,0,0,1
stable-random-k20-for-e200000-g750-w4,random,12,100,9013,stable,4,64,64,20,0,0.20000000000000001,0,750,0.18119866600000001,353.20348329716728,0,64,0,0,0,0,0,10830.271000000001,13772.093800000001,13829.766500000002,14.500499999999999,10721.316099999995,12263.934999999998,64,0,16,16,0,64,0,48,0,0,0,1
strict-random-k20-e200000-g750-w4,random,12,100,9013,weak,4,64,64,20,0.20000000000000001,0.20000000000000001,4,750,0.172807084,370.35518752228933,64,0,4,1,10754.667000000001,13607.253649999999,13791.19946,0,0,0,14.958500000000001,10232.093799999999,11646.688419999997,64,0,15,15,0,60,15,48,15,15,0,1
stable-hot-k50-for-e200000-g750-w4,hot,12,100,45013,stable,4,64,64,50,0,0.20000000000000001,0,750,0.17619158400000001,363.24095934116804,0,64,0,0,0,0,0,10847.583500000001,11905.678599999999,11922.83446,26.686999999999998,10005.873249999999,11004.09283,64,0,16,16,0,64,0,48,0,0,0,1
strict-hot-k50-e200000-g750-w4,hot,12,100,45013,weak,4,64,64,50,0.20000000000000001,0.20000000000000001,10,750,0.13004966700000001,492.1196760926731,64,0,10,1,6134.2919999999995,13574.4589,14046.224459999999,0,0,0,27.5625,9155.1437999999853,11155.219999999992,64,0,6,6,0,60,6,48,6,6,0,1
strict-hot-k20-e200000-g750-w4,hot,12,100,45013,weak,4,64,64,20,0.20000000000000001,0.20000000000000001,4,750,0.17306150000000001,369.81073202300917,64,0,4,1,10887.0625,13180.90885,13281.152789999998,0,0,0,13.792,9607.4081499999975,11560.071459999996,64,0,15,15,0,60,15,48,15,15,0,1
stable-hot-k20-for-e200000-g750-w4,hot,12,100,45013,stable,4,64,64,20,0,0.20000000000000001,0,750,0.17820287500000001,359.14123158787419,0,64,0,0,0,0,0,10846.875,12760.575049999994,12942.640379999999,16.541499999999999,10514.342049999997,11351.570749999997,64,0,16,16,0,64,0,48,0,0,0,1
stable-hot-k10-for-e200000-g750-w4,hot,12,100,45013,stable,4,64,64,10,0,0.20000000000000001,0,750,0.13313383400000001,480.71927380984158,0,64,0,0,0,0,0,6855.0834999999997,15778.337599999968,16670.197459999999,10.1875,6716.2312499999944,12020.110749999983,64,0,16,16,0,64,0,48,0,0,0,1
strict-hot-k10-e200000-g750-w4,hot,12,100,45013,weak,4,64,64,10,0.20000000000000001,0.20000000000000001,2,750,0.27380079200000002,233.74658463369235,64,0,2,1,16682.354500000001,21850.373200000002,23957.679339999999,0,0,0,11.978999999999999,15691.566999999997,18170.41499999999,64,0,31,31,0,62,31,48,31,31,0,1
stable-hot-k100-for-e200000-g750-w4,hot,12,100,45013,stable,4,64,64,100,0,0.20000000000000001,0,750,0.185118583,345.72434038132195,0,64,0,0,0,0,0,10885.771000000001,13852.3349,13912.898499999999,47.5,10814.049999999999,12391.241629999997,64,0,16,16,0,64,0,48,0,0,0,1
strict-hot-k100-e200000-g750-w4,hot,12,100,45013,weak,4,64,64,100,0.20000000000000001,0.20000000000000001,20,750,0.1110525,576.30400036019,64,0,20,1,5795.0204999999996,12166.391949999994,12480.804620000001,0,0,0,42.895499999999998,5102.90985,10735.239669999997,64,0,3,3,0,60,3,48,3,3,0,1
strict-random-k100-e200000-g750-w4,random,12,100,9013,weak,4,64,64,100,0.20000000000000001,0.20000000000000001,20,750,0.1102445,580.52782678500967,64,0,20,1,5468.8125,10586.5581,13087.026040000001,0,0,0,43.417000000000002,4694.2027499999995,10175.882169999992,64,0,3,3,0,60,3,48,3,3,0,1
stable-random-k100-for-e200000-g750-w4,random,12,100,9013,stable,4,64,64,100,0,0.20000000000000001,0,750,0.17122562499999999,373.77582940637535,0,64,0,0,0,0,0,10817.791499999999,11853.84375,11888.26017,46.791499999999999,9983.9688000000006,10833.671249999999,64,0,16,16,0,64,0,48,0,0,0,1
strict-hot-k50-e200000-g750-w4,hot,13,117,45014,weak,4,64,64,50,0.20000000000000001,0.20000000000000001,10,750,0.119742,534.48247064522059,64,0,10,1,5589.5625,10756.7143,11857.10333,0,0,0,29.104500000000002,8816.2411999999731,10361.080209999996,64,0,6,6,0,60,6,48,6,6,0,1
stable-hot-k50-for-e200000-g750-w4,hot,13,117,45014,stable,4,64,64,50,0,0.20000000000000001,0,750,0.16522520800000001,387.35009490803606,0,64,0,0,0,0,0,9860.5210000000006,12513.63749999999,12830.568959999999,27.666499999999999,9095.3436999999994,10719.192119999996,64,0,16,16,0,64,0,48,0,0,0,1
strict-random-k10-e200000-g750-w4,random,13,117,9014,weak,4,64,64,10,0.20000000000000001,0.20000000000000001,2,750,0.24752850000000001,258.55608546086609,64,0,2,1,14763.353999999999,27247.547299999937,29832.132170000001,0,0,0,12.6045,14060.291999999998,15160.138749999996,64,0,31,31,0,62,31,48,31,31,0,1
stable-random-k10-for-e200000-g750-w4,random,13,117,9014,stable,4,64,64,10,0,0.20000000000000001,0,750,0.18613850000000001,343.82999755558359,0,64,0,0,0,0,0,10839.5,14641.131249999995,14826.009669999999,10.917,9815.9402000000009,11457.446749999992,64,0,16,16,0,64,0,48,0,0,0,1
stable-random-k50-for-e200000-g750-w4,random,13,117,9014,stable,4,64,64,50,0,0.20000000000000001,0,750,0.16915674999999999,378.34730213248957,0,64,0,0,0,0,0,10762.896000000001,10978.308000000001,11056.12321,29.417000000000002,9908.9713000000011,10051.268749999999,64,0,16,16,0,64,0,48,0,0,0,1
strict-random-k50-e200000-g750-w4,random,13,117,9014,weak,4,64,64,50,0.20000000000000001,0.20000000000000001,10,750,0.124710666,513.18786157392503,64,0,10,1,6188.2505000000001,12293.909949999997,14348.708210000001,0,0,0,28.832999999999998,8249.6472999999805,10285.545539999994,64,0,6,6,0,60,6,48,6,6,0,1
strict-hot-k10-e200000-g750-w4,hot,13,117,45014,weak,4,64,64,10,0.20000000000000001,0.20000000000000001,2,750,0.26154487500000001,244.69988180804535,64,0,2,1,16020.791499999999,22034.787499999977,24132.008919999993,0,0,0,11.521000000000001,15233.4643,16837.32375,64,0,31,31,0,62,31,48,31,31,0,1
stable-hot-k10-for-e200000-g750-w4,hot,13,117,45014,stable,4,64,64,10,0,0.20000000000000001,0,750,0.20514470800000001,311.97490115124003,0,64,0,0,0,0,0,12756.8125,15634.391099999993,15855.45304,13.2705,11852.546400000001,13700.386079999995,64,0,16,16,0,64,0,48,0,0,0,1
stable-random-k20-for-e200000-g750-w4,random,13,117,9014,stable,4,64,64,20,0,0.20000000000000001,0,750,0.147176792,434.85116865436231,0,64,0,0,0,0,0,8859.9585000000006,12396.820549999991,12689.112499999999,15.708,6803.5839999999998,7882.941749999999,64,0,16,16,0,64,0,48,0,0,0,1
strict-random-k20-e200000-g750-w4,random,13,117,9014,weak,4,64,64,20,0.20000000000000001,0.20000000000000001,4,750,0.175249666,365.19327802884374,64,0,4,1,11035.229500000001,12643.220650000001,12766.6,0,0,0,15.5,10438.033100000001,11488.491750000001,64,0,15,15,0,60,15,48,15,15,0,1
strict-hot-k100-e200000-g750-w4,hot,13,117,45014,weak,4,64,64,100,0.20000000000000001,0.20000000000000001,20,750,0.10695379200000001,598.38925580123419,64,0,20,1,5451.2710000000006,11360.708899999996,13767.327380000001,0,0,0,42.833500000000001,4981.516999999998,10574.72520999999,64,0,3,3,0,60,3,48,3,3,0,1
stable-hot-k100-for-e200000-g750-w4,hot,13,117,45014,stable,4,64,64,100,0,0.20000000000000001,0,750,0.18019991599999999,355.16109785533973,0,64,0,0,0,0,0,10867.083500000001,13538.358899999997,13686.42404,42.541499999999999,9926.0856999999996,11300.322459999998,64,0,16,16,0,64,0,48,0,0,0,1
stable-random-k100-for-e200000-g750-w4,random,13,117,9014,stable,4,64,64,100,0,0.20000000000000001,0,750,0.170157584,376.1219364750736,0,64,0,0,0,0,0,10708.270500000001,11684.529449999995,11856.10217,43.249499999999998,9882.1517499999991,10307.383749999997,64,0,16,16,0,64,0,48,0,0,0,1
strict-random-k100-e200000-g750-w4,random,13,117,9014,weak,4,64,64,100,0.20000000000000001,0.20000000000000001,20,750,0.11111600000000001,575.97465711508687,64,0,20,1,5677.5619999999999,11724.9499,12220.69875,0,0,0,43.228999999999999,6265.9232499999916,9751.7094599999964,64,0,3,3,0,60,3,48,3,3,0,1
stable-hot-k20-for-e200000-g750-w4,hot,13,117,45014,stable,4,64,64,20,0,0.20000000000000001,0,750,0.178040584,359.4686029562788,0,64,0,0,0,0,0,10854.707999999999,12642.887549999996,12815.21221,13.791499999999999,9870.6044499999989,10322.519129999997,64,0,16,16,0,64,0,48,0,0,0,1
strict-hot-k20-e200000-g750-w4,hot,13,117,45014,weak,4,64,64,20,0.20000000000000001,0.20000000000000001,4,750,0.13062958299999999,489.93496365980133,64,0,4,1,7957.6459999999997,10530.6705,10830.699620000001,0,0,0,14.353999999999999,7728.9391999999943,9561.6274999999987,64,0,15,15,0,60,15,48,15,15,0,1
stable-random-k20-for-e200000-g750-w4,random,14,100,9015,stable,4,64,64,20,0,0.20000000000000001,0,750,0.180171042,355.21801555657316,0,64,0,0,0,0,0,10869.708500000001,12888.8732,12907.81012,13.5625,9892.20435,11864.373959999999,64,0,16,16,0,64,0,48,0,0,0,1
strict-random-k20-e200000-g750-w4,random,14,100,9015,weak,4,64,64,20,0.20000000000000001,0.20000000000000001,4,750,0.17633995799999999,362.93532518591167,64,0,4,1,10847.625,13868.639299999999,14078.917289999999,0,0,0,17.542000000000002,10248.0455,11382.990249999999,64,0,15,15,0,60,15,48,15,15,0,1
strict-random-k50-e200000-g750-w4,random,14,100,9015,weak,4,64,64,50,0.20000000000000001,0.20000000000000001,10,750,0.12528658300000001,510.8288411058349,64,0,10,1,6090.2919999999995,12711.321299999991,13241.44434,0,0,0,30.020499999999998,8134.0811499999827,10922.758249999993,64,0,6,6,0,60,6,48,6,6,0,1
stable-random-k50-for-e200000-g750-w4,random,14,100,9015,stable,4,64,64,50,0,0.20000000000000001,0,750,0.170132542,376.17729828547442,0,64,0,0,0,0,0,10783.813,12709.784899999993,12917.68087,30.125500000000002,9938.7919499999989,11258.237709999996,64,0,16,16,0,64,0,48,0,0,0,1
stable-hot-k10-for-e200000-g750-w4,hot,14,100,45015,stable,4,64,64,10,0,0.20000000000000001,0,750,0.17325279199999999,369.40241632585065,0,64,0,0,0,0,0,10860.542000000001,11835.671350000001,11882.84071,10.041499999999999,9923.8999499999991,10855.78658,64,0,16,16,0,64,0,48,0,0,0,1
strict-hot-k10-e200000-g750-w4,hot,14,100,45015,weak,4,64,64,10,0.20000000000000001,0.20000000000000001,2,750,0.34177391699999998,187.25829215340622,64,0,2,1,16860.833500000001,60329.202649999897,77397.967669999998,0,0,0,14.083500000000001,19083.216949999998,45959.259249999865,64,0,31,31,0,62,31,48,31,31,0,1
strict-random-k100-e200000-g750-w4,random,14,100,9015,weak,4,64,64,100,0.20000000000000001,0.20000000000000001,20,750,0.11712025,546.44692100640157,64,0,20,1,5755.4375,12605.626850000001,15218.929669999992,0,0,0,43.229500000000002,5964.8231499999956,13484.429789999989,64,0,3,3,0,60,3,48,3,3,0,1
stable-random-k100-for-e200000-g750-w4,random,14,100,9015,stable,4,64,64,100,0,0.20000000000000001,0,750,0.17014304199999999,376.15408333888848,0,64,0,0,0,0,0,10337.353999999999,13364.881199999983,13843.05825,42.896000000000001,9872.3668999999991,9965.5244600000005,64,0,16,16,0,64,0,48,0,0,0,1
strict-hot-k100-e200000-g750-w4,hot,14,100,45015,weak,4,64,64,100,0.20000000000000001,0.20000000000000001,20,750,0.107654083,594.49672707722573,64,0,20,1,5549.1875,11341.298249999993,11997.364079999999,0,0,0,41.332999999999998,6243.0686999999998,9906.5452099999966,64,0,3,3,0,60,3,48,3,3,0,1
stable-hot-k100-for-e200000-g750-w4,hot,14,100,45015,stable,4,64,64,100,0,0.20000000000000001,0,750,0.17919429100000001,357.1542354549677,0,64,0,0,0,0,0,10884.478999999999,12666.348299999994,12833.08325,42.020499999999998,10026.260699999999,10888.88363,64,0,16,16,0,64,0,48,0,0,0,1
stable-hot-k50-for-e200000-g750-w4,hot,14,100,45015,stable,4,64,64,50,0,0.20000000000000001,0,750,0.175206,365.28429391687501,0,64,0,0,0,0,0,10730.938,12674.356199999995,12865.619499999999,29.458500000000001,9907.7285499999998,11299.731249999997,64,0,16,16,0,64,0,48,0,0,0,1
strict-hot-k50-e200000-g750-w4,hot,14,100,45015,weak,4,64,64,50,0.20000000000000001,0.20000000000000001,10,750,0.119030292,537.67825756488946,64,0,10,1,6240.7289999999994,10905.0376,11136.764669999999,0,0,0,28.5,8250.0955999999933,10166.564249999999,64,0,6,6,0,60,6,48,6,6,0,1
stable-hot-k20-for-e200000-g750-w4,hot,14,100,45015,stable,4,64,64,20,0,0.20000000000000001,0,750,0.16913091699999999,378.40509077355739,0,64,0,0,0,0,0,10792.479499999999,12527.547449999989,12828.59196,13.9795,9878.7973499999989,9922.3946699999997,64,0,16,16,0,64,0,48,0,0,0,1
strict-hot-k20-e200000-g750-w4,hot,14,100,45015,weak,4,64,64,20,0.20000000000000001,0.20000000000000001,4,750,0.17803966700000001,359.47045441283598,64,0,4,1,10654.6875,14512.326849999998,16070.199669999998,0,0,0,13.0625,9766.0437499999989,10408.098959999998,64,0,15,15,0,60,15,48,15,15,0,1
stable-random-k10-for-e200000-g750-w4,random,14,100,9015,stable,4,64,64,10,0,0.20000000000000001,0,750,0.13619795800000001,469.90425509903753,0,64,0,0,0,0,0,8791.2085000000006,10689.108949999994,10880.842920000001,11.209,8660.8330999999962,9278.4291699999976,64,0,16,16,0,64,0,48,0,0,0,1
strict-random-k10-e200000-g750-w4,random,14,100,9015,weak,4,64,64,10,0.20000000000000001,0.20000000000000001,2,750,0.25560945800000001,250.38197139011967,64,0,2,1,15973.937,18773.9313,19854.786790000002,0,0,0,11.916499999999999,15473.462499999994,17070.816749999994,64,0,31,31,0,62,31,48,31,31,0,1
strict-random-k20-e200000-g750-w4,random,15,117,9016,weak,4,64,64,20,0.20000000000000001,0.20000000000000001,4,750,0.16979354199999999,376.92835219845995,64,0,4,1,10651.6875,12784.937549999999,12896.074000000001,0,0,0,14.583500000000001,9698.6142500000005,9810.3005000000012,64,0,15,15,0,60,15,48,15,15,0,1
stable-random-k20-for-e200000-g750-w4,random,15,117,9016,stable,4,64,64,20,0,0.20000000000000001,0,750,0.18818641699999999,340.08830722357607,0,64,0,0,0,0,0,11846.832999999999,13621.531199999994,13805.0275,14.6875,10908.0581,11248.156629999998,64,0,16,16,0,64,0,48,0,0,0,1
strict-hot-k10-e200000-g750-w4,hot,15,117,45016,weak,4,64,64,10,0.20000000000000001,0.20000000000000001,2,750,0.26035816699999997,245.81521961629116,64,0,2,1,15871.271000000001,22251.95989999998,23734.365379999999,0,0,0,10.0205,15928.833149999995,16512.507079999999,64,0,31,31,0,62,31,48,31,31,0,1
stable-hot-k10-for-e200000-g750-w4,hot,15,117,45016,stable,4,64,64,10,0,0.20000000000000001,0,750,0.18610629100000001,343.88950344510386,0,64,0,0,0,0,0,10854.625,16874.789349999977,17481.425499999998,9.8960000000000008,9986.9330000000009,14185.462669999992,64,0,16,16,0,64,0,48,0,0,0,1
strict-random-k50-e200000-g750-w4,random,15,117,9016,weak,4,64,64,50,0.20000000000000001,0.20000000000000001,10,750,0.125276208,510.87114641911893,64,0,10,1,5807.2079999999996,13641.039299999989,14550.31983,0,0,0,28.667000000000002,8560.4857999999895,11259.26325,64,0,6,6,0,60,6,48,6,6,0,1
stable-random-k50-for-e200000-g750-w4,random,15,117,9016,stable,4,64,64,50,0,0.20000000000000001,0,750,0.17813116700000001,359.28580650908776,0,64,0,0,0,0,0,10802.083500000001,15502.860699999988,15841.835289999999,28.979500000000002,9878.1937999999991,10756.341039999996,64,0,16,16,0,64,0,48,0,0,0,1
stable-hot-k20-for-e200000-g750-w4,hot,15,117,45016,stable,4,64,64,20,0,0.20000000000000001,0,750,0.18402516599999999,347.77852068341565,0,64,0,0,0,0,0,10870.042000000001,14475.408899999989,14812.534830000001,16.478999999999999,10019.446400000001,11494.868959999991,64,0,16,16,0,64,0,48,0,0,0,1
strict-hot-k20-e200000-g750-w4,hot,15,117,45016,weak,4,64,64,20,0.20000000000000001,0.20000000000000001,4,750,0.164920334,388.06615562638865,64,0,4,1,10099.166499999999,13080.545549999999,13868.438039999999,0,0,0,14.542,10366.316949999997,11210.192289999997,64,0,15,15,0,60,15,48,15,15,0,1
stable-hot-k100-for-e200000-g750-w4,hot,15,117,45016,stable,4,64,64,100,0,0.20000000000000001,0,750,0.17510620800000001,365.49246729162223,0,64,0,0,0,0,0,10813.3125,12821.770550000001,12841.095960000001,41.021000000000001,9939.9910999999993,11254.221079999998,64,0,16,16,0,64,0,48,0,0,0,1
strict-hot-k100-e200000-g750-w4,hot,15,117,45016,weak,4,64,64,100,0.20000000000000001,0.20000000000000001,20,750,0.10648275,601.03631808908017,64,0,20,1,5449.7710000000006,11520.59995,11784.70429,0,0,0,40.729500000000002,4860.9919499999996,10104.962289999998,64,0,3,3,0,60,3,48,3,3,0,1
stable-random-k10-for-e200000-g750-w4,random,15,117,9016,stable,4,64,64,10,0,0.20000000000000001,0,750,0.12513179199999999,511.46074852024822,0,64,0,0,0,0,0,7796.1244999999999,10518.921499999989,10834.98496,11,6843.0829999999996,7954.5657099999999,64,0,16,16,0,64,0,48,0,0,0,1
strict-random-k10-e200000-g750-w4,random,15,117,9016,weak,4,64,64,10,0.20000000000000001,0.20000000000000001,2,750,0.25830225000000001,247.77174802000368,64,0,2,1,16361.021000000001,19133.454399999999,19826.77533,0,0,0,12.7705,16630.647349999999,17743.734669999994,64,0,31,31,0,62,31,48,31,31,0,1
strict-hot-k50-e200000-g750-w4,hot,15,117,45016,weak,4,64,64,50,0.20000000000000001,0.20000000000000001,10,750,0.12550425000000001,509.94289038020622,64,0,10,1,6323.5830000000005,11590.566949999999,14241.416459999993,0,0,0,26.667000000000002,8763.8794499999913,11323.010539999996,64,0,6,6,0,60,6,48,6,6,0,1
stable-hot-k50-for-e200000-g750-w4,hot,15,117,45016,stable,4,64,64,50,0,0.20000000000000001,0,750,0.17326949999999999,369.36679565647734,0,64,0,0,0,0,0,10766.707999999999,24143.145649999929,25965.25663,25.625,9589.0526999999893,10322.592499999997,64,0,16,16,0,64,0,48,0,0,0,1
strict-random-k100-e200000-g750-w4,random,15,117,9016,weak,4,64,64,100,0.20000000000000001,0.20000000000000001,20,750,0.11561745800000001,553.54962050800316,64,0,20,1,5863.4994999999999,12543.537549999999,13329.351839999999,0,0,0,44.6875,5473.8418499999989,11801.327999999998,64,0,3,3,0,60,3,48,3,3,0,1
stable-random-k100-for-e200000-g750-w4,random,15,117,9016,stable,4,64,64,100,0,0.20000000000000001,0,750,0.182127542,351.40209601027834,0,64,0,0,0,0,0,10833.083500000001,13894.0589,13914.86354,42.603999999999999,9965.4936999999991,12925.782619999998,64,0,16,16,0,64,0,48,0,0,0,1
strict-hot-k50-e200000-g750-w4,hot,16,100,45017,weak,4,64,64,50,0.20000000000000001,0.20000000000000001,10,750,0.13496070900000001,474.21209086860972,64,0,10,1,6548.125,13331.390149999999,13968.93592,0,0,0,27.854500000000002,9431.7276499999898,11674.525379999995,64,0,6,6,0,60,6,48,6,6,0,1
stable-hot-k50-for-e200000-g750-w4,hot,16,100,45017,stable,4,64,64,50,0,0.20000000000000001,0,750,0.19717024999999999,324.59257925574474,0,64,0,0,0,0,0,11848.104500000001,15669.398199999994,15833.75092,30.832999999999998,11695.683849999996,14228.120959999998,64,0,16,16,0,64,0,48,0,0,0,1
strict-random-k50-e200000-g750-w4,random,16,100,9017,weak,4,64,64,50,0.20000000000000001,0.20000000000000001,10,750,0.13649475,468.88250280688453,64,0,10,1,6691.5410000000002,13052.315149999997,13349.912829999999,0,0,0,31.708500000000001,9818.1062499999971,11228.580709999998,64,0,6,6,0,60,6,48,6,6,0,1
stable-random-k50-for-e200000-g750-w4,random,16,100,9017,stable,4,64,64,50,0,0.20000000000000001,0,750,0.185089375,345.77889735702007,0,64,0,0,0,0,0,11364.978999999999,13572.582999999995,13750.524289999999,29.958500000000001,10704.841949999995,11787.619079999995,64,0,16,16,0,64,0,48,0,0,0,1
strict-random-k100-e200000-g750-w4,random,16,100,9017,weak,4,64,64,100,0.20000000000000001,0.20000000000000001,20,750,0.113663917,563.06347422463011,64,0,20,1,5608.4375,12525.257949999994,13328.410119999997,0,0,0,43.417000000000002,6428.1464999999944,11109.814999999995,64,0,3,3,0,60,3,48,3,3,0,1
stable-random-k100-for-e200000-g750-w4,random,16,100,9017,stable,4,64,64,100,0,0.20000000000000001,0,750,0.17708974999999999,361.3986693188059,0,64,0,0,0,0,0,10831.667000000001,13860.681199999999,13908.71054,42.75,9961.1607999999997,12828.23417,64,0,16,16,0,64,0,48,0,0,0,1
strict-hot-k10-e200000-g750-w4,hot,16,100,45017,weak,4,64,64,10,0.20000000000000001,0.20000000000000001,2,750,0.25147158400000003,254.50191620855259,64,0,2,1,15802.833500000001,17883.200049999999,18133.882880000001,0,0,0,11.271000000000001,14594.298149999999,16968.954459999997,64,0,31,31,0,62,31,48,31,31,0,1
stable-hot-k10-for-e200000-g750-w4,hot,16,100,45017,stable,4,64,64,10,0,0.20000000000000001,0,750,0.1820215,351.60681567836764,0,64,0,0,0,0,0,10864.353999999999,13674.473249999994,13884.70125,10.458,9844.3937999999998,10928.52771,64,0,16,16,0,64,0,48,0,0,0,1
strict-random-k20-e200000-g750-w4,random,16,100,9017,weak,4,64,64,20,0.20000000000000001,0.20000000000000001,4,750,0.189336541,338.02244227119371,64,0,4,1,11405.604500000001,15394.029499999991,16290.621039999998,0,0,0,16.0215,10526.831149999998,14023.097829999995,64,0,15,15,0,60,15,48,15,15,0,1
stable-random-k20-for-e200000-g750-w4,random,16,100,9017,stable,4,64,64,20,0,0.20000000000000001,0,750,0.17216883399999999,371.72813750948677,0,64,0,0,0,0,0,10808.312,12757.628549999994,12947.57804,14.3125,9881.7964000000011,11274.553579999998,64,0,16,16,0,64,0,48,0,0,0,1
stable-hot-k100-for-e200000-g750-w4,hot,16,100,45017,stable,4,64,64,100,0,0.20000000000000001,0,750,0.18715300000000001,341.96619877853948,0,64,0,0,0,0,0,10871.603499999999,15585.262499999988,15942.643329999999,44.291499999999999,10859.6214,13716.268329999994,64,0,16,16,0,64,0,48,0,0,0,1
strict-hot-k100-e200000-g750-w4,hot,16,100,45017,weak,4,64,64,100,0.20000000000000001,0.20000000000000001,20,750,0.11689337499999999,547.50750416779397,64,0,20,1,6137.9375,12350.797349999997,13867.367709999991,0,0,0,45.25,5713.8267999999989,12894.57499999999,64,0,3,3,0,60,3,48,3,3,0,1
stable-hot-k20-for-e200000-g750-w4,hot,16,100,45017,stable,4,64,64,20,0,0.20000000000000001,0,750,0.13211524999999999,484.42552998234498,0,64,0,0,0,0,0,7347.875,10857.943649999999,10875.734499999999,15.833500000000001,8703.7606999999934,9986.7467899999992,64,0,16,16,0,64,0,48,0,0,0,1
strict-hot-k20-e200000-g750-w4,hot,16,100,45017,weak,4,64,64,20,0.20000000000000001,0.20000000000000001,4,750,0.17284645900000001,370.27081937501538,64,0,4,1,10812.146000000001,12688.21435,13474.211459999999,0,0,0,13.521000000000001,10686.739299999999,11282.660329999999,64,0,15,15,0,60,15,48,15,15,0,1
strict-random-k10-e200000-g750-w4,random,16,100,9017,weak,4,64,64,10,0.20000000000000001,0.20000000000000001,2,750,0.25220550000000003,253.7613176556419,64,0,2,1,15292.521000000001,18064.606199999998,20146.657499999998,0,0,0,11.500499999999999,15728.276799999998,16691.055749999996,64,0,31,31,0,62,31,48,31,31,0,1
stable-random-k10-for-e200000-g750-w4,random,16,100,9017,stable,4,64,64,10,0,0.20000000000000001,0,750,0.17419779099999999,367.39845914578791,0,64,0,0,0,0,0,10772.853999999999,13393.268749999985,13850.67654,10.291499999999999,9841.5312999999987,11075.104619999993,64,0,16,16,0,64,0,48,0,0,0,1
strict-random-k100-e200000-g750-w4,random,17,117,9018,weak,4,64,64,100,0.20000000000000001,0.20000000000000001,20,750,0.10761612500000001,594.70641597623035,64,0,20,1,5483.5,11016.80185,12186.487169999993,0,0,0,41.957999999999998,4857.2794999999996,11195.805119999992,64,0,3,3,0,60,3,48,3,3,0,1
stable-random-k100-for-e200000-g750-w4,random,17,117,9018,stable,4,64,64,100,0,0.20000000000000001,0,750,0.18219058299999999,351.28050498636367,0,64,0,0,0,0,0,10895.75,15243.191149999977,15850.17979,42.916499999999999,10653.434849999994,11027.35125,64,0,16,16,0,64,0,48,0,0,0,1
strict-hot-k10-e200000-g750-w4,hot,17,117,45018,weak,4,64,64,10,0.20000000000000001,0.20000000000000001,2,750,0.28868545800000001,221.69457527715164,64,0,2,1,17802.021000000001,27698.902649999949,30900.48387,0,0,0,11.187000000000001,17079.384849999999,18558.976749999994,64,0,31,31,0,62,31,48,31,31,0,1
stable-hot-k10-for-e200000-g750-w4,hot,17,117,45018,stable,4,64,64,10,0,0.20000000000000001,0,750,0.20233758399999999,316.30307496406601,0,64,0,0,0,0,0,11940.375,15663.864199999998,15740.97229,11.667,11691.471299999996,13535.015959999995,64,0,16,16,0,64,0,48,0,0,0,1
stable-random-k20-for-e200000-g750-w4,random,17,117,9018,stable,4,64,64,20,0,0.20000000000000001,0,750,0.22525516700000001,284.12222837045954,0,64,0,0,0,0,0,13831.457999999999,17669.997399999997,17866.455750000001,18.875,13028.001749999999,16197.875709999997,64,0,16,16,0,64,0,48,0,0,0,1
strict-random-k20-e200000-g750-w4,random,17,117,9018,weak,4,64,64,20,0.20000000000000001,0.20000000000000001,4,750,0.18124141699999999,353.12017009886875,64,0,4,1,11502.292000000001,14502.13569999999,15532.38379,0,0,0,15.978999999999999,10811.622299999997,11873.868419999999,64,0,15,15,0,60,15,48,15,15,0,1
stable-random-k50-for-e200000-g750-w4,random,17,117,9018,stable,4,64,64,50,0,0.20000000000000001,0,750,0.18913808300000001,338.37712101586646,0,64,0,0,0,0,0,11343.333500000001,16670.916149999994,16847.049080000001,29.666499999999999,11884.1901,14663.733749999994,64,0,16,16,0,64,0,48,0,0,0,1
strict-random-k50-e200000-g750-w4,random,17,117,9018,weak,4,64,64,50,0.20000000000000001,0.20000000000000001,10,750,0.12630749999999999,506.69991884884115,64,0,10,1,5761.4164999999994,14068.795599999996,14681.062459999999,0,0,0,28.646000000000001,9331.6999999999734,12020.518579999993,64,0,6,6,0,60,6,48,6,6,0,1
strict-hot-k100-e200000-g750-w4,hot,17,117,45018,weak,4,64,64,100,0.20000000000000001,0.20000000000000001,20,750,0.10873933400000001,588.56347234938914,64,0,20,1,5609.75,11469.723199999999,12434.019830000001,0,0,0,41.520499999999998,5522.0517499999996,10867.212749999997,64,0,3,3,0,60,3,48,3,3,0,1
stable-hot-k100-for-e200000-g750-w4,hot,17,117,45018,stable,4,64,64,100,0,0.20000000000000001,0,750,0.18610183299999999,343.89774118990005,0,64,0,0,0,0,0,10845.146000000001,14804.9751,14852.09462,41.978999999999999,9854.1981999999989,10960.234,64,0,16,16,0,64,0,48,0,0,0,1
strict-random-k10-e200000-g750-w4,random,17,117,9018,weak,4,64,64,10,0.20000000000000001,0.20000000000000001,2,750,0.26057145799999998,245.61400734841806,64,0,2,1,15968.978999999999,22398.534899999973,24243.469339999996,0,0,0,12.167,15721.831249999996,17092.074499999999,64,0,31,31,0,62,31,48,31,31,0,1
stable-random-k10-for-e200000-g750-w4,random,17,117,9018,stable,4,64,64,10,0,0.20000000000000001,0,750,0.17012350000000001,376.19729196730606,0,64,0,0,0,0,0,10806.875,11857.060799999999,11873.661750000001,11.666499999999999,10688.960749999995,10844.58958,64,0,16,16,0,64,0,48,0,0,0,1
stable-hot-k20-for-e200000-g750-w4,hot,17,117,45018,stable,4,64,64,20,0,0.20000000000000001,0,750,0.1702805,375.85043501751522,0,64,0,0,0,0,0,10788.791499999999,11703.397449999995,11878.805999999999,12.958500000000001,9854.79385,9952.8414599999996,64,0,16,16,0,64,0,48,0,0,0,1
strict-hot-k20-e200000-g750-w4,hot,17,117,45018,weak,4,64,64,20,0.20000000000000001,0.20000000000000001,4,750,0.127519875,501.88254968098107,64,0,4,1,7451.9585000000006,13185.898149999986,15288.620919999999,0,0,0,13.021000000000001,7008.6598999999997,10190.85608,64,0,15,15,0,60,15,48,15,15,0,1
stable-hot-k50-for-e200000-g750-w4,hot,17,117,45018,stable,4,64,64,50,0,0.20000000000000001,0,750,0.20382345800000001,313.99722400941698,0,64,0,0,0,0,0,12784.729500000001,15579.098149999989,15939.592500000001,27.25,11779.708099999994,13667.606909999995,64,0,16,16,0,64,0,48,0,0,0,1
strict-hot-k50-e200000-g750-w4,hot,17,117,45018,weak,4,64,64,50,0.20000000000000001,0.20000000000000001,10,750,0.12855920900000001,497.82509162762506,64,0,10,1,6534.0414999999994,11542.73935,11619.21125,0,0,0,32.604500000000002,9691.6624999999785,10671.501459999999,64,0,6,6,0,60,6,48,6,6,0,1
strict-random-k10-e200000-g750-w4,random,18,100,9019,weak,4,64,64,10,0.20000000000000001,0.20000000000000001,2,750,0.24591816699999999,260.24917467768864,64,0,2,1,14810.104499999999,16867.506249999999,19946.920209999982,0,0,0,12.1045,14262.996449999999,15568.565709999995,64,0,31,31,0,62,31,48,31,31,0,1
stable-random-k10-for-e200000-g750-w4,random,18,100,9019,stable,4,64,64,10,0,0.20000000000000001,0,750,0.174123167,367.55591517583645,0,64,0,0,0,0,0,10340.542000000001,14556.491099999988,14895.01375,11.7295,9837.6018999999997,11264.252619999996,64,0,16,16,0,64,0,48,0,0,0,1
stable-random-k50-for-e200000-g750-w4,random,18,100,9019,stable,4,64,64,50,0,0.20000000000000001,0,750,0.16406020800000001,390.10068791330553,0,64,0,0,0,0,0,9819.3744999999999,12635.804349999995,12775.306210000001,29.271000000000001,8916.0338499999998,11331.004749999996,64,0,16,16,0,64,0,48,0,0,0,1
strict-random-k50-e200000-g750-w4,random,18,100,9019,weak,4,64,64,50,0.20000000000000001,0.20000000000000001,10,750,0.119692625,534.70295266730091,64,0,10,1,5726.8960000000006,11424.8151,12117.893539999997,0,0,0,29.375500000000002,9693.0688499999724,11324.030709999997,64,0,6,6,0,60,6,48,6,6,0,1
stable-hot-k100-for-e200000-g750-w4,hot,18,100,45019,stable,4,64,64,100,0,0.20000000000000001,0,750,0.187209292,341.86337289283699,0,64,0,0,0,0,0,10878.167000000001,14667.379449999995,14848.146999999999,40.895499999999998,10887.064350000001,11966.415500000001,64,0,16,16,0,64,0,48,0,0,0,1
strict-hot-k100-e200000-g750-w4,hot,18,100,45019,weak,4,64,64,100,0.20000000000000001,0.20000000000000001,20,750,0.10980654099999999,582.8432388194434,64,0,20,1,5893.0209999999997,10543.229449999999,12122.303089999999,0,0,0,42.625,5552.4231499999978,10142.931419999995,64,0,3,3,0,60,3,48,3,3,0,1
stable-random-k100-for-e200000-g750-w4,random,18,100,9019,stable,4,64,64,100,0,0.20000000000000001,0,750,0.17370725000000001,368.43597489454237,0,64,0,0,0,0,0,10824.375,12640.532999999996,12811.194000000001,42.666499999999999,9935.7312000000002,10722.058419999999,64,0,16,16,0,64,0,48,0,0,0,1
strict-random-k100-e200000-g750-w4,random,18,100,9019,weak,4,64,64,100,0.20000000000000001,0.20000000000000001,20,750,0.106196708,602.65521601667729,64,0,20,1,5391.6875,10527.004449999997,11467.406129999998,0,0,0,42.833500000000001,6929.0499499999869,9061.4116699999995,64,0,3,3,0,60,3,48,3,3,0,1
stable-hot-k50-for-e200000-g750-w4,hot,18,100,45019,stable,4,64,64,50,0,0.20000000000000001,0,750,0.18112708399999999,353.34307043777068,0,64,0,0,0,0,0,10886.833500000001,12823.19635,12840.878419999999,27.478999999999999,10792.095649999996,11452.664829999998,64,0,16,16,0,64,0,48,0,0,0,1
strict-hot-k50-e200000-g750-w4,hot,18,100,45019,weak,4,64,64,50,0.20000000000000001,0.20000000000000001,10,750,0.1194215,535.91689938578895,64,0,10,1,6108.75,12265.148149999999,12400.852290000001,0,0,0,30.832999999999998,7194.537449999988,11538.53592,64,0,6,6,0,60,6,48,6,6,0,1
strict-random-k20-e200000-g750-w4,random,18,100,9019,weak,4,64,64,20,0.20000000000000001,0.20000000000000001,4,750,0.162324,394.27318203099975,64,0,4,1,9852.6039999999994,13044.170649999998,13619.84346,0,0,0,14.3955,9414.5375499999991,12208.103459999997,64,0,15,15,0,60,15,48,15,15,0,1
stable-random-k20-for-e200000-g750-w4,random,18,100,9019,stable,4,64,64,20,0,0.20000000000000001,0,750,0.18012620800000001,355.30643047790136,0,64,0,0,0,0,0,10883.978999999999,16307.756299999983,16823.598539999999,13.541499999999999,9900.1794499999996,11785.476290000001,64,0,16,16,0,64,0,48,0,0,0,1
strict-hot-k10-e200000-g750-w4,hot,18,100,45019,weak,4,64,64,10,0.20000000000000001,0.20000000000000001,2,750,0.24953804199999999,256.47392071786794,64,0,2,1,15693.5625,18452.407999999996,18832.468250000002,0,0,0,10.396000000000001,15699.673149999991,16669.335419999996,64,0,31,31,0,62,31,48,31,31,0,1
stable-hot-k10-for-e200000-g750-w4,hot,18,100,45019,stable,4,64,64,10,0,0.20000000000000001,0,750,0.17716075000000001,361.25383303017173,0,64,0,0,0,0,0,10830.917000000001,13671.993799999995,13859.8925,9.7914999999999992,9906.6919499999985,11601.678789999994,64,0,16,16,0,64,0,48,0,0,0,1
strict-hot-k20-e200000-g750-w4,hot,18,100,45019,weak,4,64,64,20,0.20000000000000001,0.20000000000000001,4,750,0.16750633400000001,382.07510409725757,64,0,4,1,10841.270500000001,12392.756299999999,13220.582999999999,0,0,0,13.8545,10526.739249999999,11456.710499999999,64,0,15,15,0,60,15,48,15,15,0,1
stable-hot-k20-for-e200000-g750-w4,hot,18,100,45019,stable,4,64,64,20,0,0.20000000000000001,0,750,0.19722820799999999,324.49719362658311,0,64,0,0,0,0,0,11817.478999999999,16590.093749999989,16915.093209999999,13.5,10840.799950000001,11695.088999999994,64,0,16,16,0,64,0,48,0,0,0,1
stable-random-k20-for-e200000-g750-w4,random,19,117,9020,stable,4,64,64,20,0,0.20000000000000001,0,750,0.20711254100000001,309.01074213560054,0,64,0,0,0,0,0,12815.083000000001,14940.47775,14955.39479,14.8125,12721.853549999996,13323.185419999998,64,0,16,16,0,64,0,48,0,0,0,1
strict-random-k20-e200000-g750-w4,random,19,117,9020,weak,4,64,64,20,0.20000000000000001,0.20000000000000001,4,750,0.192752333,332.03229763242348,64,0,4,1,11840.042000000001,14744.312449999996,17944.237999999998,0,0,0,16.457999999999998,11572.943749999997,14325.991249999988,64,0,15,15,0,60,15,48,15,15,0,1
stable-hot-k20-for-e200000-g750-w4,hot,19,117,45020,stable,4,64,64,20,0,0.20000000000000001,0,750,0.206292583,310.23897742363329,0,64,0,0,0,0,0,11903.728999999999,16402.118799999982,16886.984670000002,14.625,11777.403549999994,13912.605209999992,64,0,16,16,0,64,0,48,0,0,0,1
strict-hot-k20-e200000-g750-w4,hot,19,117,45020,weak,4,64,64,20,0.20000000000000001,0.20000000000000001,4,750,0.184831,346.26226120077263,64,0,4,1,11702,14265.735649999999,15642.113039999998,0,0,0,13.958,10657.514299999999,11988.683209999996,64,0,15,15,0,60,15,48,15,15,0,1
stable-random-k50-for-e200000-g750-w4,random,19,117,9020,stable,4,64,64,50,0,0.20000000000000001,0,750,0.19407333299999999,329.77225160553098,0,64,0,0,0,0,0,11843.9375,13921.926800000001,13953.128419999999,34.0625,11183.915149999999,13004.81871,64,0,16,16,0,64,0,48,0,0,0,1
strict-random-k50-e200000-g750-w4,random,19,117,9020,weak,4,64,64,50,0.20000000000000001,0.20000000000000001,10,750,0.131009709,488.51341239144347,64,0,10,1,6064.5625,13565.341099999985,14224.92042,0,0,0,30.521000000000001,9491.277699999986,11702.190169999993,64,0,6,6,0,60,6,48,6,6,0,1
stable-hot-k50-for-e200000-g750-w4,hot,19,117,45020,stable,4,64,64,50,0,0.20000000000000001,0,750,0.18214845800000001,351.36174471485231,0,64,0,0,0,0,0,10864.708000000001,13846.8956,13860.789339999999,29.374499999999998,10813.921399999996,12928.501130000001,64,0,16,16,0,64,0,48,0,0,0,1
strict-hot-k50-e200000-g750-w4,hot,19,117,45020,weak,4,64,64,50,0.20000000000000001,0.20000000000000001,10,750,0.136378,469.28390209564594,64,0,10,1,6461.2295000000004,13469.293749999999,13662.23596,0,0,0,27.686999999999998,9863.4937999999765,12066.792789999996,64,0,6,6,0,60,6,48,6,6,0,1
stable-random-k100-for-e200000-g750-w4,random,19,117,9020,stable,4,64,64,100,0,0.20000000000000001,0,750,0.174112084,367.57931172657726,0,64,0,0,0,0,0,10824.645500000001,12823.241899999999,12892.165870000001,42.478999999999999,9875.8438000000006,11851.69975,64,0,16,16,0,64,0,48,0,0,0,1
strict-random-k100-e200000-g750-w4,random,19,117,9020,weak,4,64,64,100,0.20000000000000001,0.20000000000000001,20,750,0.108694917,588.80398243461559,64,0,20,1,5300.1875,11017.060649999999,12690.793629999998,0,0,0,42.25,5657.8526499999971,8817.4952099999955,64,0,3,3,0,60,3,48,3,3,0,1
stable-random-k10-for-e200000-g750-w4,random,19,117,9020,stable,4,64,64,10,0,0.20000000000000001,0,750,0.17710875000000001,361.35989893215327,0,64,0,0,0,0,0,10832.813,12857.7955,12909.299710000001,12.292,9858.0062999999991,10284.853159999997,64,0,16,16,0,64,0,48,0,0,0,1
strict-random-k10-e200000-g750-w4,random,19,117,9020,weak,4,64,64,10,0.20000000000000001,0.20000000000000001,2,750,0.25442691699999997,251.54571204429604,64,0,2,1,15929.521000000001,19448.828599999993,20302.764669999997,0,0,0,11.3955,15727.066899999996,16429.608159999996,64,0,31,31,0,62,31,48,31,31,0,1
stable-hot-k100-for-e200000-g750-w4,hot,19,117,45020,stable,4,64,64,100,0,0.20000000000000001,0,750,0.13509725,473.73281099356205,0,64,0,0,0,0,0,7851.0414999999994,10744.176849999994,10886.621580000001,41.458500000000001,7952.8838499999993,9342.7999999999975,64,0,16,16,0,64,0,48,0,0,0,1
strict-hot-k100-e200000-g750-w4,hot,19,117,45020,weak,4,64,64,100,0.20000000000000001,0.20000000000000001,20,750,0.107842667,593.45713325135034,64,0,20,1,5626.7285000000002,11759.299949999995,12414.57625,0,0,0,42.208500000000001,5642.6918999999971,10617.175709999996,64,0,3,3,0,60,3,48,3,3,0,1
strict-hot-k10-e200000-g750-w4,hot,19,117,45020,weak,4,64,64,10,0.20000000000000001,0.20000000000000001,2,750,0.24653875,259.59408003812786,64,0,2,1,15820.208500000001,17816.262549999999,17853.828750000001,0,0,0,11,16146.634899999999,16951.700000000001,64,0,31,31,0,62,31,48,31,31,0,1
stable-hot-k10-for-e200000-g750-w4,hot,19,117,45020,stable,4,64,64,10,0,0.20000000000000001,0,750,0.180187667,355.18524139612731,0,64,0,0,0,0,0,10907.208500000001,13600.058099999995,13798.905710000001,10.875,9929.5874999999996,12157.822379999998,64,0,16,16,0,64,0,48,0,0,0,1
strict-hot-k100-e200000-g750-w4,hot,20,100,45021,weak,4,64,64,100,0.20000000000000001,0.20000000000000001,20,750,0.111870541,572.08984088134514,64,0,20,1,5999.8330000000005,11298.241899999999,11427.086369999999,0,0,0,42.604500000000002,5155.7037,9768.4209599999958,64,0,3,3,0,60,3,48,3,3,0,1
stable-hot-k100-for-e200000-g750-w4,hot,20,100,45021,stable,4,64,64,100,0,0.20000000000000001,0,750,0.183168416,349.40521623553263,0,64,0,0,0,0,0,10857.6255,13843.642,13867.12608,41.332999999999998,9991.0526000000009,12218.630749999997,64,0,16,16,0,64,0,48,0,0,0,1
strict-hot-k10-e200000-g750-w4,hot,20,100,45021,weak,4,64,64,10,0.20000000000000001,0.20000000000000001,2,750,0.24650566700000001,259.62891960613626,64,0,2,1,15706.1875,17731.584899999998,18745.186040000001,0,0,0,11.396000000000001,15018.11695,16766.232999999997,64,0,31,31,0,62,31,48,31,31,0,1
stable-hot-k10-for-e200000-g750-w4,hot,20,100,45021,stable,4,64,64,10,0,0.20000000000000001,0,750,0.17003591600000001,376.39106787297806,0,64,0,0,0,0,0,9896.1875,12663.249999999995,12834.581629999999,10.666499999999999,9840.2500500000006,10223.288209999997,64,0,16,16,0,64,0,48,0,0,0,1
strict-random-k50-e200000-g750-w4,random,20,100,9021,weak,4,64,64,50,0.20000000000000001,0.20000000000000001,10,750,0.12562087499999999,509.46946516651792,64,0,10,1,6014.4170000000004,13342.962499999994,13609.401629999998,0,0,0,28.895499999999998,8979.3374499999773,12206.784459999997,64,0,6,6,0,60,6,48,6,6,0,1
stable-random-k50-for-e200000-g750-w4,random,20,100,9021,stable,4,64,64,50,0,0.20000000000000001,0,750,0.17121525000000001,373.79847881540923,0,64,0,0,0,0,0,10809.4375,10893.806200000001,10907.90021,29.416499999999999,9878.7562999999991,9969.1144600000007,64,0,16,16,0,64,0,48,0,0,0,1
strict-hot-k20-e200000-g750-w4,hot,20,100,45021,weak,4,64,64,20,0.20000000000000001,0.20000000000000001,4,750,0.17521404199999999,365.2675280443562,64,0,4,1,10889.521000000001,14672.6206,14817.201580000001,0,0,0,12.750499999999999,10344.354449999999,11317.212079999998,64,0,15,15,0,60,15,48,15,15,0,1
stable-hot-k20-for-e200000-g750-w4,hot,20,100,45021,stable,4,64,64,20,0,0.20000000000000001,0,750,0.15814341700000001,404.69594760305449,0,64,0,0,0,0,0,8884.8954999999987,19889.971399999962,20854.301790000001,13.084,7960.3536000000004,10859.106249999999,64,0,16,16,0,64,0,48,0,0,0,1
stable-random-k20-for-e200000-g750-w4,random,20,100,9021,stable,4,64,64,20,0,0.20000000000000001,0,750,0.17716362499999999,361.24797062602443,0,64,0,0,0,0,0,10836.0625,13654.966999999995,13812.870209999999,14.353999999999999,9885.9588500000009,11034.645709999993,64,0,16,16,0,64,0,48,0,0,0,1
strict-random-k20-e200000-g750-w4,random,20,100,9021,weak,4,64,64,20,0.20000000000000001,0.20000000000000001,4,750,0.18256391599999999,350.56215599582123,64,0,4,1,11419.1875,13896.540999999999,14059.30042,0,0,0,18.521000000000001,10978.879499999999,12238.522249999995,64,0,15,15,0,60,15,48,15,15,0,1
strict-random-k100-e200000-g750-w4,random,20,100,9021,weak,4,64,64,100,0.20000000000000001,0.20000000000000001,20,750,0.116173875,550.89838399554117,64,0,20,1,6213.3544999999995,11051.168749999999,11447.611579999999,0,0,0,48.416499999999999,5772.1561999999976,9788.3392499999973,64,0,3,3,0,60,3,48,3,3,0,1
stable-random-k100-for-e200000-g750-w4,random,20,100,9021,stable,4,64,64,100,0,0.20000000000000001,0,750,0.17720212499999999,361.16948371809877,0,64,0,0,0,0,0,10859.020499999999,12627.321349999997,12776.88675,47.458500000000001,10040.775,11347.829999999998,64,0,16,16,0,64,0,48,0,0,0,1
stable-hot-k50-for-e200000-g750-w4,hot,20,100,45021,stable,4,64,64,50,0,0.20000000000000001,0,750,0.17921941699999999,357.10416355165358,0,64,0,0,0,0,0,10858.978999999999,13655.564249999996,13829.47212,30.208500000000001,9974.5081000000009,11333.957169999998,64,0,16,16,0,64,0,48,0,0,0,1
strict-hot-k50-e200000-g750-w4,hot,20,100,45021,weak,4,64,64,50,0.20000000000000001,0.20000000000000001,10,750,0.12867424999999999,497.38001192934877,64,0,10,1,8143.875,11608.3125,11982.118749999998,0,0,0,33.333500000000001,8794.3043999999973,10283.805329999997,64,0,6,6,0,60,6,48,6,6,0,1
strict-random-k10-e200000-g750-w4,random,20,100,9021,weak,4,64,64,10,0.20000000000000001,0.20000000000000001,2,750,0.242411667,264.0136953474273,64,0,2,1,15504.707999999999,17520.235700000001,17928.095419999998,0,0,0,11.541499999999999,14859.4393,15681.150829999997,64,0,31,31,0,62,31,48,31,31,0,1
stable-random-k10-for-e200000-g750-w4,random,20,100,9021,stable,4,64,64,10,0,0.20000000000000001,0,750,0.174112083,367.57931383774212,0,64,0,0,0,0,0,10814.75,13669.039249999996,13871.99554,11.6455,9904.5525500000003,10636.599169999996,64,0,16,16,0,64,0,48,0,0,0,1
strict-random-k20-e200000-g750-w4,random,21,117,9022,weak,4,64,64,20,0.20000000000000001,0.20000000000000001,4,750,0.16850637500000001,379.80758888202297,64,0,4,1,10620.334000000001,12885.799999999999,13421.399960000001,0,0,0,14.9375,9618.8669499999996,10968.282879999993,64,0,15,15,0,60,15,48,15,15,0,1
stable-random-k20-for-e200000-g750-w4,random,21,117,9022,stable,4,64,64,20,0,0.20000000000000001,0,750,0.17614787500000001,363.33109326467888,0,64,0,0,0,0,0,10875.292000000001,12626.208049999996,12825.204460000001,14.875,9906.7473999999984,10872.51087,64,0,16,16,0,64,0,48,0,0,0,1
stable-random-k100-for-e200000-g750-w4,random,21,117,9022,stable,4,64,64,100,0,0.20000000000000001,0,750,0.176250834,363.11884912839616,0,64,0,0,0,0,0,10880.333500000001,12673.059799999994,12855.47775,43.459000000000003,10066.3606,11346.533749999997,64,0,16,16,0,64,0,48,0,0,0,1
strict-random-k100-e200000-g750-w4,random,21,117,9022,weak,4,64,64,100,0.20000000000000001,0.20000000000000001,20,750,0.10595341599999999,604.03904296960093,64,0,20,1,5460.8744999999999,10965.645549999999,11269.710209999999,0,0,0,42.583500000000001,5230.7812499999964,9629.368709999997,64,0,3,3,0,60,3,48,3,3,0,1
stable-random-k10-for-e200000-g750-w4,random,21,117,9022,stable,4,64,64,10,0,0.20000000000000001,0,750,0.11917829200000001,537.0105488674061,0,64,0,0,0,0,0,6908.1045000000004,9700.8169999999936,9877.5005399999991,10.75,5969.7856000000002,7221.8572099999974,64,0,16,16,0,64,0,48,0,0,0,1
strict-random-k10-e200000-g750-w4,random,21,117,9022,weak,4,64,64,10,0.20000000000000001,0.20000000000000001,2,750,0.24944625000000001,256.56829878180167,64,0,2,1,15803.3125,17905.179350000002,18644.77146,0,0,0,12.6455,14895.697349999995,17034.038709999997,64,0,31,31,0,62,31,48,31,31,0,1
stable-hot-k100-for-e200000-g750-w4,hot,21,117,45022,stable,4,64,64,100,0,0.20000000000000001,0,750,0.18323804099999999,349.27245265626914,0,64,0,0,0,0,0,10902.0625,13906.85435,13946.44104,41.313000000000002,10799.874999999995,12990.141669999999,64,0,16,16,0,64,0,48,0,0,0,1
strict-hot-k100-e200000-g750-w4,hot,21,117,45022,weak,4,64,64,100,0.20000000000000001,0.20000000000000001,20,750,0.107618875,594.69121936091597,64,0,20,1,5557.7505000000001,10561.3688,10671.121580000001,0,0,0,39,4934.22865,9783.5513699999992,64,0,3,3,0,60,3,48,3,3,0,1
stable-hot-k50-for-e200000-g750-w4,hot,21,117,45022,stable,4,64,64,50,0,0.20000000000000001,0,750,0.171187333,373.85943736853477,0,64,0,0,0,0,0,10695.8125,12828.298149999999,12900.762500000001,27.291499999999999,9736.0794999999962,9917.0209599999998,64,0,16,16,0,64,0,48,0,0,0,1
strict-hot-k50-e200000-g750-w4,hot,21,117,45022,weak,4,64,64,50,0.20000000000000001,0.20000000000000001,10,750,0.115817458,552.59372036985997,64,0,10,1,5932.625,10634.509749999997,10930.86658,0,0,0,28.082999999999998,8055.0875499999893,8941.1033700000007,64,0,6,6,0,60,6,48,6,6,0,1
stable-random-k50-for-e200000-g750-w4,random,21,117,9022,stable,4,64,64,50,0,0.20000000000000001,0,750,0.18706637500000001,342.12455338379226,0,64,0,0,0,0,0,11395.978999999999,13692.870499999995,13866.99554,31.5625,11641.006349999996,12325.174579999997,64,0,16,16,0,64,0,48,0,0,0,1
strict-random-k50-e200000-g750-w4,random,21,117,9022,weak,4,64,64,50,0.20000000000000001,0.20000000000000001,10,750,0.121396083,527.19987678679877,64,0,10,1,5859.6869999999999,11300.03305,11894.68125,0,0,0,29.541499999999999,9276.9956499999771,10413.72596,64,0,6,6,0,60,6,48,6,6,0,1
stable-hot-k20-for-e200000-g750-w4,hot,21,117,45022,stable,4,64,64,20,0,0.20000000000000001,0,750,0.183057792,349.61636596163032,0,64,0,0,0,0,0,10886.270499999999,13683.889349999996,13864.2065,13.396000000000001,9861.4812000000002,10030.62875,64,0,16,16,0,64,0,48,0,0,0,1
strict-hot-k20-e200000-g750-w4,hot,21,117,45022,weak,4,64,64,20,0.20000000000000001,0.20000000000000001,4,750,0.17096604200000001,374.34334474444927,64,0,4,1,10911.1875,12972.28745,14809.388419999999,0,0,0,16.146000000000001,11306.485649999999,11831.48337,64,0,15,15,0,60,15,48,15,15,0,1
stable-hot-k10-for-e200000-g750-w4,hot,21,117,45022,stable,4,64,64,10,0,0.20000000000000001,0,750,0.17910024999999999,357.34176808798429,0,64,0,0,0,0,0,10800.7495,14642.929499999995,14827.421040000001,10.708,9835.4670499999993,13206.265419999998,64,0,16,16,0,64,0,48,0,0,0,1
strict-hot-k10-e200000-g750-w4,hot,21,117,45022,weak,4,64,64,10,0.20000000000000001,0.20000000000000001,2,750,0.26450845899999997,241.95823544531711,64,0,2,1,16680.771000000001,19923.615149999998,20862.813040000001,0,0,0,14.542,16096.750099999999,19538.800169999999,64,0,31,31,0,62,31,48,31,31,0,1
strict-hot-k100-e200000-g750-w4,hot,22,100,45023,weak,4,64,64,100,0.20000000000000001,0.20000000000000001,20,750,0.11482687499999999,557.36080947948813,64,0,20,1,6001.3960000000006,11931.881299999992,12367.710590000001,0,0,0,43.875,6075.5722999999944,10620.834619999996,64,0,3,3,0,60,3,48,3,3,0,1
stable-hot-k100-for-e200000-g750-w4,hot,22,100,45023,stable,4,64,64,100,0,0.20000000000000001,0,750,0.18509100000000001,345.77586160321141,0,64,0,0,0,0,0,10863.603499999999,14487.941899999989,14790.49446,46.542000000000002,11035.797299999993,12669.723369999996,64,0,16,16,0,64,0,48,0,0,0,1
strict-hot-k20-e200000-g750-w4,hot,22,100,45023,weak,4,64,64,20,0.20000000000000001,0.20000000000000001,4,750,0.17988000000000001,355.792750722704,64,0,4,1,11377.728999999999,12955.23755,13220.078959999999,0,0,0,15.5205,10562.456249999997,11766.379459999998,64,0,15,15,0,60,15,48,15,15,0,1
stable-hot-k20-for-e200000-g750-w4,hot,22,100,45023,stable,4,64,64,20,0,0.20000000000000001,0,750,0.18420120800000001,347.4461470415547,0,64,0,0,0,0,0,11338.208500000001,12922.8001,12958.87696,16.103999999999999,10913.464250000001,11866.63292,64,0,16,16,0,64,0,48,0,0,0,1
stable-random-k50-for-e200000-g750-w4,random,22,100,9023,stable,4,64,64,50,0,0.20000000000000001,0,750,0.18613112500000001,343.84362099568244,0,64,0,0,0,0,0,10905.832999999999,13805.5088,13821.60879,29.541,10698.609949999995,12282.547289999999,64,0,16,16,0,64,0,48,0,0,0,1
strict-random-k50-e200000-g750-w4,random,22,100,9023,weak,4,64,64,50,0.20000000000000001,0.20000000000000001,10,750,0.122886,520.807903259932,64,0,10,1,5749.4794999999995,11150.1482,13058.199789999997,0,0,0,28.457999999999998,8122.1911499999842,9895.2938699999977,64,0,6,6,0,60,6,48,6,6,0,1
strict-random-k10-e200000-g750-w4,random,22,100,9023,weak,4,64,64,10,0.20000000000000001,0.20000000000000001,2,750,0.27160295800000001,235.63808167361711,64,0,2,1,16797.688000000002,23346.514399999989,24040.413420000001,0,0,0,12.666,15922.7438,16332.145,64,0,31,31,0,62,31,48,31,31,0,1
stable-random-k10-for-e200000-g750-w4,random,22,100,9023,stable,4,64,64,10,0,0.20000000000000001,0,750,0.17711708300000001,361.34289768085216,0,64,0,0,0,0,0,10828.395499999999,13643.931249999994,13819.106250000001,11.875,9930.0714000000007,11156.758959999997,64,0,16,16,0,64,0,48,0,0,0,1
stable-random-k100-for-e200000-g750-w4,random,22,100,9023,stable,4,64,64,100,0,0.20000000000000001,0,750,0.17721695800000001,361.1392539533378,0,64,0,0,0,0,0,10846.082999999999,12644.149999999996,12814.425379999999,43.146000000000001,10005.931349999999,11253.746369999997,64,0,16,16,0,64,0,48,0,0,0,1
strict-random-k100-e200000-g750-w4,random,22,100,9023,weak,4,64,64,100,0.20000000000000001,0.20000000000000001,20,750,0.10640158399999999,601.49480481418402,64,0,20,1,5852.4164999999994,11263.584949999999,12315.781959999993,0,0,0,44.896000000000001,6356.0713999999934,10062.146499999999,64,0,3,3,0,60,3,48,3,3,0,1
stable-hot-k50-for-e200000-g750-w4,hot,22,100,45023,stable,4,64,64,50,0,0.20000000000000001,0,750,0.18012141700000001,355.31588117586261,0,64,0,0,0,0,0,10858.833500000001,13684.368749999994,13873.734129999999,28.396000000000001,10004.126900000001,11319.190499999999,64,0,16,16,0,64,0,48,0,0,0,1
strict-hot-k50-e200000-g750-w4,hot,22,100,45023,weak,4,64,64,50,0.20000000000000001,0.20000000000000001,10,750,0.12086891700000001,529.49924255547023,64,0,10,1,6274.9169999999995,10791.36435,11213.353369999999,0,0,0,28.521000000000001,8338.6937499999822,9834.1398300000001,64,0,6,6,0,60,6,48,6,6,0,1
stable-random-k20-for-e200000-g750-w4,random,22,100,9023,stable,4,64,64,20,0,0.20000000000000001,0,750,0.117129917,546.4018214919422,0,64,0,0,0,0,0,6883.6454999999996,8863.4642500000009,8906.3325000000004,15,6818.7686499999991,7917.79583,64,0,16,16,0,64,0,48,0,0,0,1
strict-random-k20-e200000-g750-w4,random,22,100,9023,weak,4,64,64,20,0.20000000000000001,0.20000000000000001,4,750,0.14202645799999999,450.62026400742883,64,0,4,1,8803.0414999999994,11702.9625,11912.73821,0,0,0,16.646000000000001,7795.0723499999976,9032.7183699999969,64,0,15,15,0,60,15,48,15,15,0,1
strict-hot-k10-e200000-g750-w4,hot,22,100,45023,weak,4,64,64,10,0.20000000000000001,0.20000000000000001,2,750,0.26861516699999999,238.25907045673264,64,0,2,1,16824.5,24229.889249999975,25719.344079999999,0,0,0,11.25,15175.816049999996,16495.799129999999,64,0,31,31,0,62,31,48,31,31,0,1
stable-hot-k10-for-e200000-g750-w4,hot,22,100,45023,stable,4,64,64,10,0,0.20000000000000001,0,750,0.12217995800000001,523.81749877504456,0,64,0,0,0,0,0,7791.6244999999999,8617.5543499999949,8772.58871,10.312000000000001,6666.798149999996,6892.4242899999999,64,0,16,16,0,64,0,48,0,0,0,1
strict-random-k100-e200000-g750-w4,random,23,117,9024,weak,4,64,64,100,0.20000000000000001,0.20000000000000001,20,750,0.1092525,585.7989519690625,64,0,20,1,5672.9380000000001,10857.243699999999,11192.421629999999,0,0,0,43.208500000000001,5371.0374499999989,10028.387709999999,64,0,3,3,0,60,3,48,3,3,0,1
stable-random-k100-for-e200000-g750-w4,random,23,117,9024,stable,4,64,64,100,0,0.20000000000000001,0,750,0.187058375,342.13918516078201,0,64,0,0,0,0,0,10845.645499999999,17642.712499999969,18539.827999999998,44.395499999999998,10764.729549999995,13955.912709999986,64,0,16,16,0,64,0,48,0,0,0,1
stable-random-k10-for-e200000-g750-w4,random,23,117,9024,stable,4,64,64,10,0,0.20000000000000001,0,750,0.168098792,380.72849446770562,0,64,0,0,0,0,0,10341.166499999999,11882.406199999999,11922.650119999998,11.583500000000001,8880.7857000000004,9817.1419600000008,64,0,16,16,0,64,0,48,0,0,0,1
strict-random-k10-e200000-g750-w4,random,23,117,9024,weak,4,64,64,10,0.20000000000000001,0.20000000000000001,2,750,0.25570220799999999,250.29115118161204,64,0,2,1,16048.520499999999,20457.64554999999,20806.579130000002,0,0,0,11.542,15798.754449999999,16370.148749999998,64,0,31,31,0,62,31,48,31,31,0,1
strict-random-k50-e200000-g750-w4,random,23,117,9024,weak,4,64,64,50,0.20000000000000001,0.20000000000000001,10,750,0.127051417,503.73306737696595,64,0,10,1,6954.7914999999994,12211.481299999999,12438.237499999999,0,0,0,32.791499999999999,8804.1249499999922,11633.63696,64,0,6,6,0,60,6,48,6,6,0,1
stable-random-k50-for-e200000-g750-w4,random,23,117,9024,stable,4,64,64,50,0,0.20000000000000001,0,750,0.177207792,361.15793373239478,0,64,0,0,0,0,0,10905.833500000001,12802.864250000001,12847.460709999999,28.707999999999998,10769.189349999995,11884.14229,64,0,16,16,0,64,0,48,0,0,0,1
strict-hot-k100-e200000-g750-w4,hot,23,117,45024,weak,4,64,64,100,0.20000000000000001,0.20000000000000001,20,750,0.1070195,598.02185583001221,64,0,20,1,5561.2295000000004,10765.45455,12208.108039999999,0,0,0,42.375,5054.5526999999993,9649.9467499999992,64,0,3,3,0,60,3,48,3,3,0,1
stable-hot-k100-for-e200000-g750-w4,hot,23,117,45024,stable,4,64,64,100,0,0.20000000000000001,0,750,0.16704425000000001,383.13201442132845,0,64,0,0,0,0,0,10320.416499999999,10873.533000000001,10935.623159999999,43.0625,9115.956299999998,9854.7292500000003,64,0,16,16,0,64,0,48,0,0,0,1
stable-hot-k10-for-e200000-g750-w4,hot,23,117,45024,stable,4,64,64,10,0,0.20000000000000001,0,750,0.154153084,415.17171333399989,0,64,0,0,0,0,0,9837.9375,16060.800049999973,16842.611669999998,10.417,6804.6169499999942,9638.3707099999956,64,0,16,16,0,64,0,48,0,0,0,1
strict-hot-k10-e200000-g750-w4,hot,23,117,45024,weak,4,64,64,10,0.20000000000000001,0.20000000000000001,2,750,0.22938904099999999,279.00199469424524,64,0,2,1,14709.9375,15870.041149999999,16053.436249999999,0,0,0,10.521000000000001,14048.816049999999,14893.509459999999,64,0,31,31,0,62,31,48,31,31,0,1
strict-hot-k20-e200000-g750-w4,hot,23,117,45024,weak,4,64,64,20,0.20000000000000001,0.20000000000000001,4,750,0.166739625,383.8319775518267,64,0,4,1,10485.896000000001,12511.1608,12722.387500000001,0,0,0,15.583,10266.591999999997,11551.955959999999,64,0,15,15,0,60,15,48,15,15,0,1
stable-hot-k20-for-e200000-g750-w4,hot,23,117,45024,stable,4,64,64,20,0,0.20000000000000001,0,750,0.191098666,334.90552990045467,0,64,0,0,0,0,0,10894.604499999999,13885.73315,13904.442290000001,16.291499999999999,9983.0161499999995,11626.164289999995,64,0,16,16,0,64,0,48,0,0,0,1
stable-hot-k50-for-e200000-g750-w4,hot,23,117,45024,stable,4,64,64,50,0,0.20000000000000001,0,750,0.176154792,363.31682648746789,0,64,0,0,0,0,0,10785.8125,12705.697449999996,12860.805,29.603999999999999,10951.089250000001,11433.918539999999,64,0,16,16,0,64,0,48,0,0,0,1
strict-hot-k50-e200000-g750-w4,hot,23,117,45024,weak,4,64,64,50,0.20000000000000001,0.20000000000000001,10,750,0.115112958,555.97563568820806,64,0,10,1,5499.375,10895.985649999999,11052.817709999999,0,0,0,28.479500000000002,8413.9643999999807,9591.132169999999,64,0,6,6,0,60,6,48,6,6,0,1
strict-random-k20-e200000-g750-w4,random,23,117,9024,weak,4,64,64,20,0.20000000000000001,0.20000000000000001,4,750,0.16681416700000001,383.66045972582168,64,0,4,1,10160.8125,14030.339299999987,14879.85425,0,0,0,15.771000000000001,10076.768699999995,11843.743539999994,64,0,15,15,0,60,15,48,15,15,0,1
stable-random-k20-for-e200000-g750-w4,random,23,117,9024,stable,4,64,64,20,0,0.20000000000000001,0,750,0.17611816699999999,363.39238075308839,0,64,0,0,0,0,0,10882.916499999999,12671.514399999995,12865.235000000001,14.875,9879.7420499999989,10783.10533,64,0,16,16,0,64,0,48,0,0,0,1
stable-random-k100-for-e200000-g750-w4,random,24,100,9025,stable,4,64,64,100,0,0.20000000000000001,0,750,0.20811012500000001,307.52948709247084,0,64,0,0,0,0,0,13155.291499999999,17355.529349999986,17789.715210000002,48.229500000000002,12226.826749999995,14434.33678999999,64,0,16,16,0,64,0,48,0,0,0,1
strict-random-k100-e200000-g750-w4,random,24,100,9025,weak,4,64,64,100,0.20000000000000001,0.20000000000000001,20,750,0.119002792,537.80250802855119,64,0,20,1,6042.3755000000001,13599.651749999999,14347.214459999999,0,0,0,46.5,5725.1267999999982,11762.909499999992,64,0,3,3,0,60,3,48,3,3,0,1
stable-hot-k50-for-e200000-g750-w4,hot,24,100,45025,stable,4,64,64,50,0,0.20000000000000001,0,750,0.19411720800000001,329.6977154132569,0,64,0,0,0,0,0,11841.708000000001,13814.2125,13845.58238,31.896000000000001,10950.433850000001,12324.593789999997,64,0,16,16,0,64,0,48,0,0,0,1
strict-hot-k50-e200000-g750-w4,hot,24,100,45025,weak,4,64,64,50,0.20000000000000001,0.20000000000000001,10,750,0.125632417,509.42265959907468,64,0,10,1,6474.8335000000006,12192.676749999997,13961.307999999999,0,0,0,28.750500000000002,7759.4794999999885,10048.596459999997,64,0,6,6,0,60,6,48,6,6,0,1
stable-hot-k20-for-e200000-g750-w4,hot,24,100,45025,stable,4,64,64,20,0,0.20000000000000001,0,750,0.178112458,359.32354602618534,0,64,0,0,0,0,0,10838.354500000001,12708.758999999996,12892.974620000001,14.583,9917.5642499999994,11475.144959999998,64,0,16,16,0,64,0,48,0,0,0,1
strict-hot-k20-e200000-g750-w4,hot,24,100,45025,weak,4,64,64,20,0.20000000000000001,0.20000000000000001,4,750,0.16750320899999999,382.08223222756288,64,0,4,1,10535.478999999999,12753.343699999998,13299.16675,0,0,0,13.875,9604.8750499999969,10708.246579999997,64,0,15,15,0,60,15,48,15,15,0,1
strict-hot-k10-e200000-g750-w4,hot,24,100,45025,weak,4,64,64,10,0.20000000000000001,0.20000000000000001,2,750,0.2459075,260.26046379227961,64,0,2,1,14886.645499999999,18196.303650000002,18797.686079999999,0,0,0,11.146000000000001,14943.898249999995,16119.703789999996,64,0,31,31,0,62,31,48,31,31,0,1
stable-hot-k10-for-e200000-g750-w4,hot,24,100,45025,stable,4,64,64,10,0,0.20000000000000001,0,750,0.1820735,351.50639714181364,0,64,0,0,0,0,0,10846.6245,12868.3483,12913.67229,11.583,9900.3625499999998,11373.278959999996,64,0,16,16,0,64,0,48,0,0,0,1
strict-random-k20-e200000-g750-w4,random,24,100,9025,weak,4,64,64,20,0.20000000000000001,0.20000000000000001,4,750,0.16907612499999999,378.52771939267001,64,0,4,1,10785.145499999999,12502.712600000001,13625.99721,0,0,0,14.875,10082.2588,11273.313329999999,64,0,15,15,0,60,15,48,15,15,0,1
stable-random-k20-for-e200000-g750-w4,random,24,100,9025,stable,4,64,64,20,0,0.20000000000000001,0,750,0.148185709,431.89050031808398,0,64,0,0,0,0,0,8884.9580000000005,11587.196399999997,11741.365169999999,16.332999999999998,7976.1062499999989,8888.9959999999992,64,0,16,16,0,64,0,48,0,0,0,1
stable-random-k50-for-e200000-g750-w4,random,24,100,9025,stable,4,64,64,50,0,0.20000000000000001,0,750,0.18419354199999999,347.4606074951314,0,64,0,0,0,0,0,10829.541499999999,17825.284749999963,18899.782289999999,32.708500000000001,10102.967049999999,11038.92283,64,0,16,16,0,64,0,48,0,0,0,1
strict-random-k50-e200000-g750-w4,random,24,100,9025,weak,4,64,64,50,0.20000000000000001,0.20000000000000001,10,750,0.13309312500000001,480.86631071289366,64,0,10,1,6416.0414999999994,12222.178549999999,13589.300209999999,0,0,0,32.332999999999998,10020.578699999978,11884.637499999997,64,0,6,6,0,60,6,48,6,6,0,1
stable-random-k10-for-e200000-g750-w4,random,24,100,9025,stable,4,64,64,10,0,0.20000000000000001,0,750,0.17315787499999999,369.60490535010319,0,64,0,0,0,0,0,10787.25,12837.992049999999,12867.76,13,9801.5643,10632.564169999996,64,0,16,16,0,64,0,48,0,0,0,1
strict-random-k10-e200000-g750-w4,random,24,100,9025,weak,4,64,64,10,0.20000000000000001,0.20000000000000001,2,750,0.25301895800000002,252.94547296333423,64,0,2,1,15677.145499999999,21362.206299999987,23038.410329999999,0,0,0,12.125,14691.793649999998,16989.340499999995,64,0,31,31,0,62,31,48,31,31,0,1
strict-hot-k100-e200000-g750-w4,hot,24,100,45025,weak,4,64,64,100,0.20000000000000001,0.20000000000000001,20,750,0.114872375,557.14004346127604,64,0,20,1,5880.7289999999994,12131.173199999999,12286.36721,0,0,0,43.500500000000002,7077.8106999999964,9382.7157499999976,64,0,3,3,0,60,3,48,3,3,0,1
stable-hot-k100-for-e200000-g750-w4,hot,24,100,45025,stable,4,64,64,100,0,0.20000000000000001,0,750,0.23019995900000001,278.01916333095437,0,64,0,0,0,0,0,10934.666499999999,37397.964299999941,39123.14892,51.5,13057.30805,31299.15641999997,64,0,16,16,0,64,0,48,0,0,0,1
stable-hot-k50-for-e200000-g750-w4,hot,25,117,45026,stable,4,64,64,50,0,0.20000000000000001,0,750,0.171153792,373.93270258365061,0,64,0,0,0,0,0,10815.916499999999,11804.897349999999,11832.19375,29.666499999999999,9912.0027000000009,10335.469169999998,64,0,16,16,0,64,0,48,0,0,0,1
strict-hot-k50-e200000-g750-w4,hot,25,117,45026,weak,4,64,64,50,0.20000000000000001,0.20000000000000001,10,750,0.12776204099999999,500.93125860442387,64,0,10,1,6204.8130000000001,14325.878599999984,15111.14625,0,0,0,26.104500000000002,8461.2160999999851,10541.269289999998,64,0,6,6,0,60,6,48,6,6,0,1
strict-random-k100-e200000-g750-w4,random,25,117,9026,weak,4,64,64,100,0.20000000000000001,0.20000000000000001,20,750,0.118593166,539.66010149353804,64,0,20,1,6125.1875,11571,13417.538,0,0,0,43.938000000000002,6009.8473999999969,10231.737709999998,64,0,3,3,0,60,3,48,3,3,0,1
stable-random-k100-for-e200000-g750-w4,random,25,117,9026,stable,4,64,64,100,0,0.20000000000000001,0,750,0.20216200000000001,316.57779404635886,0,64,0,0,0,0,0,11852.3745,19269.445599999977,19901.45837,56.853999999999999,11810.504399999994,16430.928459999992,64,0,16,16,0,64,0,48,0,0,0,1
strict-random-k50-e200000-g750-w4,random,25,117,9026,weak,4,64,64,50,0.20000000000000001,0.20000000000000001,10,750,0.14481187500000001,441.95270588133741,64,0,10,1,7309.5625,15432.254399999996,16183.569170000001,0,0,0,37.1875,10101.374949999998,13711.873579999992,64,0,6,6,0,60,6,48,6,6,0,1
stable-random-k50-for-e200000-g750-w4,random,25,117,9026,stable,4,64,64,50,0,0.20000000000000001,0,750,0.22823258299999999,280.41570208229211,0,64,0,0,0,0,0,11300.583500000001,30702.143799999994,30899.575000000001,32.5,10800.687449999994,13305.687829999997,64,0,16,16,0,64,0,48,0,0,0,1
stable-hot-k10-for-e200000-g750-w4,hot,25,117,45026,stable,4,64,64,10,0,0.20000000000000001,0,750,0.193937791,330.00272752410592,0,64,0,0,0,0,0,10908.604500000001,15499.024999999989,15829.493420000001,15.6455,11624.393799999994,12879.934999999999,64,0,16,16,0,64,0,48,0,0,0,1
strict-hot-k10-e200000-g750-w4,hot,25,117,45026,weak,4,64,64,10,0.20000000000000001,0.20000000000000001,2,750,0.27893075000000001,229.44763171504039,64,0,2,1,16962.666499999999,20995.118750000001,21918.288539999998,0,0,0,14.396000000000001,16611.449949999998,18485.938039999994,64,0,31,31,0,62,31,48,31,31,0,1
strict-hot-k20-e200000-g750-w4,hot,25,117,45026,weak,4,64,64,20,0.20000000000000001,0.20000000000000001,4,750,0.17600666700000001,363.62258936475399,64,0,4,1,11437.478999999999,13957.872349999996,15554.303039999999,0,0,0,15.562999999999999,10452.126749999999,10963.182459999998,64,0,15,15,0,60,15,48,15,15,0,1
stable-hot-k20-for-e200000-g750-w4,hot,25,117,45026,stable,4,64,64,20,0,0.20000000000000001,0,750,0.17808041699999999,359.38819707503268,0,64,0,0,0,0,0,11007.854500000001,12841.8501,12865.454460000001,13.853999999999999,10867.618700000001,11829.129129999999,64,0,16,16,0,64,0,48,0,0,0,1
stable-random-k20-for-e200000-g750-w4,random,25,117,9026,stable,4,64,64,20,0,0.20000000000000001,0,750,0.17689908300000001,361.78819536334169,0,64,0,0,0,0,0,10776.333500000001,17486.441899999965,18517.76467,15.083500000000001,9869.0848499999993,10954.77621,64,0,16,16,0,64,0,48,0,0,0,1
strict-random-k20-e200000-g750-w4,random,25,117,9026,weak,4,64,64,20,0.20000000000000001,0.20000000000000001,4,750,0.15804425,404.9498795432292,64,0,4,1,9952.875,13023.715099999999,13436.941999999999,0,0,0,15.666499999999999,9833.5517999999993,11255.917749999995,64,0,15,15,0,60,15,48,15,15,0,1
stable-random-k10-for-e200000-g750-w4,random,25,117,9026,stable,4,64,64,10,0,0.20000000000000001,0,750,0.182131083,351.39526403628753,0,64,0,0,0,0,0,10868.104500000001,14827.3483,14876.0825,13.3955,9986.2276500000007,12612.923209999995,64,0,16,16,0,64,0,48,0,0,0,1
strict-random-k10-e200000-g750-w4,random,25,117,9026,weak,4,64,64,10,0.20000000000000001,0.20000000000000001,2,750,0.26663658299999998,240.02707835481075,64,0,2,1,16163.5005,21832.5026,22731.715749999999,0,0,0,12.374500000000001,15281.835649999992,16295.006959999995,64,0,31,31,0,62,31,48,31,31,0,1
strict-hot-k100-e200000-g750-w4,hot,25,117,45026,weak,4,64,64,100,0.20000000000000001,0.20000000000000001,20,750,0.129533542,494.08052163045153,64,0,20,1,6474.2914999999994,15713.715099999985,20102.31854,0,0,0,45.832999999999998,6683.71695,10454.151419999991,64,0,3,3,0,60,3,48,3,3,0,1
stable-hot-k100-for-e200000-g750-w4,hot,25,117,45026,stable,4,64,64,100,0,0.20000000000000001,0,750,0.19216208300000001,333.05217658366035,0,64,0,0,0,0,0,11786.4375,14694.074949999995,14872.936250000001,50.041499999999999,10817.350049999999,12210.135999999991,64,0,16,16,0,64,0,48,0,0,0,1
strict-random-k100-e200000-g750-w4,random,26,100,9027,weak,4,64,64,100,0.20000000000000001,0.20000000000000001,20,750,0.12156975,526.44675176184865,64,0,20,1,6424.1045000000004,12785.768749999999,13408.19592,0,0,0,46.353999999999999,5718.9311999999991,10537.432829999996,64,0,3,3,0,60,3,48,3,3,0,1
stable-random-k100-for-e200000-g750-w4,random,26,100,9027,stable,4,64,64,100,0,0.20000000000000001,0,750,0.17323074999999999,369.44941934385207,0,64,0,0,0,0,0,10830.041499999999,11986.848199999999,12005.118420000001,44.228999999999999,9877.1731499999987,10916.115539999999,64,0,16,16,0,64,0,48,0,0,0,1
stable-hot-k20-for-e200000-g750-w4,hot,26,100,45027,stable,4,64,64,20,0,0.20000000000000001,0,750,0.187133042,342.00266995071883,0,64,0,0,0,0,0,11341.458500000001,12886.679349999999,12919.51863,15.375499999999999,10648.951749999997,11251.910419999998,64,0,16,16,0,64,0,48,0,0,0,1
strict-hot-k20-e200000-g750-w4,hot,26,100,45027,weak,4,64,64,20,0.20000000000000001,0.20000000000000001,4,750,0.18727337499999999,341.74639080435219,64,0,4,1,11849.563,13829.240150000001,14929.43533,0,0,0,15.9375,11817.548149999988,12791.006670000001,64,0,15,15,0,60,15,48,15,15,0,1
strict-hot-k10-e200000-g750-w4,hot,26,100,45027,weak,4,64,64,10,0.20000000000000001,0.20000000000000001,2,750,0.28345049999999999,225.78898255603713,64,0,2,1,17503.333500000001,25080.660699999975,25977.860869999997,0,0,0,11.916499999999999,16720.7919,17785.275419999994,64,0,31,31,0,62,31,48,31,31,0,1
stable-hot-k10-for-e200000-g750-w4,hot,26,100,45027,stable,4,64,64,10,0,0.20000000000000001,0,750,0.133225125,480.38986640095101,0,64,0,0,0,0,0,7863.7710000000006,10704.168799999994,10887.54925,13.75,6897.9937499999996,8764.7699599999942,64,0,16,16,0,64,0,48,0,0,0,1
stable-random-k10-for-e200000-g750-w4,random,26,100,9027,stable,4,64,64,10,0,0.20000000000000001,0,750,0.209148583,306.00255130583412,0,64,0,0,0,0,0,12782.958500000001,16908.392,16950.476419999999,12.896000000000001,11844.0018,13482.50082999999,64,0,16,16,0,64,0,48,0,0,0,1
strict-random-k10-e200000-g750-w4,random,26,100,9027,weak,4,64,64,10,0.20000000000000001,0.20000000000000001,2,750,0.27066870799999998,236.45141868412807,64,0,2,1,16769,22401.227649999983,23025.277000000002,0,0,0,12.2295,16200.36435,17958.310499999996,64,0,31,31,0,62,31,48,31,31,0,1
stable-random-k50-for-e200000-g750-w4,random,26,100,9027,stable,4,64,64,50,0,0.20000000000000001,0,750,0.20314658299999999,315.04344820803607,0,64,0,0,0,0,0,11678.708000000001,19590.154499999997,19706.017919999998,32.707999999999998,11971.633899999993,18367.773369999999,64,0,16,16,0,64,0,48,0,0,0,1
strict-random-k50-e200000-g750-w4,random,26,100,9027,weak,4,64,64,50,0.20000000000000001,0.20000000000000001,10,750,0.132794,481.94948566953326,64,0,10,1,6647.9790000000003,13045.412499999997,13991.457499999995,0,0,0,31.082999999999998,9219.8142999999818,11932.14308999999,64,0,6,6,0,60,6,48,6,6,0,1
stable-hot-k50-for-e200000-g750-w4,hot,26,100,45027,stable,4,64,64,50,0,0.20000000000000001,0,750,0.165118917,387.59944143771241,0,64,0,0,0,0,0,10758.603999999999,10879.51425,10893.434999999999,28.896000000000001,9915.9812499999989,9976.1439200000004,64,0,16,16,0,64,0,48,0,0,0,1
strict-hot-k50-e200000-g750-w4,hot,26,100,45027,weak,4,64,64,50,0.20000000000000001,0.20000000000000001,10,750,0.139423458,459.03322811000714,64,0,10,1,7676.1875,13321.273249999997,14480.403039999999,0,0,0,32.603999999999999,10535.0401,12345.477079999993,64,0,6,6,0,60,6,48,6,6,0,1
strict-hot-k100-e200000-g750-w4,hot,26,100,45027,weak,4,64,64,100,0.20000000000000001,0.20000000000000001,20,750,0.10666995899999999,599.98148119659447,64,0,20,1,5591.25,12548.831249999999,12977.16167,0,0,0,42.978999999999999,5382.0124499999993,9674.5462099999913,64,0,3,3,0,60,3,48,3,3,0,1
stable-hot-k100-for-e200000-g750-w4,hot,26,100,45027,stable,4,64,64,100,0,0.20000000000000001,0,750,0.16823729200000001,380.41506279119136,0,64,0,0,0,0,0,9874.1039999999994,13735.331199999995,13927.16071,40.478999999999999,8906.1625000000004,10742.939289999995,64,0,16,16,0,64,0,48,0,0,0,1
stable-random-k20-for-e200000-g750-w4,random,26,100,9027,stable,4,64,64,20,0,0.20000000000000001,0,750,0.18017949999999999,355.20134088506188,0,64,0,0,0,0,0,10867.896000000001,12890.812399999999,12925.29033,13.916499999999999,10677.931299999995,11332.332079999996,64,0,16,16,0,64,0,48,0,0,0,1
strict-random-k20-e200000-g750-w4,random,26,100,9027,weak,4,64,64,20,0.20000000000000001,0.20000000000000001,4,750,0.130888375,488.9662661027001,64,0,4,1,7859.5210000000006,12045.966849999992,12964.341789999999,0,0,0,13.916499999999999,6966.4152499999991,8836.118959999998,64,0,15,15,0,60,15,48,15,15,0,1
strict-hot-k10-e200000-g750-w4,hot,27,117,45028,weak,4,64,64,10,0.20000000000000001,0.20000000000000001,2,750,0.25357191600000001,252.39388103215657,64,0,2,1,15582.917000000001,23032.028599999972,24136.848870000002,0,0,0,10.1455,14461.445599999999,16476.779879999998,64,0,31,31,0,62,31,48,31,31,0,1
stable-hot-k10-for-e200000-g750-w4,hot,27,117,45028,stable,4,64,64,10,0,0.20000000000000001,0,750,0.160091334,399.77179526781879,0,64,0,0,0,0,0,9852.5419999999995,10885.377700000001,10901.30608,10.625,8817.3562500000007,9843.82575,64,0,16,16,0,64,0,48,0,0,0,1
stable-hot-k50-for-e200000-g750-w4,hot,27,117,45028,stable,4,64,64,50,0,0.20000000000000001,0,750,0.193182875,331.29230528327111,0,64,0,0,0,0,0,11752.021000000001,14673.543749999995,14831.306629999999,37.042000000000002,11067.262499999999,13313.352829999998,64,0,16,16,0,64,0,48,0,0,0,1
strict-hot-k50-e200000-g750-w4,hot,27,117,45028,weak,4,64,64,50,0.20000000000000001,0.20000000000000001,10,750,0.11299129099999999,566.41533549696328,64,0,10,1,5495.3955000000005,10062.55185,12400.66929,0,0,0,27.854500000000002,6945.1481499999854,8885.3757099999984,64,0,6,6,0,60,6,48,6,6,0,1
strict-random-k50-e200000-g750-w4,random,27,117,9028,weak,4,64,64,50,0.20000000000000001,0.20000000000000001,10,750,0.13575483299999999,471.4380960565876,64,0,10,1,7850.9794999999995,12333.246450000001,14130.368629999999,0,0,0,31.417000000000002,8318.1999999999953,11694.356129999993,64,0,6,6,0,60,6,48,6,6,0,1
stable-random-k50-for-e200000-g750-w4,random,27,117,9028,stable,4,64,64,50,0,0.20000000000000001,0,750,0.165178458,387.45972552910018,0,64,0,0,0,0,0,9866.3744999999999,13483.014399999989,13812.534669999999,28.854500000000002,8998.2955500000007,9717.5207099999989,64,0,16,16,0,64,0,48,0,0,0,1
strict-hot-k100-e200000-g750-w4,hot,27,117,45028,weak,4,64,64,100,0.20000000000000001,0.20000000000000001,20,750,0.10404554100000001,615.11525996102034,64,0,20,1,5315.0625,10085.840200000001,11505.222539999992,0,0,0,41.270499999999998,5290.0338499999953,9346.6914599999982,64,0,3,3,0,60,3,48,3,3,0,1
stable-hot-k100-for-e200000-g750-w4,hot,27,117,45028,stable,4,64,64,100,0,0.20000000000000001,0,750,0.16519566699999999,387.41936251875183,0,64,0,0,0,0,0,9863.1460000000006,11866.972449999999,11909.34446,42.603999999999999,9901.1355999999942,10892.442709999999,64,0,16,16,0,64,0,48,0,0,0,1
strict-random-k20-e200000-g750-w4,random,27,117,9028,weak,4,64,64,20,0.20000000000000001,0.20000000000000001,4,750,0.156741625,408.3152768130355,64,0,4,1,9793.1880000000001,12054.627549999999,13112.347380000001,0,0,0,14.937999999999999,9076.9624499999991,10829.97604,64,0,15,15,0,60,15,48,15,15,0,1
stable-random-k20-for-e200000-g750-w4,random,27,117,9028,stable,4,64,64,20,0,0.20000000000000001,0,750,0.11909112500000001,537.4036058522413,0,64,0,0,0,0,0,6906.3125,10546.491849999988,10881.219999999999,14.417,5917.8713999999991,8553.9777099999956,64,0,16,16,0,64,0,48,0,0,0,1
strict-random-k100-e200000-g750-w4,random,27,117,9028,weak,4,64,64,100,0.20000000000000001,0.20000000000000001,20,750,0.105027125,609.36638987309232,64,0,20,1,5477.9375,11439.441199999997,11627.564709999999,0,0,0,42.125,5542.558949999996,10132.995379999997,64,0,3,3,0,60,3,48,3,3,0,1
stable-random-k100-for-e200000-g750-w4,random,27,117,9028,stable,4,64,64,100,0,0.20000000000000001,0,750,0.16606612500000001,385.38865165909061,0,64,0,0,0,0,0,9870.0414999999994,12608.075049999996,12774.62592,42.042000000000002,8962.8080499999996,10526.036909999995,64,0,16,16,0,64,0,48,0,0,0,1
strict-hot-k20-e200000-g750-w4,hot,27,117,45028,weak,4,64,64,20,0.20000000000000001,0.20000000000000001,4,750,0.15726195800000001,406.96428312306779,64,0,4,1,9825.4164999999994,11859.531149999997,12139.99775,0,0,0,12.874500000000001,9274.6375499999958,10439.646039999998,64,0,15,15,0,60,15,48,15,15,0,1
stable-hot-k20-for-e200000-g750-w4,hot,27,117,45028,stable,4,64,64,20,0,0.20000000000000001,0,750,0.17524904199999999,365.19457835324431,0,64,0,0,0,0,0,10829.916499999999,11865.28125,11878.369499999999,16.478999999999999,9954.9625500000002,10959.829250000001,64,0,16,16,0,64,0,48,0,0,0,1
strict-random-k10-e200000-g750-w4,random,27,117,9028,weak,4,64,64,10,0.20000000000000001,0.20000000000000001,2,750,0.23138845799999999,276.59115131836006,64,0,2,1,14739.208500000001,16866.1662,18014.678039999999,0,0,0,11.2295,14515.933849999998,15183.358039999999,64,0,31,31,0,62,31,48,31,31,0,1
stable-random-k10-for-e200000-g750-w4,random,27,117,9028,stable,4,64,64,10,0,0.20000000000000001,0,750,0.169184958,378.28422075206004,0,64,0,0,0,0,0,10786.604499999999,13659.452649999996,13863.28392,11.1455,9838.1062500000007,10285.871039999998,64,0,16,16,0,64,0,48,0,0,0,1
stable-random-k20-for-e200000-g750-w4,random,28,100,9029,stable,4,64,64,20,0,0.20000000000000001,0,750,0.17617870799999999,363.26750676364367,0,64,0,0,0,0,0,10833.416499999999,13656.501899999996,13829.30229,13.7715,9952.9517999999989,11551.535499999994,64,0,16,16,0,64,0,48,0,0,0,1
strict-random-k20-e200000-g750-w4,random,28,100,9029,weak,4,64,64,20,0.20000000000000001,0.20000000000000001,4,750,0.109472292,584.62281944366339,64,0,4,1,6827.375,8827.4732999999997,9823.0154199999997,0,0,0,13.521000000000001,6673.4268499999989,7468.4434199999996,64,0,15,15,0,60,15,48,15,15,0,1
strict-random-k50-e200000-g750-w4,random,28,100,9029,weak,4,64,64,50,0.20000000000000001,0.20000000000000001,10,750,0.13576279199999999,471.41045832351477,64,0,10,1,6915.625,12505.434749999997,14501.395919999999,0,0,0,30.207999999999998,9930.8642499999751,12567.321959999996,64,0,6,6,0,60,6,48,6,6,0,1
stable-random-k50-for-e200000-g750-w4,random,28,100,9029,stable,4,64,64,50,0,0.20000000000000001,0,750,0.13018587500000001,491.60479199452317,0,64,0,0,0,0,0,7788.0829999999996,11551.224999999989,11886.52521,29.396000000000001,6873.6687499999998,8156.8819599999988,64,0,16,16,0,64,0,48,0,0,0,1
strict-hot-k100-e200000-g750-w4,hot,28,100,45029,weak,4,64,64,100,0.20000000000000001,0.20000000000000001,20,750,0.12395200000000001,516.32890151026197,64,0,20,1,6082.7080000000005,13228.556249999998,16753.021579999997,0,0,0,42.958500000000001,5470.8811999999989,10450.735709999999,64,0,3,3,0,60,3,48,3,3,0,1
stable-hot-k100-for-e200000-g750-w4,hot,28,100,45029,stable,4,64,64,100,0,0.20000000000000001,0,750,0.18795329199999999,340.51013057009931,0,64,0,0,0,0,0,11762.979500000001,13914.760699999999,13966.77425,43.8125,10847.528699999999,12955.71696,64,0,16,16,0,64,0,48,0,0,0,1
strict-hot-k50-e200000-g750-w4,hot,28,100,45029,weak,4,64,64,50,0.20000000000000001,0.20000000000000001,10,750,0.13734633299999999,465.97530929347789,64,0,10,1,7179.7710000000006,14432.862499999988,15054.591249999999,0,0,0,30.667000000000002,9237.2035999999989,12204.320829999991,64,0,6,6,0,60,6,48,6,6,0,1
stable-hot-k50-for-e200000-g750-w4,hot,28,100,45029,stable,4,64,64,50,0,0.20000000000000001,0,750,0.18995954200000001,336.91384663372162,0,64,0,0,0,0,0,10901.791499999999,14672.195499999994,14887.19967,29.728999999999999,11655.04374999999,13211.643869999996,64,0,16,16,0,64,0,48,0,0,0,1
strict-random-k10-e200000-g750-w4,random,28,100,9029,weak,4,64,64,10,0.20000000000000001,0.20000000000000001,2,750,0.25581970900000001,250.17618951321691,64,0,2,1,15813.354499999999,19615.256299999997,20062.661789999998,0,0,0,13,15743.357949999996,17781.111209999995,64,0,31,31,0,62,31,48,31,31,0,1
stable-random-k10-for-e200000-g750-w4,random,28,100,9029,stable,4,64,64,10,0,0.20000000000000001,0,750,0.13318495799999999,480.53474627367456,0,64,0,0,0,0,0,7790.9580000000005,11816.795599999999,11835.368869999998,11.916499999999999,7795.2830499999936,9552.0382099999952,64,0,16,16,0,64,0,48,0,0,0,1
stable-hot-k10-for-e200000-g750-w4,hot,28,100,45029,stable,4,64,64,10,0,0.20000000000000001,0,750,0.184142375,347.5571551632263,0,64,0,0,0,0,0,10859.646000000001,15320.535749999983,15790.869290000001,11.833500000000001,9912.0437500000007,12275.540329999991,64,0,16,16,0,64,0,48,0,0,0,1
strict-hot-k10-e200000-g750-w4,hot,28,100,45029,weak,4,64,64,10,0.20000000000000001,0.20000000000000001,2,750,0.24397425,262.32276561973242,64,0,2,1,15466.687,18647.459799999993,19822.051579999999,0,0,0,11.396000000000001,15079.074999999999,16814.283959999993,64,0,31,31,0,62,31,48,31,31,0,1
stable-random-k100-for-e200000-g750-w4,random,28,100,9029,stable,4,64,64,100,0,0.20000000000000001,0,750,0.176141834,363.3435541496633,0,64,0,0,0,0,0,10817.208500000001,15240.247449999977,15876.802830000001,41.478999999999999,9970.8249499999984,10776.482830000001,64,0,16,16,0,64,0,48,0,0,0,1
strict-random-k100-e200000-g750-w4,random,28,100,9029,weak,4,64,64,100,0.20000000000000001,0.20000000000000001,20,750,0.12173070800000001,525.75065939811998,64,0,20,1,5652.4580000000005,14070.5267,17425.338749999999,0,0,0,42.8125,5254.6954999999989,13052.747329999998,64,0,3,3,0,60,3,48,3,3,0,1
strict-hot-k20-e200000-g750-w4,hot,28,100,45029,weak,4,64,64,20,0.20000000000000001,0.20000000000000001,4,750,0.16780937500000001,381.3851282146781,64,0,4,1,10601.770499999999,13526.512499999993,14218.347169999997,0,0,0,14.416499999999999,9101.0501000000004,11828.587709999994,64,0,15,15,0,60,15,48,15,15,0,1
stable-hot-k20-for-e200000-g750-w4,hot,28,100,45029,stable,4,64,64,20,0,0.20000000000000001,0,750,0.18503366700000001,345.88300084870497,0,64,0,0,0,0,0,10861.9375,14431.551899999991,14740.938459999999,14.396000000000001,9870.4482499999995,11229.799999999997,64,0,16,16,0,64,0,48,0,0,0,1
stable-hot-k100-for-e200000-g750-w4,hot,29,117,45030,stable,4,64,64,100,0,0.20000000000000001,0,750,0.18021799999999999,355.12545916612106,0,64,0,0,0,0,0,10833.457999999999,12967.654449999998,13014.804620000001,41.75,10110.322249999999,11307.743539999998,64,0,16,16,0,64,0,48,0,0,0,1
strict-hot-k100-e200000-g750-w4,hot,29,117,45030,weak,4,64,64,100,0.20000000000000001,0.20000000000000001,20,750,0.104787666,610.75890362898247,64,0,20,1,5750.3539999999994,10601.1626,10767.556790000001,0,0,0,42.479500000000002,5072.3186999999998,9564.7889599999999,64,0,3,3,0,60,3,48,3,3,0,1
strict-hot-k10-e200000-g750-w4,hot,29,117,45030,weak,4,64,64,10,0.20000000000000001,0.20000000000000001,2,750,0.24580120899999999,260.37300735978073,64,0,2,1,14970.353999999999,20476.409749999992,22480.425419999996,0,0,0,11.3545,14765.496399999993,15915.734579999998,64,0,31,31,0,62,31,48,31,31,0,1
stable-hot-k10-for-e200000-g750-w4,hot,29,117,45030,stable,4,64,64,10,0,0.20000000000000001,0,750,0.17101391699999999,374.23854808261018,0,64,0,0,0,0,0,10389,11842.9982,11874.34816,11.083500000000001,9996.0812000000005,10940.56342,64,0,16,16,0,64,0,48,0,0,0,1
strict-random-k20-e200000-g750-w4,random,29,117,9030,weak,4,64,64,20,0.20000000000000001,0.20000000000000001,4,750,0.18679416600000001,342.62312025312394,64,0,4,1,11818.084000000001,14631.779349999995,16085.853869999999,0,0,0,16.875,11737.115999999993,13721.724669999994,64,0,15,15,0,60,15,48,15,15,0,1
stable-random-k20-for-e200000-g750-w4,random,29,117,9030,stable,4,64,64,20,0,0.20000000000000001,0,750,0.12109745800000001,528.49994588656023,0,64,0,0,0,0,0,7329.1044999999995,8926.1589500000009,8953.8462899999995,15.5,6792.8062499999996,7323.9385799999973,64,0,16,16,0,64,0,48,0,0,0,1
strict-hot-k20-e200000-g750-w4,hot,29,117,45030,weak,4,64,64,20,0.20000000000000001,0.20000000000000001,4,750,0.11591204200000001,552.14280497275684,64,0,4,1,6717.8960000000006,11840.728599999999,13320.001039999999,0,0,0,12.6045,6080.2267999999995,8880.0821199999991,64,0,15,15,0,60,15,48,15,15,0,1
stable-hot-k20-for-e200000-g750-w4,hot,29,117,45030,stable,4,64,64,20,0,0.20000000000000001,0,750,0.174179,367.43809529277354,0,64,0,0,0,0,0,9881.8125,14531.798249999987,14881.704959999999,12.5625,10597.264299999995,12547.487709999994,64,0,16,16,0,64,0,48,0,0,0,1
strict-hot-k50-e200000-g750-w4,hot,29,117,45030,weak,4,64,64,50,0.20000000000000001,0.20000000000000001,10,750,0.122305209,523.28106483183399,64,0,10,1,5644.3329999999996,12563.2456,13075.012499999997,0,0,0,25.917000000000002,8313.0286999999789,10141.592709999994,64,0,6,6,0,60,6,48,6,6,0,1
stable-hot-k50-for-e200000-g750-w4,hot,29,117,45030,stable,4,64,64,50,0,0.20000000000000001,0,750,0.16321766600000001,392.1144173204878,0,64,0,0,0,0,0,9866.8330000000005,12545.090999999988,12875.208790000001,27.563000000000002,9126.0625,9959.557499999999,64,0,16,16,0,64,0,48,0,0,0,1
strict-random-k10-e200000-g750-w4,random,29,117,9030,weak,4,64,64,10,0.20000000000000001,0.20000000000000001,2,750,0.257442375,248.59932246973716,64,0,2,1,15877.375,19816.264199999998,21873.502540000001,0,0,0,11.75,15762.0875,16464.616039999997,64,0,31,31,0,62,31,48,31,31,0,1
stable-random-k10-for-e200000-g750-w4,random,29,117,9030,stable,4,64,64,10,0,0.20000000000000001,0,750,0.186130667,343.84446707000734,0,64,0,0,0,0,0,10918.916499999999,14687.546499999995,14876.46571,11.396000000000001,10877.23135,12180.368039999998,64,0,16,16,0,64,0,48,0,0,0,1
strict-random-k100-e200000-g750-w4,random,29,117,9030,weak,4,64,64,100,0.20000000000000001,0.20000000000000001,20,750,0.102645875,623.50289283422251,64,0,20,1,5374.1669999999995,10028.243699999999,12783.53462,0,0,0,41.896000000000001,4982.0286500000002,9968.0872899999922,64,0,3,3,0,60,3,48,3,3,0,1
stable-random-k100-for-e200000-g750-w4,random,29,117,9030,stable,4,64,64,100,0,0.20000000000000001,0,750,0.17715987499999999,361.25561727789659,0,64,0,0,0,0,0,10831.915999999999,12881.29385,12903.65804,42.229500000000002,10015.415149999999,11850.76125,64,0,16,16,0,64,0,48,0,0,0,1
stable-random-k50-for-e200000-g750-w4,random,29,117,9030,stable,4,64,64,50,0,0.20000000000000001,0,750,0.180227042,355.107642503504,0,64,0,0,0,0,0,10817.8125,12923.1001,12952.06529,31.875,10865.210799999995,11954.86721,64,0,16,16,0,64,0,48,0,0,0,1
strict-random-k50-e200000-g750-w4,random,29,117,9030,weak,4,64,64,50,0.20000000000000001,0.20000000000000001,10,750,0.113705083,562.85962167584012,64,0,10,1,6445.8339999999998,11337.634749999996,12339.252210000001,0,0,0,28.792000000000002,7114.4275999999963,9425.3084599999984,64,0,6,6,0,60,6,48,6,6,0,1
