case,workload,repetition,query,M,L,delta_positive,amplification,pre_recall,post_recall,answer_churn,durable_overlap,lost_ids_subset_weak,durable_fingerprint_equal
stable-group,random,0,0,0,0,0,0,1,1,0,1,1,1
stable-group,random,0,1,0,0,0,0,1,1,0,1,1,1
stable-group,random,0,2,0,0,0,0,1,1,0,1,1,1
stable-group,random,0,3,0,0,0,0,1,1,0,1,1,1
stable-group,random,0,4,0,0,0,0,1,1,0,1,1,1
stable-group,random,0,5,0,0,0,0,1,1,0,1,1,1
stable-group,random,0,6,0,0,0,0,1,1,0,1,1,1
stable-group,random,0,7,0,0,0,0,1,1,0,1,1,1
stable-group,random,0,8,0,0,0,0,1,1,0,1,1,1
stable-group,random,0,9,0,0,0,0,1,1,0,1,1,1
stable-group,random,0,10,0,0,0,0,1,1,0,1,1,1
stable-group,random,0,11,0,0,0,0,1,1,0,1,1,1
fixed-count,random,0,0,0,0,0,0,1,1,0,1,1,1
fixed-count,random,0,1,0,0,0,0,1,1,0,1,1,1
fixed-count,random,0,2,0,0,0,0,1,1,0,1,1,1
fixed-count,random,0,3,0,0,0,0,1,1,0,1,1,1
fixed-count,random,0,4,0,0,0,0,1,1,0,1,1,1
fixed-count,random,0,5,0,0,0,0,1,1,0,1,1,1
fixed-count,random,0,6,0,0,0,0,1,1,0,1,1,1
fixed-count,random,0,7,0,0,0,0,1,1,0,1,1,1
fixed-count,random,0,8,0,0,0,0,1,1,0,1,1,1
fixed-count,random,0,9,0,0,0,0,1,1,0,1,1,1
fixed-count,random,0,10,0,0,0,0,1,1,0,1,1,1
fixed-count,random,0,11,0,0,0,0,1,1,0,1,1,1
exchange-random,random,0,0,0,0,0,0,1,1,0,1,1,1
exchange-random,random,0,1,0.1,0.1,0.1,0,1,0.9,0.1,1,1,1
exchange-random,random,0,2,0.1,0.1,0.1,0,1,0.9,0.1,1,1,1
exchange-random,random,0,3,0,0,0,0,1,1,0,1,1,1
exchange-random,random,0,4,0,0,0,0,1,1,0,1,1,1
exchange-random,random,0,5,0,0,0,0,1,1,0,1,1,1
exchange-random,random,0,6,0,0,0,0,1,1,0,1,1,1
exchange-random,random,0,7,0.1,0.1,0.1,0,1,0.9,0.1,1,1,1
exchange-random,random,0,8,0,0,0,0,1,1,0,1,1,1
exchange-random,random,0,9,0.1,0.1,0.1,0,1,0.9,0.1,1,1,1
exchange-random,random,0,10,0.1,0.1,0.1,0,1,0.9,0.1,1,1,1
exchange-random,random,0,11,0,0,0,0,1,1,0,1,1,1
strict-random,random,0,0,0,0,0,0,1,1,0,1,1,1
strict-random,random,0,1,0,0,0,0,1,1,0,1,1,1
strict-random,random,0,2,0,0,0,0,1,1,0,1,1,1
strict-random,random,0,3,0,0,0,0,1,1,0,1,1,1
strict-random,random,0,4,0,0,0,0,1,1,0,1,1,1
strict-random,random,0,5,0,0,0,0,1,1,0,1,1,1
strict-random,random,0,6,0,0,0,0,1,1,0,1,1,1
strict-random,random,0,7,0,0,0,0,1,1,0,1,1,1
strict-random,random,0,8,0,0,0,0,1,1,0,1,1,1
strict-random,random,0,9,0,0,0,0,1,1,0,1,1,1
strict-random,random,0,10,0,0,0,0,1,1,0,1,1,1
strict-random,random,0,11,0,0,0,0,1,1,0,1,1,1
exchange-hot,hot,0,0,0.3,0.3,0.3,5.55112e-17,1,0.7,0.3,1,1,1
exchange-hot,hot,0,1,0.2,0.2,0.2,0,1,0.8,0.2,1,1,1
exchange-hot,hot,0,2,0.2,0.2,0.2,0,1,0.8,0.2,1,1,1
exchange-hot,hot,0,3,0.2,0.2,0.2,0,1,0.8,0.2,1,1,1
exchange-hot,hot,0,4,0.3,0.3,0.3,5.55112e-17,1,0.7,0.3,1,1,1
exchange-hot,hot,0,5,0.2,0.2,0.2,0,1,0.8,0.2,1,1,1
exchange-hot,hot,0,6,0.2,0.2,0.2,0,1,0.8,0.2,1,1,1
exchange-hot,hot,0,7,0.2,0.2,0.2,0,1,0.8,0.2,1,1,1
exchange-hot,hot,0,8,0.3,0.3,0.3,5.55112e-17,1,0.7,0.3,1,1,1
exchange-hot,hot,0,9,0.2,0.2,0.2,0,1,0.8,0.2,1,1,1
exchange-hot,hot,0,10,0.2,0.2,0.2,0,1,0.8,0.2,1,1,1
exchange-hot,hot,0,11,0.2,0.2,0.2,0,1,0.8,0.2,1,1,1
exchange-hot-guard,hot,0,0,0,0,0,0,1,1,0,1,1,1
exchange-hot-guard,hot,0,1,0,0,0,0,1,1,0,1,1,1
exchange-hot-guard,hot,0,2,0,0,0,0,1,1,0,1,1,1
exchange-hot-guard,hot,0,3,0,0,0,0,1,1,0,1,1,1
exchange-hot-guard,hot,0,4,0,0,0,0,1,1,0,1,1,1
exchange-hot-guard,hot,0,5,0,0,0,0,1,1,0,1,1,1
exchange-hot-guard,hot,0,6,0,0,0,0,1,1,0,1,1,1
exchange-hot-guard,hot,0,7,0,0,0,0,1,1,0,1,1,1
exchange-hot-guard,hot,0,8,0,0,0,0,1,1,0,1,1,1
exchange-hot-guard,hot,0,9,0,0,0,0,1,1,0,1,1,1
exchange-hot-guard,hot,0,10,0,0,0,0,1,1,0,1,1,1
exchange-hot-guard,hot,0,11,0,0,0,0,1,1,0,1,1,1
strict-hot,hot,0,0,0.1,0.1,0.1,0,1,0.9,0.1,1,1,1
strict-hot,hot,0,1,0,0,0,0,1,1,0,1,1,1
strict-hot,hot,0,2,0,0,0,0,1,1,0,1,1,1
strict-hot,hot,0,3,0,0,0,0,1,1,0,1,1,1
strict-hot,hot,0,4,0.1,0.1,0.1,0,1,0.9,0.1,1,1,1
strict-hot,hot,0,5,0,0,0,0,1,1,0,1,1,1
strict-hot,hot,0,6,0,0,0,0,1,1,0,1,1,1
strict-hot,hot,0,7,0,0,0,0,1,1,0,1,1,1
strict-hot,hot,0,8,0.1,0.1,0.1,0,1,0.9,0.1,1,1,1
strict-hot,hot,0,9,0,0,0,0,1,1,0,1,1,1
strict-hot,hot,0,10,0,0,0,0,1,1,0,1,1,1
strict-hot,hot,0,11,0,0,0,0,1,1,0,1,1,1
fixed-time,random,0,0,0,0,0,0,1,1,0,1,1,1
fixed-time,random,0,1,0,0,0,0,1,1,0,1,1,1
fixed-time,random,0,2,0,0,0,0,1,1,0,1,1,1
fixed-time,random,0,3,0,0,0,0,1,1,0,1,1,1
fixed-time,random,0,4,0,0,0,0,1,1,0,1,1,1
fixed-time,random,0,5,0,0,0,0,1,1,0,1,1,1
fixed-time,random,0,6,0,0,0,0,1,1,0,1,1,1
fixed-time,random,0,7,0,0,0,0,1,1,0,1,1,1
fixed-time,random,0,8,0,0,0,0,1,1,0,1,1,1
fixed-time,random,0,9,0,0,0,0,1,1,0,1,1,1
fixed-time,random,0,10,0,0,0,0,1,1,0,1,1,1
fixed-time,random,0,11,0,0,0,0,1,1,0,1,1,1
exchange-hot-guard,hot,1,0,0,0,0,0,1,1,0,1,1,1
exchange-hot-guard,hot,1,1,0,0,0,0,1,1,0,1,1,1
exchange-hot-guard,hot,1,2,0,0,0,0,1,1,0,1,1,1
exchange-hot-guard,hot,1,3,0,0,0,0,1,1,0,1,1,1
exchange-hot-guard,hot,1,4,0,0,0,0,1,1,0,1,1,1
exchange-hot-guard,hot,1,5,0,0,0,0,1,1,0,1,1,1
exchange-hot-guard,hot,1,6,0,0,0,0,1,1,0,1,1,1
exchange-hot-guard,hot,1,7,0,0,0,0,1,1,0,1,1,1
exchange-hot-guard,hot,1,8,0,0,0,0,1,1,0,1,1,1
exchange-hot-guard,hot,1,9,0,0,0,0,1,1,0,1,1,1
exchange-hot-guard,hot,1,10,0,0,0,0,1,1,0,1,1,1
exchange-hot-guard,hot,1,11,0,0,0,0,1,1,0,1,1,1
strict-hot,hot,1,0,0.1,0.1,0.1,0,1,0.9,0.1,1,1,1
strict-hot,hot,1,1,0,0,0,0,1,1,0,1,1,1
strict-hot,hot,1,2,0,0,0,0,1,1,0,1,1,1
strict-hot,hot,1,3,0,0,0,0,1,1,0,1,1,1
strict-hot,hot,1,4,0.1,0.1,0.1,0,1,0.9,0.1,1,1,1
strict-hot,hot,1,5,0,0,0,0,1,1,0,1,1,1
strict-hot,hot,1,6,0,0,0,0,1,1,0,1,1,1
strict-hot,hot,1,7,0,0,0,0,1,1,0,1,1,1
strict-hot,hot,1,8,0.1,0.1,0.1,0,1,0.9,0.1,1,1,1
strict-hot,hot,1,9,0,0,0,0,1,1,0,1,1,1
strict-hot,hot,1,10,0,0,0,0,1,1,0,1,1,1
strict-hot,hot,1,11,0,0,0,0,1,1,0,1,1,1
strict-random,random,1,0,0,0,0,0,1,1,0,1,1,1
strict-random,random,1,1,0,0,0,0,1,1,0,1,1,1
strict-random,random,1,2,0,0,0,0,1,1,0,1,1,1
strict-random,random,1,3,0,0,0,0,1,1,0,1,1,1
strict-random,random,1,4,0,0,0,0,1,1,0,1,1,1
strict-random,random,1,5,0,0,0,0,1,1,0,1,1,1
strict-random,random,1,6,0.1,0.1,0.1,0,1,0.9,0.1,1,1,1
strict-random,random,1,7,0,0,0,0,1,1,0,1,1,1
strict-random,random,1,8,0,0,0,0,1,1,0,1,1,1
strict-random,random,1,9,0,0,0,0,1,1,0,1,1,1
strict-random,random,1,10,0,0,0,0,1,1,0,1,1,1
strict-random,random,1,11,0,0,0,0,1,1,0,1,1,1
exchange-hot,hot,1,0,0.3,0.3,0.3,5.55112e-17,1,0.7,0.3,1,1,1
exchange-hot,hot,1,1,0.2,0.2,0.2,0,1,0.8,0.2,1,1,1
exchange-hot,hot,1,2,0.2,0.2,0.2,0,1,0.8,0.2,1,1,1
exchange-hot,hot,1,3,0.2,0.2,0.2,0,1,0.8,0.2,1,1,1
exchange-hot,hot,1,4,0.3,0.3,0.3,5.55112e-17,1,0.7,0.3,1,1,1
exchange-hot,hot,1,5,0.2,0.2,0.2,0,1,0.8,0.2,1,1,1
exchange-hot,hot,1,6,0.2,0.2,0.2,0,1,0.8,0.2,1,1,1
exchange-hot,hot,1,7,0.2,0.2,0.2,0,1,0.8,0.2,1,1,1
exchange-hot,hot,1,8,0.3,0.3,0.3,5.55112e-17,1,0.7,0.3,1,1,1
exchange-hot,hot,1,9,0.2,0.2,0.2,0,1,0.8,0.2,1,1,1
exchange-hot,hot,1,10,0.2,0.2,0.2,0,1,0.8,0.2,1,1,1
exchange-hot,hot,1,11,0.2,0.2,0.2,0,1,0.8,0.2,1,1,1
stable-group,random,1,0,0,0,0,0,1,1,0,1,1,1
stable-group,random,1,1,0,0,0,0,1,1,0,1,1,1
stable-group,random,1,2,0,0,0,0,1,1,0,1,1,1
stable-group,random,1,3,0,0,0,0,1,1,0,1,1,1
stable-group,random,1,4,0,0,0,0,1,1,0,1,1,1
stable-group,random,1,5,0,0,0,0,1,1,0,1,1,1
stable-group,random,1,6,0,0,0,0,1,1,0,1,1,1
stable-group,random,1,7,0,0,0,0,1,1,0,1,1,1
stable-group,random,1,8,0,0,0,0,1,1,0,1,1,1
stable-group,random,1,9,0,0,0,0,1,1,0,1,1,1
stable-group,random,1,10,0,0,0,0,1,1,0,1,1,1
stable-group,random,1,11,0,0,0,0,1,1,0,1,1,1
fixed-time,random,1,0,0,0,0,0,1,1,0,1,1,1
fixed-time,random,1,1,0,0,0,0,1,1,0,1,1,1
fixed-time,random,1,2,0,0,0,0,1,1,0,1,1,1
fixed-time,random,1,3,0,0,0,0,1,1,0,1,1,1
fixed-time,random,1,4,0,0,0,0,1,1,0,1,1,1
fixed-time,random,1,5,0,0,0,0,1,1,0,1,1,1
fixed-time,random,1,6,0,0,0,0,1,1,0,1,1,1
fixed-time,random,1,7,0,0,0,0,1,1,0,1,1,1
fixed-time,random,1,8,0,0,0,0,1,1,0,1,1,1
fixed-time,random,1,9,0,0,0,0,1,1,0,1,1,1
fixed-time,random,1,10,0,0,0,0,1,1,0,1,1,1
fixed-time,random,1,11,0,0,0,0,1,1,0,1,1,1
fixed-count,random,1,0,0,0,0,0,1,1,0,1,1,1
fixed-count,random,1,1,0,0,0,0,1,1,0,1,1,1
fixed-count,random,1,2,0,0,0,0,1,1,0,1,1,1
fixed-count,random,1,3,0,0,0,0,1,1,0,1,1,1
fixed-count,random,1,4,0,0,0,0,1,1,0,1,1,1
fixed-count,random,1,5,0,0,0,0,1,1,0,1,1,1
fixed-count,random,1,6,0.1,0.1,0.1,0,1,0.9,0.1,1,1,1
fixed-count,random,1,7,0,0,0,0,1,1,0,1,1,1
fixed-count,random,1,8,0,0,0,0,1,1,0,1,1,1
fixed-count,random,1,9,0,0,0,0,1,1,0,1,1,1
fixed-count,random,1,10,0,0,0,0,1,1,0,1,1,1
fixed-count,random,1,11,0,0,0,0,1,1,0,1,1,1
exchange-random,random,1,0,0.1,0.1,0.1,0,1,0.9,0.1,1,1,1
exchange-random,random,1,1,0,0,0,0,1,1,0,1,1,1
exchange-random,random,1,2,0,0,0,0,1,1,0,1,1,1
exchange-random,random,1,3,0,0,0,0,1,1,0,1,1,1
exchange-random,random,1,4,0,0,0,0,1,1,0,1,1,1
exchange-random,random,1,5,0,0,0,0,1,1,0,1,1,1
exchange-random,random,1,6,0.2,0.2,0.2,0,1,0.8,0.2,1,1,1
exchange-random,random,1,7,0,0,0,0,1,1,0,1,1,1
exchange-random,random,1,8,0.1,0.1,0.1,0,1,0.9,0.1,1,1,1
exchange-random,random,1,9,0.1,0.1,0.1,0,1,0.9,0.1,1,1,1
exchange-random,random,1,10,0,0,0,0,1,1,0,1,1,1
exchange-random,random,1,11,0.2,0.2,0.2,0,1,0.8,0.2,1,1,1
stable-group,random,2,0,0,0,0,0,1,1,0,1,1,1
stable-group,random,2,1,0,0,0,0,1,1,0,1,1,1
stable-group,random,2,2,0,0,0,0,1,1,0,1,1,1
stable-group,random,2,3,0,0,0,0,1,1,0,1,1,1
stable-group,random,2,4,0,0,0,0,1,1,0,1,1,1
stable-group,random,2,5,0,0,0,0,1,1,0,1,1,1
stable-group,random,2,6,0,0,0,0,1,1,0,1,1,1
stable-group,random,2,7,0,0,0,0,1,1,0,1,1,1
stable-group,random,2,8,0,0,0,0,1,1,0,1,1,1
stable-group,random,2,9,0,0,0,0,1,1,0,1,1,1
stable-group,random,2,10,0,0,0,0,1,1,0,1,1,1
stable-group,random,2,11,0,0,0,0,1,1,0,1,1,1
strict-hot,hot,2,0,0.1,0.1,0.1,0,1,0.9,0.1,1,1,1
strict-hot,hot,2,1,0,0,0,0,1,1,0,1,1,1
strict-hot,hot,2,2,0,0,0,0,1,1,0,1,1,1
strict-hot,hot,2,3,0,0,0,0,1,1,0,1,1,1
strict-hot,hot,2,4,0.1,0.1,0.1,0,1,0.9,0.1,1,1,1
strict-hot,hot,2,5,0,0,0,0,1,1,0,1,1,1
strict-hot,hot,2,6,0,0,0,0,1,1,0,1,1,1
strict-hot,hot,2,7,0,0,0,0,1,1,0,1,1,1
strict-hot,hot,2,8,0.1,0.1,0.1,0,1,0.9,0.1,1,1,1
strict-hot,hot,2,9,0,0,0,0,1,1,0,1,1,1
strict-hot,hot,2,10,0,0,0,0,1,1,0,1,1,1
strict-hot,hot,2,11,0,0,0,0,1,1,0,1,1,1
fixed-count,random,2,0,0,0,0,0,1,1,0,1,1,1
fixed-count,random,2,1,0,0,0,0,1,1,0,1,1,1
fixed-count,random,2,2,0,0,0,0,1,1,0,1,1,1
fixed-count,random,2,3,0.1,0.1,0.1,0,1,0.9,0.1,1,1,1
fixed-count,random,2,4,0,0,0,0,1,1,0,1,1,1
fixed-count,random,2,5,0,0,0,0,1,1,0,1,1,1
fixed-count,random,2,6,0,0,0,0,1,1,0,1,1,1
fixed-count,random,2,7,0,0,0,0,1,1,0,1,1,1
fixed-count,random,2,8,0,0,0,0,1,1,0,1,1,1
fixed-count,random,2,9,0,0,0,0,1,1,0,1,1,1
fixed-count,random,2,10,0,0,0,0,1,1,0,1,1,1
fixed-count,random,2,11,0,0,0,0,1,1,0,1,1,1
exchange-random,random,2,0,0,0,0,0,1,1,0,1,1,1
exchange-random,random,2,1,0.2,0.2,0.2,0,1,0.8,0.2,1,1,1
exchange-random,random,2,2,0,0,0,0,1,1,0,1,1,1
exchange-random,random,2,3,0.1,0.1,0.1,0,1,0.9,0.1,1,1,1
exchange-random,random,2,4,0,0,0,0,1,1,0,1,1,1
exchange-random,random,2,5,0.1,0.1,0.1,0,1,0.9,0.1,1,1,1
exchange-random,random,2,6,0,0,0,0,1,1,0,1,1,1
exchange-random,random,2,7,0.1,0.1,0.1,0,1,0.9,0.1,1,1,1
exchange-random,random,2,8,0,0,0,0,1,1,0,1,1,1
exchange-random,random,2,9,0,0,0,0,1,1,0,1,1,1
exchange-random,random,2,10,0,0,0,0,1,1,0,1,1,1
exchange-random,random,2,11,0.1,0.1,0.1,0,1,0.9,0.1,1,1,1
exchange-hot-guard,hot,2,0,0,0,0,0,1,1,0,1,1,1
exchange-hot-guard,hot,2,1,0,0,0,0,1,1,0,1,1,1
exchange-hot-guard,hot,2,2,0,0,0,0,1,1,0,1,1,1
exchange-hot-guard,hot,2,3,0,0,0,0,1,1,0,1,1,1
exchange-hot-guard,hot,2,4,0,0,0,0,1,1,0,1,1,1
exchange-hot-guard,hot,2,5,0,0,0,0,1,1,0,1,1,1
exchange-hot-guard,hot,2,6,0,0,0,0,1,1,0,1,1,1
exchange-hot-guard,hot,2,7,0,0,0,0,1,1,0,1,1,1
exchange-hot-guard,hot,2,8,0,0,0,0,1,1,0,1,1,1
exchange-hot-guard,hot,2,9,0,0,0,0,1,1,0,1,1,1
exchange-hot-guard,hot,2,10,0,0,0,0,1,1,0,1,1,1
exchange-hot-guard,hot,2,11,0,0,0,0,1,1,0,1,1,1
fixed-time,random,2,0,0,0,0,0,1,1,0,1,1,1
fixed-time,random,2,1,0,0,0,0,1,1,0,1,1,1
fixed-time,random,2,2,0,0,0,0,1,1,0,1,1,1
fixed-time,random,2,3,0,0,0,0,1,1,0,1,1,1
fixed-time,random,2,4,0,0,0,0,1,1,0,1,1,1
fixed-time,random,2,5,0,0,0,0,1,1,0,1,1,1
fixed-time,random,2,6,0,0,0,0,1,1,0,1,1,1
fixed-time,random,2,7,0,0,0,0,1,1,0,1,1,1
fixed-time,random,2,8,0,0,0,0,1,1,0,1,1,1
fixed-time,random,2,9,0,0,0,0,1,1,0,1,1,1
fixed-time,random,2,10,0,0,0,0,1,1,0,1,1,1
fixed-time,random,2,11,0,0,0,0,1,1,0,1,1,1
strict-random,random,2,0,0,0,0,0,1,1,0,1,1,1
strict-random,random,2,1,0,0,0,0,1,1,0,1,1,1
strict-random,random,2,2,0,0,0,0,1,1,0,1,1,1
strict-random,random,2,3,0.1,0.1,0.1,0,1,0.9,0.1,1,1,1
strict-random,random,2,4,0,0,0,0,1,1,0,1,1,1
strict-random,random,2,5,0,0,0,0,1,1,0,1,1,1
strict-random,random,2,6,0,0,0,0,1,1,0,1,1,1
strict-random,random,2,7,0,0,0,0,1,1,0,1,1,1
strict-random,random,2,8,0,0,0,0,1,1,0,1,1,1
strict-random,random,2,9,0,0,0,0,1,1,0,1,1,1
strict-random,random,2,10,0,0,0,0,1,1,0,1,1,1
strict-random,random,2,11,0,0,0,0,1,1,0,1,1,1
exchange-hot,hot,2,0,0.3,0.3,0.3,5.55112e-17,1,0.7,0.3,1,1,1
exchange-hot,hot,2,1,0.2,0.2,0.2,0,1,0.8,0.2,1,1,1
exchange-hot,hot,2,2,0.2,0.2,0.2,0,1,0.8,0.2,1,1,1
exchange-hot,hot,2,3,0.2,0.2,0.2,0,1,0.8,0.2,1,1,1
exchange-hot,hot,2,4,0.3,0.3,0.3,5.55112e-17,1,0.7,0.3,1,1,1
exchange-hot,hot,2,5,0.2,0.2,0.2,0,1,0.8,0.2,1,1,1
exchange-hot,hot,2,6,0.2,0.2,0.2,0,1,0.8,0.2,1,1,1
exchange-hot,hot,2,7,0.2,0.2,0.2,0,1,0.8,0.2,1,1,1
exchange-hot,hot,2,8,0.3,0.3,0.3,5.55112e-17,1,0.7,0.3,1,1,1
exchange-hot,hot,2,9,0.2,0.2,0.2,0,1,0.8,0.2,1,1,1
exchange-hot,hot,2,10,0.2,0.2,0.2,0,1,0.8,0.2,1,1,1
exchange-hot,hot,2,11,0.2,0.2,0.2,0,1,0.8,0.2,1,1,1
exchange-hot-guard,hot,3,0,0,0,0,0,1,1,0,1,1,1
exchange-hot-guard,hot,3,1,0,0,0,0,1,1,0,1,1,1
exchange-hot-guard,hot,3,2,0,0,0,0,1,1,0,1,1,1
exchange-hot-guard,hot,3,3,0,0,0,0,1,1,0,1,1,1
exchange-hot-guard,hot,3,4,0,0,0,0,1,1,0,1,1,1
exchange-hot-guard,hot,3,5,0,0,0,0,1,1,0,1,1,1
exchange-hot-guard,hot,3,6,0,0,0,0,1,1,0,1,1,1
exchange-hot-guard,hot,3,7,0,0,0,0,1,1,0,1,1,1
exchange-hot-guard,hot,3,8,0,0,0,0,1,1,0,1,1,1
exchange-hot-guard,hot,3,9,0,0,0,0,1,1,0,1,1,1
exchange-hot-guard,hot,3,10,0,0,0,0,1,1,0,1,1,1
exchange-hot-guard,hot,3,11,0,0,0,0,1,1,0,1,1,1
fixed-time,random,3,0,0,0,0,0,1,1,0,1,1,1
fixed-time,random,3,1,0,0,0,0,1,1,0,1,1,1
fixed-time,random,3,2,0,0,0,0,1,1,0,1,1,1
fixed-time,random,3,3,0,0,0,0,1,1,0,1,1,1
fixed-time,random,3,4,0,0,0,0,1,1,0,1,1,1
fixed-time,random,3,5,0,0,0,0,1,1,0,1,1,1
fixed-time,random,3,6,0,0,0,0,1,1,0,1,1,1
fixed-time,random,3,7,0,0,0,0,1,1,0,1,1,1
fixed-time,random,3,8,0,0,0,0,1,1,0,1,1,1
fixed-time,random,3,9,0,0,0,0,1,1,0,1,1,1
fixed-time,random,3,10,0,0,0,0,1,1,0,1,1,1
fixed-time,random,3,11,0,0,0,0,1,1,0,1,1,1
exchange-random,random,3,0,0,0,0,0,1,1,0,1,1,1
exchange-random,random,3,1,0,0,0,0,1,1,0,1,1,1
exchange-random,random,3,2,0.1,0.1,0.1,0,1,0.9,0.1,1,1,1
exchange-random,random,3,3,0.2,0.2,0.2,0,1,0.8,0.2,1,1,1
exchange-random,random,3,4,0,0,0,0,1,1,0,1,1,1
exchange-random,random,3,5,0.2,0.2,0.2,0,1,0.8,0.2,1,1,1
exchange-random,random,3,6,0,0,0,0,1,1,0,1,1,1
exchange-random,random,3,7,0.2,0.2,0.2,0,1,0.8,0.2,1,1,1
exchange-random,random,3,8,0,0,0,0,1,1,0,1,1,1
exchange-random,random,3,9,0,0,0,0,1,1,0,1,1,1
exchange-random,random,3,10,0.2,0.2,0.2,0,1,0.8,0.2,1,1,1
exchange-random,random,3,11,0.1,0.1,0.1,0,1,0.9,0.1,1,1,1
exchange-hot,hot,3,0,0.3,0.3,0.3,5.55112e-17,1,0.7,0.3,1,1,1
exchange-hot,hot,3,1,0.2,0.2,0.2,0,1,0.8,0.2,1,1,1
exchange-hot,hot,3,2,0.2,0.2,0.2,0,1,0.8,0.2,1,1,1
exchange-hot,hot,3,3,0.2,0.2,0.2,0,1,0.8,0.2,1,1,1
exchange-hot,hot,3,4,0.3,0.3,0.3,5.55112e-17,1,0.7,0.3,1,1,1
exchange-hot,hot,3,5,0.2,0.2,0.2,0,1,0.8,0.2,1,1,1
exchange-hot,hot,3,6,0.2,0.2,0.2,0,1,0.8,0.2,1,1,1
exchange-hot,hot,3,7,0.2,0.2,0.2,0,1,0.8,0.2,1,1,1
exchange-hot,hot,3,8,0.3,0.3,0.3,5.55112e-17,1,0.7,0.3,1,1,1
exchange-hot,hot,3,9,0.2,0.2,0.2,0,1,0.8,0.2,1,1,1
exchange-hot,hot,3,10,0.2,0.2,0.2,0,1,0.8,0.2,1,1,1
exchange-hot,hot,3,11,0.2,0.2,0.2,0,1,0.8,0.2,1,1,1
fixed-count,random,3,0,0,0,0,0,1,1,0,1,1,1
fixed-count,random,3,1,0,0,0,0,1,1,0,1,1,1
fixed-count,random,3,2,0,0,0,0,1,1,0,1,1,1
fixed-count,random,3,3,0.1,0.1,0.1,0,1,0.9,0.1,1,1,1
fixed-count,random,3,4,0,0,0,0,1,1,0,1,1,1
fixed-count,random,3,5,0,0,0,0,1,1,0,1,1,1
fixed-count,random,3,6,0,0,0,0,1,1,0,1,1,1
fixed-count,random,3,7,0,0,0,0,1,1,0,1,1,1
fixed-count,random,3,8,0,0,0,0,1,1,0,1,1,1
fixed-count,random,3,9,0,0,0,0,1,1,0,1,1,1
fixed-count,random,3,10,0.1,0.1,0.1,0,1,0.9,0.1,1,1,1
fixed-count,random,3,11,0,0,0,0,1,1,0,1,1,1
stable-group,random,3,0,0,0,0,0,1,1,0,1,1,1
stable-group,random,3,1,0,0,0,0,1,1,0,1,1,1
stable-group,random,3,2,0,0,0,0,1,1,0,1,1,1
stable-group,random,3,3,0,0,0,0,1,1,0,1,1,1
stable-group,random,3,4,0,0,0,0,1,1,0,1,1,1
stable-group,random,3,5,0,0,0,0,1,1,0,1,1,1
stable-group,random,3,6,0,0,0,0,1,1,0,1,1,1
stable-group,random,3,7,0,0,0,0,1,1,0,1,1,1
stable-group,random,3,8,0,0,0,0,1,1,0,1,1,1
stable-group,random,3,9,0,0,0,0,1,1,0,1,1,1
stable-group,random,3,10,0,0,0,0,1,1,0,1,1,1
stable-group,random,3,11,0,0,0,0,1,1,0,1,1,1
strict-hot,hot,3,0,0.1,0.1,0.1,0,1,0.9,0.1,1,1,1
strict-hot,hot,3,1,0,0,0,0,1,1,0,1,1,1
strict-hot,hot,3,2,0,0,0,0,1,1,0,1,1,1
strict-hot,hot,3,3,0,0,0,0,1,1,0,1,1,1
strict-hot,hot,3,4,0.1,0.1,0.1,0,1,0.9,0.1,1,1,1
strict-hot,hot,3,5,0,0,0,0,1,1,0,1,1,1
strict-hot,hot,3,6,0,0,0,0,1,1,0,1,1,1
strict-hot,hot,3,7,0,0,0,0,1,1,0,1,1,1
strict-hot,hot,3,8,0.1,0.1,0.1,0,1,0.9,0.1,1,1,1
strict-hot,hot,3,9,0,0,0,0,1,1,0,1,1,1
strict-hot,hot,3,10,0,0,0,0,1,1,0,1,1,1
strict-hot,hot,3,11,0,0,0,0,1,1,0,1,1,1
strict-random,random,3,0,0,0,0,0,1,1,0,1,1,1
strict-random,random,3,1,0,0,0,0,1,1,0,1,1,1
strict-random,random,3,2,0,0,0,0,1,1,0,1,1,1
strict-random,random,3,3,0.1,0.1,0.1,0,1,0.9,0.1,1,1,1
strict-random,random,3,4,0,0,0,0,1,1,0,1,1,1
strict-random,random,3,5,0,0,0,0,1,1,0,1,1,1
strict-random,random,3,6,0,0,0,0,1,1,0,1,1,1
strict-random,random,3,7,0,0,0,0,1,1,0,1,1,1
strict-random,random,3,8,0,0,0,0,1,1,0,1,1,1
strict-random,random,3,9,0,0,0,0,1,1,0,1,1,1
strict-random,random,3,10,0.1,0.1,0.1,0,1,0.9,0.1,1,1,1
strict-random,random,3,11,0,0,0,0,1,1,0,1,1,1
exchange-random,random,4,0,0.1,0.1,0.1,0,1,0.9,0.1,1,1,1
exchange-random,random,4,1,0,0,0,0,1,1,0,1,1,1
exchange-random,random,4,2,0,0,0,0,1,1,0,1,1,1
exchange-random,random,4,3,0.1,0.1,0.1,0,1,0.9,0.1,1,1,1
exchange-random,random,4,4,0.1,0.1,0.1,0,1,0.9,0.1,1,1,1
exchange-random,random,4,5,0.1,0.1,0.1,0,1,0.9,0.1,1,1,1
exchange-random,random,4,6,0.1,0.1,0.1,0,1,0.9,0.1,1,1,1
exchange-random,random,4,7,0,0,0,0,1,1,0,1,1,1
exchange-random,random,4,8,0,0,0,0,1,1,0,1,1,1
exchange-random,random,4,9,0.2,0.2,0.2,0,1,0.8,0.2,1,1,1
exchange-random,random,4,10,0.1,0.1,0.1,0,1,0.9,0.1,1,1,1
exchange-random,random,4,11,0,0,0,0,1,1,0,1,1,1
fixed-time,random,4,0,0,0,0,0,1,1,0,1,1,1
fixed-time,random,4,1,0,0,0,0,1,1,0,1,1,1
fixed-time,random,4,2,0,0,0,0,1,1,0,1,1,1
fixed-time,random,4,3,0,0,0,0,1,1,0,1,1,1
fixed-time,random,4,4,0,0,0,0,1,1,0,1,1,1
fixed-time,random,4,5,0,0,0,0,1,1,0,1,1,1
fixed-time,random,4,6,0,0,0,0,1,1,0,1,1,1
fixed-time,random,4,7,0,0,0,0,1,1,0,1,1,1
fixed-time,random,4,8,0,0,0,0,1,1,0,1,1,1
fixed-time,random,4,9,0,0,0,0,1,1,0,1,1,1
fixed-time,random,4,10,0,0,0,0,1,1,0,1,1,1
fixed-time,random,4,11,0,0,0,0,1,1,0,1,1,1
strict-random,random,4,0,0.1,0.1,0.1,0,1,0.9,0.1,1,1,1
strict-random,random,4,1,0,0,0,0,1,1,0,1,1,1
strict-random,random,4,2,0,0,0,0,1,1,0,1,1,1
strict-random,random,4,3,0,0,0,0,1,1,0,1,1,1
strict-random,random,4,4,0,0,0,0,1,1,0,1,1,1
strict-random,random,4,5,0,0,0,0,1,1,0,1,1,1
strict-random,random,4,6,0,0,0,0,1,1,0,1,1,1
strict-random,random,4,7,0,0,0,0,1,1,0,1,1,1
strict-random,random,4,8,0,0,0,0,1,1,0,1,1,1
strict-random,random,4,9,0,0,0,0,1,1,0,1,1,1
strict-random,random,4,10,0,0,0,0,1,1,0,1,1,1
strict-random,random,4,11,0,0,0,0,1,1,0,1,1,1
exchange-hot,hot,4,0,0.3,0.3,0.3,5.55112e-17,1,0.7,0.3,1,1,1
exchange-hot,hot,4,1,0.2,0.2,0.2,0,1,0.8,0.2,1,1,1
exchange-hot,hot,4,2,0.2,0.2,0.2,0,1,0.8,0.2,1,1,1
exchange-hot,hot,4,3,0.2,0.2,0.2,0,1,0.8,0.2,1,1,1
exchange-hot,hot,4,4,0.3,0.3,0.3,5.55112e-17,1,0.7,0.3,1,1,1
exchange-hot,hot,4,5,0.2,0.2,0.2,0,1,0.8,0.2,1,1,1
exchange-hot,hot,4,6,0.2,0.2,0.2,0,1,0.8,0.2,1,1,1
exchange-hot,hot,4,7,0.2,0.2,0.2,0,1,0.8,0.2,1,1,1
exchange-hot,hot,4,8,0.3,0.3,0.3,5.55112e-17,1,0.7,0.3,1,1,1
exchange-hot,hot,4,9,0.2,0.2,0.2,0,1,0.8,0.2,1,1,1
exchange-hot,hot,4,10,0.2,0.2,0.2,0,1,0.8,0.2,1,1,1
exchange-hot,hot,4,11,0.2,0.2,0.2,0,1,0.8,0.2,1,1,1
fixed-count,random,4,0,0.1,0.1,0.1,0,1,0.9,0.1,1,1,1
fixed-count,random,4,1,0,0,0,0,1,1,0,1,1,1
fixed-count,random,4,2,0,0,0,0,1,1,0,1,1,1
fixed-count,random,4,3,0,0,0,0,1,1,0,1,1,1
fixed-count,random,4,4,0,0,0,0,1,1,0,1,1,1
fixed-count,random,4,5,0,0,0,0,1,1,0,1,1,1
fixed-count,random,4,6,0,0,0,0,1,1,0,1,1,1
fixed-count,random,4,7,0,0,0,0,1,1,0,1,1,1
fixed-count,random,4,8,0,0,0,0,1,1,0,1,1,1
fixed-count,random,4,9,0,0,0,0,1,1,0,1,1,1
fixed-count,random,4,10,0,0,0,0,1,1,0,1,1,1
fixed-count,random,4,11,0,0,0,0,1,1,0,1,1,1
exchange-hot-guard,hot,4,0,0,0,0,0,1,1,0,1,1,1
exchange-hot-guard,hot,4,1,0,0,0,0,1,1,0,1,1,1
exchange-hot-guard,hot,4,2,0,0,0,0,1,1,0,1,1,1
exchange-hot-guard,hot,4,3,0,0,0,0,1,1,0,1,1,1
exchange-hot-guard,hot,4,4,0,0,0,0,1,1,0,1,1,1
exchange-hot-guard,hot,4,5,0,0,0,0,1,1,0,1,1,1
exchange-hot-guard,hot,4,6,0,0,0,0,1,1,0,1,1,1
exchange-hot-guard,hot,4,7,0,0,0,0,1,1,0,1,1,1
exchange-hot-guard,hot,4,8,0,0,0,0,1,1,0,1,1,1
exchange-hot-guard,hot,4,9,0,0,0,0,1,1,0,1,1,1
exchange-hot-guard,hot,4,10,0,0,0,0,1,1,0,1,1,1
exchange-hot-guard,hot,4,11,0,0,0,0,1,1,0,1,1,1
stable-group,random,4,0,0,0,0,0,1,1,0,1,1,1
stable-group,random,4,1,0,0,0,0,1,1,0,1,1,1
stable-group,random,4,2,0,0,0,0,1,1,0,1,1,1
stable-group,random,4,3,0,0,0,0,1,1,0,1,1,1
stable-group,random,4,4,0,0,0,0,1,1,0,1,1,1
stable-group,random,4,5,0,0,0,0,1,1,0,1,1,1
stable-group,random,4,6,0,0,0,0,1,1,0,1,1,1
stable-group,random,4,7,0,0,0,0,1,1,0,1,1,1
stable-group,random,4,8,0,0,0,0,1,1,0,1,1,1
stable-group,random,4,9,0,0,0,0,1,1,0,1,1,1
stable-group,random,4,10,0,0,0,0,1,1,0,1,1,1
stable-group,random,4,11,0,0,0,0,1,1,0,1,1,1
strict-hot,hot,4,0,0.1,0.1,0.1,0,1,0.9,0.1,1,1,1
strict-hot,hot,4,1,0,0,0,0,1,1,0,1,1,1
strict-hot,hot,4,2,0,0,0,0,1,1,0,1,1,1
strict-hot,hot,4,3,0,0,0,0,1,1,0,1,1,1
strict-hot,hot,4,4,0.1,0.1,0.1,0,1,0.9,0.1,1,1,1
strict-hot,hot,4,5,0,0,0,0,1,1,0,1,1,1
strict-hot,hot,4,6,0,0,0,0,1,1,0,1,1,1
strict-hot,hot,4,7,0,0,0,0,1,1,0,1,1,1
strict-hot,hot,4,8,0.1,0.1,0.1,0,1,0.9,0.1,1,1,1
strict-hot,hot,4,9,0,0,0,0,1,1,0,1,1,1
strict-hot,hot,4,10,0,0,0,0,1,1,0,1,1,1
strict-hot,hot,4,11,0,0,0,0,1,1,0,1,1,1
stable-group,random,5,0,0,0,0,0,1,1,0,1,1,1
stable-group,random,5,1,0,0,0,0,1,1,0,1,1,1
stable-group,random,5,2,0,0,0,0,1,1,0,1,1,1
stable-group,random,5,3,0,0,0,0,1,1,0,1,1,1
stable-group,random,5,4,0,0,0,0,1,1,0,1,1,1
stable-group,random,5,5,0,0,0,0,1,1,0,1,1,1
stable-group,random,5,6,0,0,0,0,1,1,0,1,1,1
stable-group,random,5,7,0,0,0,0,1,1,0,1,1,1
stable-group,random,5,8,0,0,0,0,1,1,0,1,1,1
stable-group,random,5,9,0,0,0,0,1,1,0,1,1,1
stable-group,random,5,10,0,0,0,0,1,1,0,1,1,1
stable-group,random,5,11,0,0,0,0,1,1,0,1,1,1
exchange-hot,hot,5,0,0.3,0.3,0.3,5.55112e-17,1,0.7,0.3,1,1,1
exchange-hot,hot,5,1,0.2,0.2,0.2,0,1,0.8,0.2,1,1,1
exchange-hot,hot,5,2,0.2,0.2,0.2,0,1,0.8,0.2,1,1,1
exchange-hot,hot,5,3,0.2,0.2,0.2,0,1,0.8,0.2,1,1,1
exchange-hot,hot,5,4,0.3,0.3,0.3,5.55112e-17,1,0.7,0.3,1,1,1
exchange-hot,hot,5,5,0.2,0.2,0.2,0,1,0.8,0.2,1,1,1
exchange-hot,hot,5,6,0.2,0.2,0.2,0,1,0.8,0.2,1,1,1
exchange-hot,hot,5,7,0.2,0.2,0.2,0,1,0.8,0.2,1,1,1
exchange-hot,hot,5,8,0.3,0.3,0.3,5.55112e-17,1,0.7,0.3,1,1,1
exchange-hot,hot,5,9,0.2,0.2,0.2,0,1,0.8,0.2,1,1,1
exchange-hot,hot,5,10,0.2,0.2,0.2,0,1,0.8,0.2,1,1,1
exchange-hot,hot,5,11,0.2,0.2,0.2,0,1,0.8,0.2,1,1,1
strict-random,random,5,0,0,0,0,0,1,1,0,1,1,1
strict-random,random,5,1,0,0,0,0,1,1,0,1,1,1
strict-random,random,5,2,0.1,0.1,0.1,0,1,0.9,0.1,1,1,1
strict-random,random,5,3,0,0,0,0,1,1,0,1,1,1
strict-random,random,5,4,0,0,0,0,1,1,0,1,1,1
strict-random,random,5,5,0,0,0,0,1,1,0,1,1,1
strict-random,random,5,6,0,0,0,0,1,1,0,1,1,1
strict-random,random,5,7,0,0,0,0,1,1,0,1,1,1
strict-random,random,5,8,0,0,0,0,1,1,0,1,1,1
strict-random,random,5,9,0,0,0,0,1,1,0,1,1,1
strict-random,random,5,10,0,0,0,0,1,1,0,1,1,1
strict-random,random,5,11,0,0,0,0,1,1,0,1,1,1
exchange-hot-guard,hot,5,0,0,0,0,0,1,1,0,1,1,1
exchange-hot-guard,hot,5,1,0,0,0,0,1,1,0,1,1,1
exchange-hot-guard,hot,5,2,0,0,0,0,1,1,0,1,1,1
exchange-hot-guard,hot,5,3,0,0,0,0,1,1,0,1,1,1
exchange-hot-guard,hot,5,4,0,0,0,0,1,1,0,1,1,1
exchange-hot-guard,hot,5,5,0,0,0,0,1,1,0,1,1,1
exchange-hot-guard,hot,5,6,0,0,0,0,1,1,0,1,1,1
exchange-hot-guard,hot,5,7,0,0,0,0,1,1,0,1,1,1
exchange-hot-guard,hot,5,8,0,0,0,0,1,1,0,1,1,1
exchange-hot-guard,hot,5,9,0,0,0,0,1,1,0,1,1,1
exchange-hot-guard,hot,5,10,0,0,0,0,1,1,0,1,1,1
exchange-hot-guard,hot,5,11,0,0,0,0,1,1,0,1,1,1
strict-hot,hot,5,0,0.1,0.1,0.1,0,1,0.9,0.1,1,1,1
strict-hot,hot,5,1,0,0,0,0,1,1,0,1,1,1
strict-hot,hot,5,2,0,0,0,0,1,1,0,1,1,1
strict-hot,hot,5,3,0,0,0,0,1,1,0,1,1,1
strict-hot,hot,5,4,0.1,0.1,0.1,0,1,0.9,0.1,1,1,1
strict-hot,hot,5,5,0,0,0,0,1,1,0,1,1,1
strict-hot,hot,5,6,0,0,0,0,1,1,0,1,1,1
strict-hot,hot,5,7,0,0,0,0,1,1,0,1,1,1
strict-hot,hot,5,8,0.1,0.1,0.1,0,1,0.9,0.1,1,1,1
strict-hot,hot,5,9,0,0,0,0,1,1,0,1,1,1
strict-hot,hot,5,10,0,0,0,0,1,1,0,1,1,1
strict-hot,hot,5,11,0,0,0,0,1,1,0,1,1,1
exchange-random,random,5,0,0,0,0,0,1,1,0,1,1,1
exchange-random,random,5,1,0.1,0.1,0.1,0,1,0.9,0.1,1,1,1
exchange-random,random,5,2,0.1,0.1,0.1,0,1,0.9,0.1,1,1,1
exchange-random,random,5,3,0.1,0.1,0.1,0,1,0.9,0.1,1,1,1
exchange-random,random,5,4,0,0,0,0,1,1,0,1,1,1
exchange-random,random,5,5,0,0,0,0,1,1,0,1,1,1
exchange-random,random,5,6,0,0,0,0,1,1,0,1,1,1
exchange-random,random,5,7,0.1,0.1,0.1,0,1,0.9,0.1,1,1,1
exchange-random,random,5,8,0,0,0,0,1,1,0,1,1,1
exchange-random,random,5,9,0,0,0,0,1,1,0,1,1,1
exchange-random,random,5,10,0,0,0,0,1,1,0,1,1,1
exchange-random,random,5,11,0,0,0,0,1,1,0,1,1,1
fixed-count,random,5,0,0,0,0,0,1,1,0,1,1,1
fixed-count,random,5,1,0,0,0,0,1,1,0,1,1,1
fixed-count,random,5,2,0.1,0.1,0.1,0,1,0.9,0.1,1,1,1
fixed-count,random,5,3,0,0,0,0,1,1,0,1,1,1
fixed-count,random,5,4,0,0,0,0,1,1,0,1,1,1
fixed-count,random,5,5,0,0,0,0,1,1,0,1,1,1
fixed-count,random,5,6,0,0,0,0,1,1,0,1,1,1
fixed-count,random,5,7,0,0,0,0,1,1,0,1,1,1
fixed-count,random,5,8,0,0,0,0,1,1,0,1,1,1
fixed-count,random,5,9,0,0,0,0,1,1,0,1,1,1
fixed-count,random,5,10,0,0,0,0,1,1,0,1,1,1
fixed-count,random,5,11,0,0,0,0,1,1,0,1,1,1
fixed-time,random,5,0,0,0,0,0,1,1,0,1,1,1
fixed-time,random,5,1,0,0,0,0,1,1,0,1,1,1
fixed-time,random,5,2,0,0,0,0,1,1,0,1,1,1
fixed-time,random,5,3,0,0,0,0,1,1,0,1,1,1
fixed-time,random,5,4,0,0,0,0,1,1,0,1,1,1
fixed-time,random,5,5,0,0,0,0,1,1,0,1,1,1
fixed-time,random,5,6,0,0,0,0,1,1,0,1,1,1
fixed-time,random,5,7,0,0,0,0,1,1,0,1,1,1
fixed-time,random,5,8,0,0,0,0,1,1,0,1,1,1
fixed-time,random,5,9,0,0,0,0,1,1,0,1,1,1
fixed-time,random,5,10,0,0,0,0,1,1,0,1,1,1
fixed-time,random,5,11,0,0,0,0,1,1,0,1,1,1
exchange-hot,hot,6,0,0.3,0.3,0.3,5.55112e-17,1,0.7,0.3,1,1,1
exchange-hot,hot,6,1,0.2,0.2,0.2,0,1,0.8,0.2,1,1,1
exchange-hot,hot,6,2,0.2,0.2,0.2,0,1,0.8,0.2,1,1,1
exchange-hot,hot,6,3,0.2,0.2,0.2,0,1,0.8,0.2,1,1,1
exchange-hot,hot,6,4,0.3,0.3,0.3,5.55112e-17,1,0.7,0.3,1,1,1
exchange-hot,hot,6,5,0.2,0.2,0.2,0,1,0.8,0.2,1,1,1
exchange-hot,hot,6,6,0.2,0.2,0.2,0,1,0.8,0.2,1,1,1
exchange-hot,hot,6,7,0.2,0.2,0.2,0,1,0.8,0.2,1,1,1
exchange-hot,hot,6,8,0.3,0.3,0.3,5.55112e-17,1,0.7,0.3,1,1,1
exchange-hot,hot,6,9,0.2,0.2,0.2,0,1,0.8,0.2,1,1,1
exchange-hot,hot,6,10,0.2,0.2,0.2,0,1,0.8,0.2,1,1,1
exchange-hot,hot,6,11,0.2,0.2,0.2,0,1,0.8,0.2,1,1,1
strict-random,random,6,0,0,0,0,0,1,1,0,1,1,1
strict-random,random,6,1,0.1,0.1,0.1,0,1,0.9,0.1,1,1,1
strict-random,random,6,2,0,0,0,0,1,1,0,1,1,1
strict-random,random,6,3,0,0,0,0,1,1,0,1,1,1
strict-random,random,6,4,0,0,0,0,1,1,0,1,1,1
strict-random,random,6,5,0,0,0,0,1,1,0,1,1,1
strict-random,random,6,6,0,0,0,0,1,1,0,1,1,1
strict-random,random,6,7,0,0,0,0,1,1,0,1,1,1
strict-random,random,6,8,0,0,0,0,1,1,0,1,1,1
strict-random,random,6,9,0,0,0,0,1,1,0,1,1,1
strict-random,random,6,10,0,0,0,0,1,1,0,1,1,1
strict-random,random,6,11,0,0,0,0,1,1,0,1,1,1
fixed-count,random,6,0,0,0,0,0,1,1,0,1,1,1
fixed-count,random,6,1,0.1,0.1,0.1,0,1,0.9,0.1,1,1,1
fixed-count,random,6,2,0,0,0,0,1,1,0,1,1,1
fixed-count,random,6,3,0,0,0,0,1,1,0,1,1,1
fixed-count,random,6,4,0,0,0,0,1,1,0,1,1,1
fixed-count,random,6,5,0,0,0,0,1,1,0,1,1,1
fixed-count,random,6,6,0,0,0,0,1,1,0,1,1,1
fixed-count,random,6,7,0,0,0,0,1,1,0,1,1,1
fixed-count,random,6,8,0,0,0,0,1,1,0,1,1,1
fixed-count,random,6,9,0,0,0,0,1,1,0,1,1,1
fixed-count,random,6,10,0,0,0,0,1,1,0,1,1,1
fixed-count,random,6,11,0,0,0,0,1,1,0,1,1,1
exchange-hot-guard,hot,6,0,0,0,0,0,1,1,0,1,1,1
exchange-hot-guard,hot,6,1,0,0,0,0,1,1,0,1,1,1
exchange-hot-guard,hot,6,2,0,0,0,0,1,1,0,1,1,1
exchange-hot-guard,hot,6,3,0,0,0,0,1,1,0,1,1,1
exchange-hot-guard,hot,6,4,0,0,0,0,1,1,0,1,1,1
exchange-hot-guard,hot,6,5,0,0,0,0,1,1,0,1,1,1
exchange-hot-guard,hot,6,6,0,0,0,0,1,1,0,1,1,1
exchange-hot-guard,hot,6,7,0,0,0,0,1,1,0,1,1,1
exchange-hot-guard,hot,6,8,0,0,0,0,1,1,0,1,1,1
exchange-hot-guard,hot,6,9,0,0,0,0,1,1,0,1,1,1
exchange-hot-guard,hot,6,10,0,0,0,0,1,1,0,1,1,1
exchange-hot-guard,hot,6,11,0,0,0,0,1,1,0,1,1,1
strict-hot,hot,6,0,0.1,0.1,0.1,0,1,0.9,0.1,1,1,1
strict-hot,hot,6,1,0,0,0,0,1,1,0,1,1,1
strict-hot,hot,6,2,0,0,0,0,1,1,0,1,1,1
strict-hot,hot,6,3,0,0,0,0,1,1,0,1,1,1
strict-hot,hot,6,4,0.1,0.1,0.1,0,1,0.9,0.1,1,1,1
strict-hot,hot,6,5,0,0,0,0,1,1,0,1,1,1
strict-hot,hot,6,6,0,0,0,0,1,1,0,1,1,1
strict-hot,hot,6,7,0,0,0,0,1,1,0,1,1,1
strict-hot,hot,6,8,0.1,0.1,0.1,0,1,0.9,0.1,1,1,1
strict-hot,hot,6,9,0,0,0,0,1,1,0,1,1,1
strict-hot,hot,6,10,0,0,0,0,1,1,0,1,1,1
strict-hot,hot,6,11,0,0,0,0,1,1,0,1,1,1
fixed-time,random,6,0,0,0,0,0,1,1,0,1,1,1
fixed-time,random,6,1,0,0,0,0,1,1,0,1,1,1
fixed-time,random,6,2,0,0,0,0,1,1,0,1,1,1
fixed-time,random,6,3,0,0,0,0,1,1,0,1,1,1
fixed-time,random,6,4,0,0,0,0,1,1,0,1,1,1
fixed-time,random,6,5,0,0,0,0,1,1,0,1,1,1
fixed-time,random,6,6,0,0,0,0,1,1,0,1,1,1
fixed-time,random,6,7,0,0,0,0,1,1,0,1,1,1
fixed-time,random,6,8,0,0,0,0,1,1,0,1,1,1
fixed-time,random,6,9,0,0,0,0,1,1,0,1,1,1
fixed-time,random,6,10,0,0,0,0,1,1,0,1,1,1
fixed-time,random,6,11,0,0,0,0,1,1,0,1,1,1
exchange-random,random,6,0,0.1,0.1,0.1,0,1,0.9,0.1,1,1,1
exchange-random,random,6,1,0.3,0.3,0.3,5.55112e-17,1,0.7,0.3,1,1,1
exchange-random,random,6,2,0,0,0,0,1,1,0,1,1,1
exchange-random,random,6,3,0,0,0,0,1,1,0,1,1,1
exchange-random,random,6,4,0,0,0,0,1,1,0,1,1,1
exchange-random,random,6,5,0,0,0,0,1,1,0,1,1,1
exchange-random,random,6,6,0,0,0,0,1,1,0,1,1,1
exchange-random,random,6,7,0,0,0,0,1,1,0,1,1,1
exchange-random,random,6,8,0,0,0,0,1,1,0,1,1,1
exchange-random,random,6,9,0,0,0,0,1,1,0,1,1,1
exchange-random,random,6,10,0.1,0.1,0.1,0,1,0.9,0.1,1,1,1
exchange-random,random,6,11,0.1,0.1,0.1,0,1,0.9,0.1,1,1,1
stable-group,random,6,0,0,0,0,0,1,1,0,1,1,1
stable-group,random,6,1,0,0,0,0,1,1,0,1,1,1
stable-group,random,6,2,0,0,0,0,1,1,0,1,1,1
stable-group,random,6,3,0,0,0,0,1,1,0,1,1,1
stable-group,random,6,4,0,0,0,0,1,1,0,1,1,1
stable-group,random,6,5,0,0,0,0,1,1,0,1,1,1
stable-group,random,6,6,0,0,0,0,1,1,0,1,1,1
stable-group,random,6,7,0,0,0,0,1,1,0,1,1,1
stable-group,random,6,8,0,0,0,0,1,1,0,1,1,1
stable-group,random,6,9,0,0,0,0,1,1,0,1,1,1
stable-group,random,6,10,0,0,0,0,1,1,0,1,1,1
stable-group,random,6,11,0,0,0,0,1,1,0,1,1,1
exchange-hot,hot,7,0,0.3,0.3,0.3,5.55112e-17,1,0.7,0.3,1,1,1
exchange-hot,hot,7,1,0.2,0.2,0.2,0,1,0.8,0.2,1,1,1
exchange-hot,hot,7,2,0.2,0.2,0.2,0,1,0.8,0.2,1,1,1
exchange-hot,hot,7,3,0.2,0.2,0.2,0,1,0.8,0.2,1,1,1
exchange-hot,hot,7,4,0.3,0.3,0.3,5.55112e-17,1,0.7,0.3,1,1,1
exchange-hot,hot,7,5,0.2,0.2,0.2,0,1,0.8,0.2,1,1,1
exchange-hot,hot,7,6,0.2,0.2,0.2,0,1,0.8,0.2,1,1,1
exchange-hot,hot,7,7,0.2,0.2,0.2,0,1,0.8,0.2,1,1,1
exchange-hot,hot,7,8,0.3,0.3,0.3,5.55112e-17,1,0.7,0.3,1,1,1
exchange-hot,hot,7,9,0.2,0.2,0.2,0,1,0.8,0.2,1,1,1
exchange-hot,hot,7,10,0.2,0.2,0.2,0,1,0.8,0.2,1,1,1
exchange-hot,hot,7,11,0.2,0.2,0.2,0,1,0.8,0.2,1,1,1
fixed-count,random,7,0,0,0,0,0,1,1,0,1,1,1
fixed-count,random,7,1,0.1,0.1,0.1,0,1,0.9,0.1,1,1,1
fixed-count,random,7,2,0,0,0,0,1,1,0,1,1,1
fixed-count,random,7,3,0,0,0,0,1,1,0,1,1,1
fixed-count,random,7,4,0,0,0,0,1,1,0,1,1,1
fixed-count,random,7,5,0,0,0,0,1,1,0,1,1,1
fixed-count,random,7,6,0,0,0,0,1,1,0,1,1,1
fixed-count,random,7,7,0,0,0,0,1,1,0,1,1,1
fixed-count,random,7,8,0,0,0,0,1,1,0,1,1,1
fixed-count,random,7,9,0,0,0,0,1,1,0,1,1,1
fixed-count,random,7,10,0,0,0,0,1,1,0,1,1,1
fixed-count,random,7,11,0,0,0,0,1,1,0,1,1,1
strict-random,random,7,0,0,0,0,0,1,1,0,1,1,1
strict-random,random,7,1,0.1,0.1,0.1,0,1,0.9,0.1,1,1,1
strict-random,random,7,2,0,0,0,0,1,1,0,1,1,1
strict-random,random,7,3,0,0,0,0,1,1,0,1,1,1
strict-random,random,7,4,0,0,0,0,1,1,0,1,1,1
strict-random,random,7,5,0,0,0,0,1,1,0,1,1,1
strict-random,random,7,6,0,0,0,0,1,1,0,1,1,1
strict-random,random,7,7,0,0,0,0,1,1,0,1,1,1
strict-random,random,7,8,0,0,0,0,1,1,0,1,1,1
strict-random,random,7,9,0,0,0,0,1,1,0,1,1,1
strict-random,random,7,10,0,0,0,0,1,1,0,1,1,1
strict-random,random,7,11,0,0,0,0,1,1,0,1,1,1
stable-group,random,7,0,0,0,0,0,1,1,0,1,1,1
stable-group,random,7,1,0,0,0,0,1,1,0,1,1,1
stable-group,random,7,2,0,0,0,0,1,1,0,1,1,1
stable-group,random,7,3,0,0,0,0,1,1,0,1,1,1
stable-group,random,7,4,0,0,0,0,1,1,0,1,1,1
stable-group,random,7,5,0,0,0,0,1,1,0,1,1,1
stable-group,random,7,6,0,0,0,0,1,1,0,1,1,1
stable-group,random,7,7,0,0,0,0,1,1,0,1,1,1
stable-group,random,7,8,0,0,0,0,1,1,0,1,1,1
stable-group,random,7,9,0,0,0,0,1,1,0,1,1,1
stable-group,random,7,10,0,0,0,0,1,1,0,1,1,1
stable-group,random,7,11,0,0,0,0,1,1,0,1,1,1
fixed-time,random,7,0,0,0,0,0,1,1,0,1,1,1
fixed-time,random,7,1,0,0,0,0,1,1,0,1,1,1
fixed-time,random,7,2,0,0,0,0,1,1,0,1,1,1
fixed-time,random,7,3,0,0,0,0,1,1,0,1,1,1
fixed-time,random,7,4,0,0,0,0,1,1,0,1,1,1
fixed-time,random,7,5,0,0,0,0,1,1,0,1,1,1
fixed-time,random,7,6,0,0,0,0,1,1,0,1,1,1
fixed-time,random,7,7,0,0,0,0,1,1,0,1,1,1
fixed-time,random,7,8,0,0,0,0,1,1,0,1,1,1
fixed-time,random,7,9,0,0,0,0,1,1,0,1,1,1
fixed-time,random,7,10,0,0,0,0,1,1,0,1,1,1
fixed-time,random,7,11,0,0,0,0,1,1,0,1,1,1
strict-hot,hot,7,0,0.1,0.1,0.1,0,1,0.9,0.1,1,1,1
strict-hot,hot,7,1,0,0,0,0,1,1,0,1,1,1
strict-hot,hot,7,2,0,0,0,0,1,1,0,1,1,1
strict-hot,hot,7,3,0,0,0,0,1,1,0,1,1,1
strict-hot,hot,7,4,0.1,0.1,0.1,0,1,0.9,0.1,1,1,1
strict-hot,hot,7,5,0,0,0,0,1,1,0,1,1,1
strict-hot,hot,7,6,0,0,0,0,1,1,0,1,1,1
strict-hot,hot,7,7,0,0,0,0,1,1,0,1,1,1
strict-hot,hot,7,8,0.1,0.1,0.1,0,1,0.9,0.1,1,1,1
strict-hot,hot,7,9,0,0,0,0,1,1,0,1,1,1
strict-hot,hot,7,10,0,0,0,0,1,1,0,1,1,1
strict-hot,hot,7,11,0,0,0,0,1,1,0,1,1,1
exchange-random,random,7,0,0,0,0,0,1,1,0,1,1,1
exchange-random,random,7,1,0.1,0.1,0.1,0,1,0.9,0.1,1,1,1
exchange-random,random,7,2,0.1,0.1,0.1,0,1,0.9,0.1,1,1,1
exchange-random,random,7,3,0.1,0.1,0.1,0,1,0.9,0.1,1,1,1
exchange-random,random,7,4,0,0,0,0,1,1,0,1,1,1
exchange-random,random,7,5,0,0,0,0,1,1,0,1,1,1
exchange-random,random,7,6,0,0,0,0,1,1,0,1,1,1
exchange-random,random,7,7,0.1,0.1,0.1,0,1,0.9,0.1,1,1,1
exchange-random,random,7,8,0,0,0,0,1,1,0,1,1,1
exchange-random,random,7,9,0,0,0,0,1,1,0,1,1,1
exchange-random,random,7,10,0.1,0.1,0.1,0,1,0.9,0.1,1,1,1
exchange-random,random,7,11,0,0,0,0,1,1,0,1,1,1
exchange-hot-guard,hot,7,0,0,0,0,0,1,1,0,1,1,1
exchange-hot-guard,hot,7,1,0,0,0,0,1,1,0,1,1,1
exchange-hot-guard,hot,7,2,0,0,0,0,1,1,0,1,1,1
exchange-hot-guard,hot,7,3,0,0,0,0,1,1,0,1,1,1
exchange-hot-guard,hot,7,4,0,0,0,0,1,1,0,1,1,1
exchange-hot-guard,hot,7,5,0,0,0,0,1,1,0,1,1,1
exchange-hot-guard,hot,7,6,0,0,0,0,1,1,0,1,1,1
exchange-hot-guard,hot,7,7,0,0,0,0,1,1,0,1,1,1
exchange-hot-guard,hot,7,8,0,0,0,0,1,1,0,1,1,1
exchange-hot-guard,hot,7,9,0,0,0,0,1,1,0,1,1,1
exchange-hot-guard,hot,7,10,0,0,0,0,1,1,0,1,1,1
exchange-hot-guard,hot,7,11,0,0,0,0,1,1,0,1,1,1
strict-random,random,8,0,0,0,0,0,1,1,0,1,1,1
strict-random,random,8,1,0,0,0,0,1,1,0,1,1,1
strict-random,random,8,2,0,0,0,0,1,1,0,1,1,1
strict-random,random,8,3,0,0,0,0,1,1,0,1,1,1
strict-random,random,8,4,0,0,0,0,1,1,0,1,1,1
strict-random,random,8,5,0,0,0,0,1,1,0,1,1,1
strict-random,random,8,6,0,0,0,0,1,1,0,1,1,1
strict-random,random,8,7,0.1,0.1,0.1,0,1,0.9,0.1,1,1,1
strict-random,random,8,8,0,0,0,0,1,1,0,1,1,1
strict-random,random,8,9,0,0,0,0,1,1,0,1,1,1
strict-random,random,8,10,0,0,0,0,1,1,0,1,1,1
strict-random,random,8,11,0,0,0,0,1,1,0,1,1,1
fixed-time,random,8,0,0,0,0,0,1,1,0,1,1,1
fixed-time,random,8,1,0,0,0,0,1,1,0,1,1,1
fixed-time,random,8,2,0,0,0,0,1,1,0,1,1,1
fixed-time,random,8,3,0,0,0,0,1,1,0,1,1,1
fixed-time,random,8,4,0,0,0,0,1,1,0,1,1,1
fixed-time,random,8,5,0,0,0,0,1,1,0,1,1,1
fixed-time,random,8,6,0,0,0,0,1,1,0,1,1,1
fixed-time,random,8,7,0,0,0,0,1,1,0,1,1,1
fixed-time,random,8,8,0,0,0,0,1,1,0,1,1,1
fixed-time,random,8,9,0,0,0,0,1,1,0,1,1,1
fixed-time,random,8,10,0,0,0,0,1,1,0,1,1,1
fixed-time,random,8,11,0,0,0,0,1,1,0,1,1,1
exchange-random,random,8,0,0,0,0,0,1,1,0,1,1,1
exchange-random,random,8,1,0,0,0,0,1,1,0,1,1,1
exchange-random,random,8,2,0,0,0,0,1,1,0,1,1,1
exchange-random,random,8,3,0.1,0.1,0.1,0,1,0.9,0.1,1,1,1
exchange-random,random,8,4,0,0,0,0,1,1,0,1,1,1
exchange-random,random,8,5,0.2,0.2,0.2,0,1,0.8,0.2,1,1,1
exchange-random,random,8,6,0.1,0.1,0.1,0,1,0.9,0.1,1,1,1
exchange-random,random,8,7,0.1,0.1,0.1,0,1,0.9,0.1,1,1,1
exchange-random,random,8,8,0.1,0.1,0.1,0,1,0.9,0.1,1,1,1
exchange-random,random,8,9,0,0,0,0,1,1,0,1,1,1
exchange-random,random,8,10,0,0,0,0,1,1,0,1,1,1
exchange-random,random,8,11,0,0,0,0,1,1,0,1,1,1
fixed-count,random,8,0,0,0,0,0,1,1,0,1,1,1
fixed-count,random,8,1,0,0,0,0,1,1,0,1,1,1
fixed-count,random,8,2,0,0,0,0,1,1,0,1,1,1
fixed-count,random,8,3,0,0,0,0,1,1,0,1,1,1
fixed-count,random,8,4,0,0,0,0,1,1,0,1,1,1
fixed-count,random,8,5,0,0,0,0,1,1,0,1,1,1
fixed-count,random,8,6,0,0,0,0,1,1,0,1,1,1
fixed-count,random,8,7,0.1,0.1,0.1,0,1,0.9,0.1,1,1,1
fixed-count,random,8,8,0,0,0,0,1,1,0,1,1,1
fixed-count,random,8,9,0,0,0,0,1,1,0,1,1,1
fixed-count,random,8,10,0,0,0,0,1,1,0,1,1,1
fixed-count,random,8,11,0,0,0,0,1,1,0,1,1,1
strict-hot,hot,8,0,0.1,0.1,0.1,0,1,0.9,0.1,1,1,1
strict-hot,hot,8,1,0,0,0,0,1,1,0,1,1,1
strict-hot,hot,8,2,0,0,0,0,1,1,0,1,1,1
strict-hot,hot,8,3,0,0,0,0,1,1,0,1,1,1
strict-hot,hot,8,4,0.1,0.1,0.1,0,1,0.9,0.1,1,1,1
strict-hot,hot,8,5,0,0,0,0,1,1,0,1,1,1
strict-hot,hot,8,6,0,0,0,0,1,1,0,1,1,1
strict-hot,hot,8,7,0,0,0,0,1,1,0,1,1,1
strict-hot,hot,8,8,0.1,0.1,0.1,0,1,0.9,0.1,1,1,1
strict-hot,hot,8,9,0,0,0,0,1,1,0,1,1,1
strict-hot,hot,8,10,0,0,0,0,1,1,0,1,1,1
strict-hot,hot,8,11,0,0,0,0,1,1,0,1,1,1
exchange-hot-guard,hot,8,0,0,0,0,0,1,1,0,1,1,1
exchange-hot-guard,hot,8,1,0,0,0,0,1,1,0,1,1,1
exchange-hot-guard,hot,8,2,0,0,0,0,1,1,0,1,1,1
exchange-hot-guard,hot,8,3,0,0,0,0,1,1,0,1,1,1
exchange-hot-guard,hot,8,4,0,0,0,0,1,1,0,1,1,1
exchange-hot-guard,hot,8,5,0,0,0,0,1,1,0,1,1,1
exchange-hot-guard,hot,8,6,0,0,0,0,1,1,0,1,1,1
exchange-hot-guard,hot,8,7,0,0,0,0,1,1,0,1,1,1
exchange-hot-guard,hot,8,8,0,0,0,0,1,1,0,1,1,1
exchange-hot-guard,hot,8,9,0,0,0,0,1,1,0,1,1,1
exchange-hot-guard,hot,8,10,0,0,0,0,1,1,0,1,1,1
exchange-hot-guard,hot,8,11,0,0,0,0,1,1,0,1,1,1
stable-group,random,8,0,0,0,0,0,1,1,0,1,1,1
stable-group,random,8,1,0,0,0,0,1,1,0,1,1,1
stable-group,random,8,2,0,0,0,0,1,1,0,1,1,1
stable-group,random,8,3,0,0,0,0,1,1,0,1,1,1
stable-group,random,8,4,0,0,0,0,1,1,0,1,1,1
stable-group,random,8,5,0,0,0,0,1,1,0,1,1,1
stable-group,random,8,6,0,0,0,0,1,1,0,1,1,1
stable-group,random,8,7,0,0,0,0,1,1,0,1,1,1
stable-group,random,8,8,0,0,0,0,1,1,0,1,1,1
stable-group,random,8,9,0,0,0,0,1,1,0,1,1,1
stable-group,random,8,10,0,0,0,0,1,1,0,1,1,1
stable-group,random,8,11,0,0,0,0,1,1,0,1,1,1
exchange-hot,hot,8,0,0.3,0.3,0.3,5.55112e-17,1,0.7,0.3,1,1,1
exchange-hot,hot,8,1,0.2,0.2,0.2,0,1,0.8,0.2,1,1,1
exchange-hot,hot,8,2,0.2,0.2,0.2,0,1,0.8,0.2,1,1,1
exchange-hot,hot,8,3,0.2,0.2,0.2,0,1,0.8,0.2,1,1,1
exchange-hot,hot,8,4,0.3,0.3,0.3,5.55112e-17,1,0.7,0.3,1,1,1
exchange-hot,hot,8,5,0.2,0.2,0.2,0,1,0.8,0.2,1,1,1
exchange-hot,hot,8,6,0.2,0.2,0.2,0,1,0.8,0.2,1,1,1
exchange-hot,hot,8,7,0.2,0.2,0.2,0,1,0.8,0.2,1,1,1
exchange-hot,hot,8,8,0.3,0.3,0.3,5.55112e-17,1,0.7,0.3,1,1,1
exchange-hot,hot,8,9,0.2,0.2,0.2,0,1,0.8,0.2,1,1,1
exchange-hot,hot,8,10,0.2,0.2,0.2,0,1,0.8,0.2,1,1,1
exchange-hot,hot,8,11,0.2,0.2,0.2,0,1,0.8,0.2,1,1,1
exchange-hot,hot,9,0,0.3,0.3,0.3,5.55112e-17,1,0.7,0.3,1,1,1
exchange-hot,hot,9,1,0.2,0.2,0.2,0,1,0.8,0.2,1,1,1
exchange-hot,hot,9,2,0.2,0.2,0.2,0,1,0.8,0.2,1,1,1
exchange-hot,hot,9,3,0.2,0.2,0.2,0,1,0.8,0.2,1,1,1
exchange-hot,hot,9,4,0.3,0.3,0.3,5.55112e-17,1,0.7,0.3,1,1,1
exchange-hot,hot,9,5,0.2,0.2,0.2,0,1,0.8,0.2,1,1,1
exchange-hot,hot,9,6,0.2,0.2,0.2,0,1,0.8,0.2,1,1,1
exchange-hot,hot,9,7,0.2,0.2,0.2,0,1,0.8,0.2,1,1,1
exchange-hot,hot,9,8,0.3,0.3,0.3,5.55112e-17,1,0.7,0.3,1,1,1
exchange-hot,hot,9,9,0.2,0.2,0.2,0,1,0.8,0.2,1,1,1
exchange-hot,hot,9,10,0.2,0.2,0.2,0,1,0.8,0.2,1,1,1
exchange-hot,hot,9,11,0.2,0.2,0.2,0,1,0.8,0.2,1,1,1
stable-group,random,9,0,0,0,0,0,1,1,0,1,1,1
stable-group,random,9,1,0,0,0,0,1,1,0,1,1,1
stable-group,random,9,2,0,0,0,0,1,1,0,1,1,1
stable-group,random,9,3,0,0,0,0,1,1,0,1,1,1
stable-group,random,9,4,0,0,0,0,1,1,0,1,1,1
stable-group,random,9,5,0,0,0,0,1,1,0,1,1,1
stable-group,random,9,6,0,0,0,0,1,1,0,1,1,1
stable-group,random,9,7,0,0,0,0,1,1,0,1,1,1
stable-group,random,9,8,0,0,0,0,1,1,0,1,1,1
stable-group,random,9,9,0,0,0,0,1,1,0,1,1,1
stable-group,random,9,10,0,0,0,0,1,1,0,1,1,1
stable-group,random,9,11,0,0,0,0,1,1,0,1,1,1
exchange-hot-guard,hot,9,0,0,0,0,0,1,1,0,1,1,1
exchange-hot-guard,hot,9,1,0,0,0,0,1,1,0,1,1,1
exchange-hot-guard,hot,9,2,0,0,0,0,1,1,0,1,1,1
exchange-hot-guard,hot,9,3,0,0,0,0,1,1,0,1,1,1
exchange-hot-guard,hot,9,4,0,0,0,0,1,1,0,1,1,1
exchange-hot-guard,hot,9,5,0,0,0,0,1,1,0,1,1,1
exchange-hot-guard,hot,9,6,0,0,0,0,1,1,0,1,1,1
exchange-hot-guard,hot,9,7,0,0,0,0,1,1,0,1,1,1
exchange-hot-guard,hot,9,8,0,0,0,0,1,1,0,1,1,1
exchange-hot-guard,hot,9,9,0,0,0,0,1,1,0,1,1,1
exchange-hot-guard,hot,9,10,0,0,0,0,1,1,0,1,1,1
exchange-hot-guard,hot,9,11,0,0,0,0,1,1,0,1,1,1
strict-random,random,9,0,0,0,0,0,1,1,0,1,1,1
strict-random,random,9,1,0,0,0,0,1,1,0,1,1,1
strict-random,random,9,2,0,0,0,0,1,1,0,1,1,1
strict-random,random,9,3,0,0,0,0,1,1,0,1,1,1
strict-random,random,9,4,0,0,0,0,1,1,0,1,1,1
strict-random,random,9,5,0,0,0,0,1,1,0,1,1,1
strict-random,random,9,6,0,0,0,0,1,1,0,1,1,1
strict-random,random,9,7,0,0,0,0,1,1,0,1,1,1
strict-random,random,9,8,0,0,0,0,1,1,0,1,1,1
strict-random,random,9,9,0,0,0,0,1,1,0,1,1,1
strict-random,random,9,10,0,0,0,0,1,1,0,1,1,1
strict-random,random,9,11,0,0,0,0,1,1,0,1,1,1
fixed-time,random,9,0,0,0,0,0,1,1,0,1,1,1
fixed-time,random,9,1,0,0,0,0,1,1,0,1,1,1
fixed-time,random,9,2,0,0,0,0,1,1,0,1,1,1
fixed-time,random,9,3,0,0,0,0,1,1,0,1,1,1
fixed-time,random,9,4,0,0,0,0,1,1,0,1,1,1
fixed-time,random,9,5,0,0,0,0,1,1,0,1,1,1
fixed-time,random,9,6,0,0,0,0,1,1,0,1,1,1
fixed-time,random,9,7,0,0,0,0,1,1,0,1,1,1
fixed-time,random,9,8,0,0,0,0,1,1,0,1,1,1
fixed-time,random,9,9,0,0,0,0,1,1,0,1,1,1
fixed-time,random,9,10,0,0,0,0,1,1,0,1,1,1
fixed-time,random,9,11,0,0,0,0,1,1,0,1,1,1
fixed-count,random,9,0,0,0,0,0,1,1,0,1,1,1
fixed-count,random,9,1,0,0,0,0,1,1,0,1,1,1
fixed-count,random,9,2,0,0,0,0,1,1,0,1,1,1
fixed-count,random,9,3,0,0,0,0,1,1,0,1,1,1
fixed-count,random,9,4,0,0,0,0,1,1,0,1,1,1
fixed-count,random,9,5,0,0,0,0,1,1,0,1,1,1
fixed-count,random,9,6,0,0,0,0,1,1,0,1,1,1
fixed-count,random,9,7,0,0,0,0,1,1,0,1,1,1
fixed-count,random,9,8,0,0,0,0,1,1,0,1,1,1
fixed-count,random,9,9,0,0,0,0,1,1,0,1,1,1
fixed-count,random,9,10,0,0,0,0,1,1,0,1,1,1
fixed-count,random,9,11,0,0,0,0,1,1,0,1,1,1
exchange-random,random,9,0,0.1,0.1,0.1,0,1,0.9,0.1,1,1,1
exchange-random,random,9,1,0,0,0,0,1,1,0,1,1,1
exchange-random,random,9,2,0,0,0,0,1,1,0,1,1,1
exchange-random,random,9,3,0,0,0,0,1,1,0,1,1,1
exchange-random,random,9,4,0,0,0,0,1,1,0,1,1,1
exchange-random,random,9,5,0,0,0,0,1,1,0,1,1,1
exchange-random,random,9,6,0.1,0.1,0.1,0,1,0.9,0.1,1,1,1
exchange-random,random,9,7,0.1,0.1,0.1,0,1,0.9,0.1,1,1,1
exchange-random,random,9,8,0,0,0,0,1,1,0,1,1,1
exchange-random,random,9,9,0.1,0.1,0.1,0,1,0.9,0.1,1,1,1
exchange-random,random,9,10,0,0,0,0,1,1,0,1,1,1
exchange-random,random,9,11,0,0,0,0,1,1,0,1,1,1
strict-hot,hot,9,0,0.1,0.1,0.1,0,1,0.9,0.1,1,1,1
strict-hot,hot,9,1,0,0,0,0,1,1,0,1,1,1
strict-hot,hot,9,2,0,0,0,0,1,1,0,1,1,1
strict-hot,hot,9,3,0,0,0,0,1,1,0,1,1,1
strict-hot,hot,9,4,0.1,0.1,0.1,0,1,0.9,0.1,1,1,1
strict-hot,hot,9,5,0,0,0,0,1,1,0,1,1,1
strict-hot,hot,9,6,0,0,0,0,1,1,0,1,1,1
strict-hot,hot,9,7,0,0,0,0,1,1,0,1,1,1
strict-hot,hot,9,8,0.1,0.1,0.1,0,1,0.9,0.1,1,1,1
strict-hot,hot,9,9,0,0,0,0,1,1,0,1,1,1
strict-hot,hot,9,10,0,0,0,0,1,1,0,1,1,1
strict-hot,hot,9,11,0,0,0,0,1,1,0,1,1,1
stable-group,random,10,0,0,0,0,0,1,1,0,1,1,1
stable-group,random,10,1,0,0,0,0,1,1,0,1,1,1
stable-group,random,10,2,0,0,0,0,1,1,0,1,1,1
stable-group,random,10,3,0,0,0,0,1,1,0,1,1,1
stable-group,random,10,4,0,0,0,0,1,1,0,1,1,1
stable-group,random,10,5,0,0,0,0,1,1,0,1,1,1
stable-group,random,10,6,0,0,0,0,1,1,0,1,1,1
stable-group,random,10,7,0,0,0,0,1,1,0,1,1,1
stable-group,random,10,8,0,0,0,0,1,1,0,1,1,1
stable-group,random,10,9,0,0,0,0,1,1,0,1,1,1
stable-group,random,10,10,0,0,0,0,1,1,0,1,1,1
stable-group,random,10,11,0,0,0,0,1,1,0,1,1,1
strict-hot,hot,10,0,0.1,0.1,0.1,0,1,0.9,0.1,1,1,1
strict-hot,hot,10,1,0,0,0,0,1,1,0,1,1,1
strict-hot,hot,10,2,0,0,0,0,1,1,0,1,1,1
strict-hot,hot,10,3,0,0,0,0,1,1,0,1,1,1
strict-hot,hot,10,4,0.1,0.1,0.1,0,1,0.9,0.1,1,1,1
strict-hot,hot,10,5,0,0,0,0,1,1,0,1,1,1
strict-hot,hot,10,6,0,0,0,0,1,1,0,1,1,1
strict-hot,hot,10,7,0,0,0,0,1,1,0,1,1,1
strict-hot,hot,10,8,0.1,0.1,0.1,0,1,0.9,0.1,1,1,1
strict-hot,hot,10,9,0,0,0,0,1,1,0,1,1,1
strict-hot,hot,10,10,0,0,0,0,1,1,0,1,1,1
strict-hot,hot,10,11,0,0,0,0,1,1,0,1,1,1
exchange-hot-guard,hot,10,0,0,0,0,0,1,1,0,1,1,1
exchange-hot-guard,hot,10,1,0,0,0,0,1,1,0,1,1,1
exchange-hot-guard,hot,10,2,0,0,0,0,1,1,0,1,1,1
exchange-hot-guard,hot,10,3,0,0,0,0,1,1,0,1,1,1
exchange-hot-guard,hot,10,4,0,0,0,0,1,1,0,1,1,1
exchange-hot-guard,hot,10,5,0,0,0,0,1,1,0,1,1,1
exchange-hot-guard,hot,10,6,0,0,0,0,1,1,0,1,1,1
exchange-hot-guard,hot,10,7,0,0,0,0,1,1,0,1,1,1
exchange-hot-guard,hot,10,8,0,0,0,0,1,1,0,1,1,1
exchange-hot-guard,hot,10,9,0,0,0,0,1,1,0,1,1,1
exchange-hot-guard,hot,10,10,0,0,0,0,1,1,0,1,1,1
exchange-hot-guard,hot,10,11,0,0,0,0,1,1,0,1,1,1
fixed-count,random,10,0,0,0,0,0,1,1,0,1,1,1
fixed-count,random,10,1,0,0,0,0,1,1,0,1,1,1
fixed-count,random,10,2,0,0,0,0,1,1,0,1,1,1
fixed-count,random,10,3,0,0,0,0,1,1,0,1,1,1
fixed-count,random,10,4,0,0,0,0,1,1,0,1,1,1
fixed-count,random,10,5,0,0,0,0,1,1,0,1,1,1
fixed-count,random,10,6,0,0,0,0,1,1,0,1,1,1
fixed-count,random,10,7,0.1,0.1,0.1,0,1,0.9,0.1,1,1,1
fixed-count,random,10,8,0,0,0,0,1,1,0,1,1,1
fixed-count,random,10,9,0,0,0,0,1,1,0,1,1,1
fixed-count,random,10,10,0,0,0,0,1,1,0,1,1,1
fixed-count,random,10,11,0,0,0,0,1,1,0,1,1,1
fixed-time,random,10,0,0,0,0,0,1,1,0,1,1,1
fixed-time,random,10,1,0,0,0,0,1,1,0,1,1,1
fixed-time,random,10,2,0,0,0,0,1,1,0,1,1,1
fixed-time,random,10,3,0,0,0,0,1,1,0,1,1,1
fixed-time,random,10,4,0,0,0,0,1,1,0,1,1,1
fixed-time,random,10,5,0,0,0,0,1,1,0,1,1,1
fixed-time,random,10,6,0,0,0,0,1,1,0,1,1,1
fixed-time,random,10,7,0,0,0,0,1,1,0,1,1,1
fixed-time,random,10,8,0,0,0,0,1,1,0,1,1,1
fixed-time,random,10,9,0,0,0,0,1,1,0,1,1,1
fixed-time,random,10,10,0,0,0,0,1,1,0,1,1,1
fixed-time,random,10,11,0,0,0,0,1,1,0,1,1,1
exchange-random,random,10,0,0.1,0.1,0.1,0,1,0.9,0.1,1,1,1
exchange-random,random,10,1,0,0,0,0,1,1,0,1,1,1
exchange-random,random,10,2,0.1,0.1,0.1,0,1,0.9,0.1,1,1,1
exchange-random,random,10,3,0,0,0,0,1,1,0,1,1,1
exchange-random,random,10,4,0,0,0,0,1,1,0,1,1,1
exchange-random,random,10,5,0.1,0.1,0.1,0,1,0.9,0.1,1,1,1
exchange-random,random,10,6,0,0,0,0,1,1,0,1,1,1
exchange-random,random,10,7,0.1,0.1,0.1,0,1,0.9,0.1,1,1,1
exchange-random,random,10,8,0.1,0.1,0.1,0,1,0.9,0.1,1,1,1
exchange-random,random,10,9,0,0,0,0,1,1,0,1,1,1
exchange-random,random,10,10,0,0,0,0,1,1,0,1,1,1
exchange-random,random,10,11,0,0,0,0,1,1,0,1,1,1
exchange-hot,hot,10,0,0.3,0.3,0.3,5.55112e-17,1,0.7,0.3,1,1,1
exchange-hot,hot,10,1,0.2,0.2,0.2,0,1,0.8,0.2,1,1,1
exchange-hot,hot,10,2,0.2,0.2,0.2,0,1,0.8,0.2,1,1,1
exchange-hot,hot,10,3,0.2,0.2,0.2,0,1,0.8,0.2,1,1,1
exchange-hot,hot,10,4,0.3,0.3,0.3,5.55112e-17,1,0.7,0.3,1,1,1
exchange-hot,hot,10,5,0.2,0.2,0.2,0,1,0.8,0.2,1,1,1
exchange-hot,hot,10,6,0.2,0.2,0.2,0,1,0.8,0.2,1,1,1
exchange-hot,hot,10,7,0.2,0.2,0.2,0,1,0.8,0.2,1,1,1
exchange-hot,hot,10,8,0.3,0.3,0.3,5.55112e-17,1,0.7,0.3,1,1,1
exchange-hot,hot,10,9,0.2,0.2,0.2,0,1,0.8,0.2,1,1,1
exchange-hot,hot,10,10,0.2,0.2,0.2,0,1,0.8,0.2,1,1,1
exchange-hot,hot,10,11,0.2,0.2,0.2,0,1,0.8,0.2,1,1,1
strict-random,random,10,0,0,0,0,0,1,1,0,1,1,1
strict-random,random,10,1,0,0,0,0,1,1,0,1,1,1
strict-random,random,10,2,0,0,0,0,1,1,0,1,1,1
strict-random,random,10,3,0,0,0,0,1,1,0,1,1,1
strict-random,random,10,4,0,0,0,0,1,1,0,1,1,1
strict-random,random,10,5,0,0,0,0,1,1,0,1,1,1
strict-random,random,10,6,0,0,0,0,1,1,0,1,1,1
strict-random,random,10,7,0.1,0.1,0.1,0,1,0.9,0.1,1,1,1
strict-random,random,10,8,0,0,0,0,1,1,0,1,1,1
strict-random,random,10,9,0,0,0,0,1,1,0,1,1,1
strict-random,random,10,10,0,0,0,0,1,1,0,1,1,1
strict-random,random,10,11,0,0,0,0,1,1,0,1,1,1
strict-hot,hot,11,0,0.1,0.1,0.1,0,1,0.9,0.1,1,1,1
strict-hot,hot,11,1,0,0,0,0,1,1,0,1,1,1
strict-hot,hot,11,2,0,0,0,0,1,1,0,1,1,1
strict-hot,hot,11,3,0,0,0,0,1,1,0,1,1,1
strict-hot,hot,11,4,0.1,0.1,0.1,0,1,0.9,0.1,1,1,1
strict-hot,hot,11,5,0,0,0,0,1,1,0,1,1,1
strict-hot,hot,11,6,0,0,0,0,1,1,0,1,1,1
strict-hot,hot,11,7,0,0,0,0,1,1,0,1,1,1
strict-hot,hot,11,8,0.1,0.1,0.1,0,1,0.9,0.1,1,1,1
strict-hot,hot,11,9,0,0,0,0,1,1,0,1,1,1
strict-hot,hot,11,10,0,0,0,0,1,1,0,1,1,1
strict-hot,hot,11,11,0,0,0,0,1,1,0,1,1,1
exchange-random,random,11,0,0,0,0,0,1,1,0,1,1,1
exchange-random,random,11,1,0,0,0,0,1,1,0,1,1,1
exchange-random,random,11,2,0,0,0,0,1,1,0,1,1,1
exchange-random,random,11,3,0,0,0,0,1,1,0,1,1,1
exchange-random,random,11,4,0.1,0.1,0.1,0,1,0.9,0.1,1,1,1
exchange-random,random,11,5,0,0,0,0,1,1,0,1,1,1
exchange-random,random,11,6,0,0,0,0,1,1,0,1,1,1
exchange-random,random,11,7,0,0,0,0,1,1,0,1,1,1
exchange-random,random,11,8,0,0,0,0,1,1,0,1,1,1
exchange-random,random,11,9,0,0,0,0,1,1,0,1,1,1
exchange-random,random,11,10,0.1,0.1,0.1,0,1,0.9,0.1,1,1,1
exchange-random,random,11,11,0.1,0.1,0.1,0,1,0.9,0.1,1,1,1
exchange-hot,hot,11,0,0.3,0.3,0.3,5.55112e-17,1,0.7,0.3,1,1,1
exchange-hot,hot,11,1,0.2,0.2,0.2,0,1,0.8,0.2,1,1,1
exchange-hot,hot,11,2,0.2,0.2,0.2,0,1,0.8,0.2,1,1,1
exchange-hot,hot,11,3,0.2,0.2,0.2,0,1,0.8,0.2,1,1,1
exchange-hot,hot,11,4,0.3,0.3,0.3,5.55112e-17,1,0.7,0.3,1,1,1
exchange-hot,hot,11,5,0.2,0.2,0.2,0,1,0.8,0.2,1,1,1
exchange-hot,hot,11,6,0.2,0.2,0.2,0,1,0.8,0.2,1,1,1
exchange-hot,hot,11,7,0.2,0.2,0.2,0,1,0.8,0.2,1,1,1
exchange-hot,hot,11,8,0.3,0.3,0.3,5.55112e-17,1,0.7,0.3,1,1,1
exchange-hot,hot,11,9,0.2,0.2,0.2,0,1,0.8,0.2,1,1,1
exchange-hot,hot,11,10,0.2,0.2,0.2,0,1,0.8,0.2,1,1,1
exchange-hot,hot,11,11,0.2,0.2,0.2,0,1,0.8,0.2,1,1,1
exchange-hot-guard,hot,11,0,0,0,0,0,1,1,0,1,1,1
exchange-hot-guard,hot,11,1,0,0,0,0,1,1,0,1,1,1
exchange-hot-guard,hot,11,2,0,0,0,0,1,1,0,1,1,1
exchange-hot-guard,hot,11,3,0,0,0,0,1,1,0,1,1,1
exchange-hot-guard,hot,11,4,0,0,0,0,1,1,0,1,1,1
exchange-hot-guard,hot,11,5,0,0,0,0,1,1,0,1,1,1
exchange-hot-guard,hot,11,6,0,0,0,0,1,1,0,1,1,1
exchange-hot-guard,hot,11,7,0,0,0,0,1,1,0,1,1,1
exchange-hot-guard,hot,11,8,0,0,0,0,1,1,0,1,1,1
exchange-hot-guard,hot,11,9,0,0,0,0,1,1,0,1,1,1
exchange-hot-guard,hot,11,10,0,0,0,0,1,1,0,1,1,1
exchange-hot-guard,hot,11,11,0,0,0,0,1,1,0,1,1,1
fixed-time,random,11,0,0,0,0,0,1,1,0,1,1,1
fixed-time,random,11,1,0,0,0,0,1,1,0,1,1,1
fixed-time,random,11,2,0,0,0,0,1,1,0,1,1,1
fixed-time,random,11,3,0,0,0,0,1,1,0,1,1,1
fixed-time,random,11,4,0,0,0,0,1,1,0,1,1,1
fixed-time,random,11,5,0,0,0,0,1,1,0,1,1,1
fixed-time,random,11,6,0,0,0,0,1,1,0,1,1,1
fixed-time,random,11,7,0,0,0,0,1,1,0,1,1,1
fixed-time,random,11,8,0,0,0,0,1,1,0,1,1,1
fixed-time,random,11,9,0,0,0,0,1,1,0,1,1,1
fixed-time,random,11,10,0,0,0,0,1,1,0,1,1,1
fixed-time,random,11,11,0,0,0,0,1,1,0,1,1,1
stable-group,random,11,0,0,0,0,0,1,1,0,1,1,1
stable-group,random,11,1,0,0,0,0,1,1,0,1,1,1
stable-group,random,11,2,0,0,0,0,1,1,0,1,1,1
stable-group,random,11,3,0,0,0,0,1,1,0,1,1,1
stable-group,random,11,4,0,0,0,0,1,1,0,1,1,1
stable-group,random,11,5,0,0,0,0,1,1,0,1,1,1
stable-group,random,11,6,0,0,0,0,1,1,0,1,1,1
stable-group,random,11,7,0,0,0,0,1,1,0,1,1,1
stable-group,random,11,8,0,0,0,0,1,1,0,1,1,1
stable-group,random,11,9,0,0,0,0,1,1,0,1,1,1
stable-group,random,11,10,0,0,0,0,1,1,0,1,1,1
stable-group,random,11,11,0,0,0,0,1,1,0,1,1,1
fixed-count,random,11,0,0,0,0,0,1,1,0,1,1,1
fixed-count,random,11,1,0,0,0,0,1,1,0,1,1,1
fixed-count,random,11,2,0,0,0,0,1,1,0,1,1,1
fixed-count,random,11,3,0,0,0,0,1,1,0,1,1,1
fixed-count,random,11,4,0,0,0,0,1,1,0,1,1,1
fixed-count,random,11,5,0,0,0,0,1,1,0,1,1,1
fixed-count,random,11,6,0,0,0,0,1,1,0,1,1,1
fixed-count,random,11,7,0,0,0,0,1,1,0,1,1,1
fixed-count,random,11,8,0,0,0,0,1,1,0,1,1,1
fixed-count,random,11,9,0,0,0,0,1,1,0,1,1,1
fixed-count,random,11,10,0,0,0,0,1,1,0,1,1,1
fixed-count,random,11,11,0.1,0.1,0.1,0,1,0.9,0.1,1,1,1
strict-random,random,11,0,0,0,0,0,1,1,0,1,1,1
strict-random,random,11,1,0,0,0,0,1,1,0,1,1,1
strict-random,random,11,2,0,0,0,0,1,1,0,1,1,1
strict-random,random,11,3,0,0,0,0,1,1,0,1,1,1
strict-random,random,11,4,0,0,0,0,1,1,0,1,1,1
strict-random,random,11,5,0,0,0,0,1,1,0,1,1,1
strict-random,random,11,6,0,0,0,0,1,1,0,1,1,1
strict-random,random,11,7,0,0,0,0,1,1,0,1,1,1
strict-random,random,11,8,0,0,0,0,1,1,0,1,1,1
strict-random,random,11,9,0,0,0,0,1,1,0,1,1,1
strict-random,random,11,10,0,0,0,0,1,1,0,1,1,1
strict-random,random,11,11,0.1,0.1,0.1,0,1,0.9,0.1,1,1,1
strict-hot,hot,12,0,0.1,0.1,0.1,0,1,0.9,0.1,1,1,1
strict-hot,hot,12,1,0,0,0,0,1,1,0,1,1,1
strict-hot,hot,12,2,0,0,0,0,1,1,0,1,1,1
strict-hot,hot,12,3,0,0,0,0,1,1,0,1,1,1
strict-hot,hot,12,4,0.1,0.1,0.1,0,1,0.9,0.1,1,1,1
strict-hot,hot,12,5,0,0,0,0,1,1,0,1,1,1
strict-hot,hot,12,6,0,0,0,0,1,1,0,1,1,1
strict-hot,hot,12,7,0,0,0,0,1,1,0,1,1,1
strict-hot,hot,12,8,0.1,0.1,0.1,0,1,0.9,0.1,1,1,1
strict-hot,hot,12,9,0,0,0,0,1,1,0,1,1,1
strict-hot,hot,12,10,0,0,0,0,1,1,0,1,1,1
strict-hot,hot,12,11,0,0,0,0,1,1,0,1,1,1
stable-group,random,12,0,0,0,0,0,1,1,0,1,1,1
stable-group,random,12,1,0,0,0,0,1,1,0,1,1,1
stable-group,random,12,2,0,0,0,0,1,1,0,1,1,1
stable-group,random,12,3,0,0,0,0,1,1,0,1,1,1
stable-group,random,12,4,0,0,0,0,1,1,0,1,1,1
stable-group,random,12,5,0,0,0,0,1,1,0,1,1,1
stable-group,random,12,6,0,0,0,0,1,1,0,1,1,1
stable-group,random,12,7,0,0,0,0,1,1,0,1,1,1
stable-group,random,12,8,0,0,0,0,1,1,0,1,1,1
stable-group,random,12,9,0,0,0,0,1,1,0,1,1,1
stable-group,random,12,10,0,0,0,0,1,1,0,1,1,1
stable-group,random,12,11,0,0,0,0,1,1,0,1,1,1
fixed-time,random,12,0,0,0,0,0,1,1,0,1,1,1
fixed-time,random,12,1,0,0,0,0,1,1,0,1,1,1
fixed-time,random,12,2,0,0,0,0,1,1,0,1,1,1
fixed-time,random,12,3,0,0,0,0,1,1,0,1,1,1
fixed-time,random,12,4,0,0,0,0,1,1,0,1,1,1
fixed-time,random,12,5,0,0,0,0,1,1,0,1,1,1
fixed-time,random,12,6,0,0,0,0,1,1,0,1,1,1
fixed-time,random,12,7,0,0,0,0,1,1,0,1,1,1
fixed-time,random,12,8,0,0,0,0,1,1,0,1,1,1
fixed-time,random,12,9,0,0,0,0,1,1,0,1,1,1
fixed-time,random,12,10,0,0,0,0,1,1,0,1,1,1
fixed-time,random,12,11,0,0,0,0,1,1,0,1,1,1
exchange-random,random,12,0,0,0,0,0,1,1,0,1,1,1
exchange-random,random,12,1,0,0,0,0,1,1,0,1,1,1
exchange-random,random,12,2,0.1,0.1,0.1,0,1,0.9,0.1,1,1,1
exchange-random,random,12,3,0,0,0,0,1,1,0,1,1,1
exchange-random,random,12,4,0,0,0,0,1,1,0,1,1,1
exchange-random,random,12,5,0,0,0,0,1,1,0,1,1,1
exchange-random,random,12,6,0,0,0,0,1,1,0,1,1,1
exchange-random,random,12,7,0.1,0.1,0.1,0,1,0.9,0.1,1,1,1
exchange-random,random,12,8,0,0,0,0,1,1,0,1,1,1
exchange-random,random,12,9,0.1,0.1,0.1,0,1,0.9,0.1,1,1,1
exchange-random,random,12,10,0.1,0.1,0.1,0,1,0.9,0.1,1,1,1
exchange-random,random,12,11,0.1,0.1,0.1,0,1,0.9,0.1,1,1,1
strict-random,random,12,0,0,0,0,0,1,1,0,1,1,1
strict-random,random,12,1,0,0,0,0,1,1,0,1,1,1
strict-random,random,12,2,0,0,0,0,1,1,0,1,1,1
strict-random,random,12,3,0,0,0,0,1,1,0,1,1,1
strict-random,random,12,4,0,0,0,0,1,1,0,1,1,1
strict-random,random,12,5,0,0,0,0,1,1,0,1,1,1
strict-random,random,12,6,0,0,0,0,1,1,0,1,1,1
strict-random,random,12,7,0,0,0,0,1,1,0,1,1,1
strict-random,random,12,8,0,0,0,0,1,1,0,1,1,1
strict-random,random,12,9,0.1,0.1,0.1,0,1,0.9,0.1,1,1,1
strict-random,random,12,10,0,0,0,0,1,1,0,1,1,1
strict-random,random,12,11,0,0,0,0,1,1,0,1,1,1
fixed-count,random,12,0,0,0,0,0,1,1,0,1,1,1
fixed-count,random,12,1,0,0,0,0,1,1,0,1,1,1
fixed-count,random,12,2,0,0,0,0,1,1,0,1,1,1
fixed-count,random,12,3,0,0,0,0,1,1,0,1,1,1
fixed-count,random,12,4,0,0,0,0,1,1,0,1,1,1
fixed-count,random,12,5,0,0,0,0,1,1,0,1,1,1
fixed-count,random,12,6,0,0,0,0,1,1,0,1,1,1
fixed-count,random,12,7,0,0,0,0,1,1,0,1,1,1
fixed-count,random,12,8,0,0,0,0,1,1,0,1,1,1
fixed-count,random,12,9,0.1,0.1,0.1,0,1,0.9,0.1,1,1,1
fixed-count,random,12,10,0,0,0,0,1,1,0,1,1,1
fixed-count,random,12,11,0,0,0,0,1,1,0,1,1,1
exchange-hot-guard,hot,12,0,0,0,0,0,1,1,0,1,1,1
exchange-hot-guard,hot,12,1,0,0,0,0,1,1,0,1,1,1
exchange-hot-guard,hot,12,2,0,0,0,0,1,1,0,1,1,1
exchange-hot-guard,hot,12,3,0,0,0,0,1,1,0,1,1,1
exchange-hot-guard,hot,12,4,0,0,0,0,1,1,0,1,1,1
exchange-hot-guard,hot,12,5,0,0,0,0,1,1,0,1,1,1
exchange-hot-guard,hot,12,6,0,0,0,0,1,1,0,1,1,1
exchange-hot-guard,hot,12,7,0,0,0,0,1,1,0,1,1,1
exchange-hot-guard,hot,12,8,0,0,0,0,1,1,0,1,1,1
exchange-hot-guard,hot,12,9,0,0,0,0,1,1,0,1,1,1
exchange-hot-guard,hot,12,10,0,0,0,0,1,1,0,1,1,1
exchange-hot-guard,hot,12,11,0,0,0,0,1,1,0,1,1,1
exchange-hot,hot,12,0,0.3,0.3,0.3,5.55112e-17,1,0.7,0.3,1,1,1
exchange-hot,hot,12,1,0.2,0.2,0.2,0,1,0.8,0.2,1,1,1
exchange-hot,hot,12,2,0.2,0.2,0.2,0,1,0.8,0.2,1,1,1
exchange-hot,hot,12,3,0.2,0.2,0.2,0,1,0.8,0.2,1,1,1
exchange-hot,hot,12,4,0.3,0.3,0.3,5.55112e-17,1,0.7,0.3,1,1,1
exchange-hot,hot,12,5,0.2,0.2,0.2,0,1,0.8,0.2,1,1,1
exchange-hot,hot,12,6,0.2,0.2,0.2,0,1,0.8,0.2,1,1,1
exchange-hot,hot,12,7,0.2,0.2,0.2,0,1,0.8,0.2,1,1,1
exchange-hot,hot,12,8,0.3,0.3,0.3,5.55112e-17,1,0.7,0.3,1,1,1
exchange-hot,hot,12,9,0.2,0.2,0.2,0,1,0.8,0.2,1,1,1
exchange-hot,hot,12,10,0.2,0.2,0.2,0,1,0.8,0.2,1,1,1
exchange-hot,hot,12,11,0.2,0.2,0.2,0,1,0.8,0.2,1,1,1
exchange-random,random,13,0,0,0,0,0,1,1,0,1,1,1
exchange-random,random,13,1,0,0,0,0,1,1,0,1,1,1
exchange-random,random,13,2,0,0,0,0,1,1,0,1,1,1
exchange-random,random,13,3,0,0,0,0,1,1,0,1,1,1
exchange-random,random,13,4,0.1,0.1,0.1,0,1,0.9,0.1,1,1,1
exchange-random,random,13,5,0,0,0,0,1,1,0,1,1,1
exchange-random,random,13,6,0.1,0.1,0.1,0,1,0.9,0.1,1,1,1
exchange-random,random,13,7,0,0,0,0,1,1,0,1,1,1
exchange-random,random,13,8,0.1,0.1,0.1,0,1,0.9,0.1,1,1,1
exchange-random,random,13,9,0.2,0.2,0.2,0,1,0.8,0.2,1,1,1
exchange-random,random,13,10,0.1,0.1,0.1,0,1,0.9,0.1,1,1,1
exchange-random,random,13,11,0.1,0.1,0.1,0,1,0.9,0.1,1,1,1
stable-group,random,13,0,0,0,0,0,1,1,0,1,1,1
stable-group,random,13,1,0,0,0,0,1,1,0,1,1,1
stable-group,random,13,2,0,0,0,0,1,1,0,1,1,1
stable-group,random,13,3,0,0,0,0,1,1,0,1,1,1
stable-group,random,13,4,0,0,0,0,1,1,0,1,1,1
stable-group,random,13,5,0,0,0,0,1,1,0,1,1,1
stable-group,random,13,6,0,0,0,0,1,1,0,1,1,1
stable-group,random,13,7,0,0,0,0,1,1,0,1,1,1
stable-group,random,13,8,0,0,0,0,1,1,0,1,1,1
stable-group,random,13,9,0,0,0,0,1,1,0,1,1,1
stable-group,random,13,10,0,0,0,0,1,1,0,1,1,1
stable-group,random,13,11,0,0,0,0,1,1,0,1,1,1
strict-hot,hot,13,0,0.1,0.1,0.1,0,1,0.9,0.1,1,1,1
strict-hot,hot,13,1,0,0,0,0,1,1,0,1,1,1
strict-hot,hot,13,2,0,0,0,0,1,1,0,1,1,1
strict-hot,hot,13,3,0,0,0,0,1,1,0,1,1,1
strict-hot,hot,13,4,0.1,0.1,0.1,0,1,0.9,0.1,1,1,1
strict-hot,hot,13,5,0,0,0,0,1,1,0,1,1,1
strict-hot,hot,13,6,0,0,0,0,1,1,0,1,1,1
strict-hot,hot,13,7,0,0,0,0,1,1,0,1,1,1
strict-hot,hot,13,8,0.1,0.1,0.1,0,1,0.9,0.1,1,1,1
strict-hot,hot,13,9,0,0,0,0,1,1,0,1,1,1
strict-hot,hot,13,10,0,0,0,0,1,1,0,1,1,1
strict-hot,hot,13,11,0,0,0,0,1,1,0,1,1,1
fixed-count,random,13,0,0,0,0,0,1,1,0,1,1,1
fixed-count,random,13,1,0,0,0,0,1,1,0,1,1,1
fixed-count,random,13,2,0,0,0,0,1,1,0,1,1,1
fixed-count,random,13,3,0,0,0,0,1,1,0,1,1,1
fixed-count,random,13,4,0,0,0,0,1,1,0,1,1,1
fixed-count,random,13,5,0,0,0,0,1,1,0,1,1,1
fixed-count,random,13,6,0,0,0,0,1,1,0,1,1,1
fixed-count,random,13,7,0,0,0,0,1,1,0,1,1,1
fixed-count,random,13,8,0,0,0,0,1,1,0,1,1,1
fixed-count,random,13,9,0,0,0,0,1,1,0,1,1,1
fixed-count,random,13,10,0,0,0,0,1,1,0,1,1,1
fixed-count,random,13,11,0,0,0,0,1,1,0,1,1,1
fixed-time,random,13,0,0,0,0,0,1,1,0,1,1,1
fixed-time,random,13,1,0,0,0,0,1,1,0,1,1,1
fixed-time,random,13,2,0,0,0,0,1,1,0,1,1,1
fixed-time,random,13,3,0,0,0,0,1,1,0,1,1,1
fixed-time,random,13,4,0,0,0,0,1,1,0,1,1,1
fixed-time,random,13,5,0,0,0,0,1,1,0,1,1,1
fixed-time,random,13,6,0,0,0,0,1,1,0,1,1,1
fixed-time,random,13,7,0,0,0,0,1,1,0,1,1,1
fixed-time,random,13,8,0,0,0,0,1,1,0,1,1,1
fixed-time,random,13,9,0,0,0,0,1,1,0,1,1,1
fixed-time,random,13,10,0,0,0,0,1,1,0,1,1,1
fixed-time,random,13,11,0,0,0,0,1,1,0,1,1,1
exchange-hot-guard,hot,13,0,0,0,0,0,1,1,0,1,1,1
exchange-hot-guard,hot,13,1,0,0,0,0,1,1,0,1,1,1
exchange-hot-guard,hot,13,2,0,0,0,0,1,1,0,1,1,1
exchange-hot-guard,hot,13,3,0,0,0,0,1,1,0,1,1,1
exchange-hot-guard,hot,13,4,0,0,0,0,1,1,0,1,1,1
exchange-hot-guard,hot,13,5,0,0,0,0,1,1,0,1,1,1
exchange-hot-guard,hot,13,6,0,0,0,0,1,1,0,1,1,1
exchange-hot-guard,hot,13,7,0,0,0,0,1,1,0,1,1,1
exchange-hot-guard,hot,13,8,0,0,0,0,1,1,0,1,1,1
exchange-hot-guard,hot,13,9,0,0,0,0,1,1,0,1,1,1
exchange-hot-guard,hot,13,10,0,0,0,0,1,1,0,1,1,1
exchange-hot-guard,hot,13,11,0,0,0,0,1,1,0,1,1,1
exchange-hot,hot,13,0,0.3,0.3,0.3,5.55112e-17,1,0.7,0.3,1,1,1
exchange-hot,hot,13,1,0.2,0.2,0.2,0,1,0.8,0.2,1,1,1
exchange-hot,hot,13,2,0.2,0.2,0.2,0,1,0.8,0.2,1,1,1
exchange-hot,hot,13,3,0.2,0.2,0.2,0,1,0.8,0.2,1,1,1
exchange-hot,hot,13,4,0.3,0.3,0.3,5.55112e-17,1,0.7,0.3,1,1,1
exchange-hot,hot,13,5,0.2,0.2,0.2,0,1,0.8,0.2,1,1,1
exchange-hot,hot,13,6,0.2,0.2,0.2,0,1,0.8,0.2,1,1,1
exchange-hot,hot,13,7,0.2,0.2,0.2,0,1,0.8,0.2,1,1,1
exchange-hot,hot,13,8,0.3,0.3,0.3,5.55112e-17,1,0.7,0.3,1,1,1
exchange-hot,hot,13,9,0.2,0.2,0.2,0,1,0.8,0.2,1,1,1
exchange-hot,hot,13,10,0.2,0.2,0.2,0,1,0.8,0.2,1,1,1
exchange-hot,hot,13,11,0.2,0.2,0.2,0,1,0.8,0.2,1,1,1
strict-random,random,13,0,0,0,0,0,1,1,0,1,1,1
strict-random,random,13,1,0,0,0,0,1,1,0,1,1,1
strict-random,random,13,2,0,0,0,0,1,1,0,1,1,1
strict-random,random,13,3,0,0,0,0,1,1,0,1,1,1
strict-random,random,13,4,0,0,0,0,1,1,0,1,1,1
strict-random,random,13,5,0,0,0,0,1,1,0,1,1,1
strict-random,random,13,6,0,0,0,0,1,1,0,1,1,1
strict-random,random,13,7,0,0,0,0,1,1,0,1,1,1
strict-random,random,13,8,0,0,0,0,1,1,0,1,1,1
strict-random,random,13,9,0,0,0,0,1,1,0,1,1,1
strict-random,random,13,10,0,0,0,0,1,1,0,1,1,1
strict-random,random,13,11,0,0,0,0,1,1,0,1,1,1
fixed-time,random,14,0,0,0,0,0,1,1,0,1,1,1
fixed-time,random,14,1,0,0,0,0,1,1,0,1,1,1
fixed-time,random,14,2,0,0,0,0,1,1,0,1,1,1
fixed-time,random,14,3,0,0,0,0,1,1,0,1,1,1
fixed-time,random,14,4,0,0,0,0,1,1,0,1,1,1
fixed-time,random,14,5,0,0,0,0,1,1,0,1,1,1
fixed-time,random,14,6,0,0,0,0,1,1,0,1,1,1
fixed-time,random,14,7,0,0,0,0,1,1,0,1,1,1
fixed-time,random,14,8,0,0,0,0,1,1,0,1,1,1
fixed-time,random,14,9,0,0,0,0,1,1,0,1,1,1
fixed-time,random,14,10,0,0,0,0,1,1,0,1,1,1
fixed-time,random,14,11,0,0,0,0,1,1,0,1,1,1
strict-hot,hot,14,0,0.1,0.1,0.1,0,1,0.9,0.1,1,1,1
strict-hot,hot,14,1,0,0,0,0,1,1,0,1,1,1
strict-hot,hot,14,2,0,0,0,0,1,1,0,1,1,1
strict-hot,hot,14,3,0,0,0,0,1,1,0,1,1,1
strict-hot,hot,14,4,0.1,0.1,0.1,0,1,0.9,0.1,1,1,1
strict-hot,hot,14,5,0,0,0,0,1,1,0,1,1,1
strict-hot,hot,14,6,0,0,0,0,1,1,0,1,1,1
strict-hot,hot,14,7,0,0,0,0,1,1,0,1,1,1
strict-hot,hot,14,8,0.1,0.1,0.1,0,1,0.9,0.1,1,1,1
strict-hot,hot,14,9,0,0,0,0,1,1,0,1,1,1
strict-hot,hot,14,10,0,0,0,0,1,1,0,1,1,1
strict-hot,hot,14,11,0,0,0,0,1,1,0,1,1,1
fixed-count,random,14,0,0.1,0.1,0.1,0,1,0.9,0.1,1,1,1
fixed-count,random,14,1,0,0,0,0,1,1,0,1,1,1
fixed-count,random,14,2,0,0,0,0,1,1,0,1,1,1
fixed-count,random,14,3,0,0,0,0,1,1,0,1,1,1
fixed-count,random,14,4,0.1,0.1,0.1,0,1,0.9,0.1,1,1,1
fixed-count,random,14,5,0,0,0,0,1,1,0,1,1,1
fixed-count,random,14,6,0,0,0,0,1,1,0,1,1,1
fixed-count,random,14,7,0,0,0,0,1,1,0,1,1,1
fixed-count,random,14,8,0,0,0,0,1,1,0,1,1,1
fixed-count,random,14,9,0,0,0,0,1,1,0,1,1,1
fixed-count,random,14,10,0,0,0,0,1,1,0,1,1,1
fixed-count,random,14,11,0,0,0,0,1,1,0,1,1,1
exchange-hot,hot,14,0,0.3,0.3,0.3,5.55112e-17,1,0.7,0.3,1,1,1
exchange-hot,hot,14,1,0.2,0.2,0.2,0,1,0.8,0.2,1,1,1
exchange-hot,hot,14,2,0.2,0.2,0.2,0,1,0.8,0.2,1,1,1
exchange-hot,hot,14,3,0.2,0.2,0.2,0,1,0.8,0.2,1,1,1
exchange-hot,hot,14,4,0.3,0.3,0.3,5.55112e-17,1,0.7,0.3,1,1,1
exchange-hot,hot,14,5,0.2,0.2,0.2,0,1,0.8,0.2,1,1,1
exchange-hot,hot,14,6,0.2,0.2,0.2,0,1,0.8,0.2,1,1,1
exchange-hot,hot,14,7,0.2,0.2,0.2,0,1,0.8,0.2,1,1,1
exchange-hot,hot,14,8,0.3,0.3,0.3,5.55112e-17,1,0.7,0.3,1,1,1
exchange-hot,hot,14,9,0.2,0.2,0.2,0,1,0.8,0.2,1,1,1
exchange-hot,hot,14,10,0.2,0.2,0.2,0,1,0.8,0.2,1,1,1
exchange-hot,hot,14,11,0.2,0.2,0.2,0,1,0.8,0.2,1,1,1
exchange-hot-guard,hot,14,0,0,0,0,0,1,1,0,1,1,1
exchange-hot-guard,hot,14,1,0,0,0,0,1,1,0,1,1,1
exchange-hot-guard,hot,14,2,0,0,0,0,1,1,0,1,1,1
exchange-hot-guard,hot,14,3,0,0,0,0,1,1,0,1,1,1
exchange-hot-guard,hot,14,4,0,0,0,0,1,1,0,1,1,1
exchange-hot-guard,hot,14,5,0,0,0,0,1,1,0,1,1,1
exchange-hot-guard,hot,14,6,0,0,0,0,1,1,0,1,1,1
exchange-hot-guard,hot,14,7,0,0,0,0,1,1,0,1,1,1
exchange-hot-guard,hot,14,8,0,0,0,0,1,1,0,1,1,1
exchange-hot-guard,hot,14,9,0,0,0,0,1,1,0,1,1,1
exchange-hot-guard,hot,14,10,0,0,0,0,1,1,0,1,1,1
exchange-hot-guard,hot,14,11,0,0,0,0,1,1,0,1,1,1
exchange-random,random,14,0,0.1,0.1,0.1,0,1,0.9,0.1,1,1,1
exchange-random,random,14,1,0,0,0,0,1,1,0,1,1,1
exchange-random,random,14,2,0,0,0,0,1,1,0,1,1,1
exchange-random,random,14,3,0,0,0,0,1,1,0,1,1,1
exchange-random,random,14,4,0.1,0.1,0.1,0,1,0.9,0.1,1,1,1
exchange-random,random,14,5,0.1,0.1,0.1,0,1,0.9,0.1,1,1,1
exchange-random,random,14,6,0,0,0,0,1,1,0,1,1,1
exchange-random,random,14,7,0,0,0,0,1,1,0,1,1,1
exchange-random,random,14,8,0,0,0,0,1,1,0,1,1,1
exchange-random,random,14,9,0,0,0,0,1,1,0,1,1,1
exchange-random,random,14,10,0.1,0.1,0.1,0,1,0.9,0.1,1,1,1
exchange-random,random,14,11,0,0,0,0,1,1,0,1,1,1
strict-random,random,14,0,0.1,0.1,0.1,0,1,0.9,0.1,1,1,1
strict-random,random,14,1,0,0,0,0,1,1,0,1,1,1
strict-random,random,14,2,0,0,0,0,1,1,0,1,1,1
strict-random,random,14,3,0,0,0,0,1,1,0,1,1,1
strict-random,random,14,4,0.1,0.1,0.1,0,1,0.9,0.1,1,1,1
strict-random,random,14,5,0,0,0,0,1,1,0,1,1,1
strict-random,random,14,6,0,0,0,0,1,1,0,1,1,1
strict-random,random,14,7,0,0,0,0,1,1,0,1,1,1
strict-random,random,14,8,0,0,0,0,1,1,0,1,1,1
strict-random,random,14,9,0,0,0,0,1,1,0,1,1,1
strict-random,random,14,10,0,0,0,0,1,1,0,1,1,1
strict-random,random,14,11,0,0,0,0,1,1,0,1,1,1
stable-group,random,14,0,0,0,0,0,1,1,0,1,1,1
stable-group,random,14,1,0,0,0,0,1,1,0,1,1,1
stable-group,random,14,2,0,0,0,0,1,1,0,1,1,1
stable-group,random,14,3,0,0,0,0,1,1,0,1,1,1
stable-group,random,14,4,0,0,0,0,1,1,0,1,1,1
stable-group,random,14,5,0,0,0,0,1,1,0,1,1,1
stable-group,random,14,6,0,0,0,0,1,1,0,1,1,1
stable-group,random,14,7,0,0,0,0,1,1,0,1,1,1
stable-group,random,14,8,0,0,0,0,1,1,0,1,1,1
stable-group,random,14,9,0,0,0,0,1,1,0,1,1,1
stable-group,random,14,10,0,0,0,0,1,1,0,1,1,1
stable-group,random,14,11,0,0,0,0,1,1,0,1,1,1
fixed-time,random,15,0,0,0,0,0,1,1,0,1,1,1
fixed-time,random,15,1,0,0,0,0,1,1,0,1,1,1
fixed-time,random,15,2,0,0,0,0,1,1,0,1,1,1
fixed-time,random,15,3,0,0,0,0,1,1,0,1,1,1
fixed-time,random,15,4,0,0,0,0,1,1,0,1,1,1
fixed-time,random,15,5,0,0,0,0,1,1,0,1,1,1
fixed-time,random,15,6,0,0,0,0,1,1,0,1,1,1
fixed-time,random,15,7,0,0,0,0,1,1,0,1,1,1
fixed-time,random,15,8,0,0,0,0,1,1,0,1,1,1
fixed-time,random,15,9,0,0,0,0,1,1,0,1,1,1
fixed-time,random,15,10,0,0,0,0,1,1,0,1,1,1
fixed-time,random,15,11,0,0,0,0,1,1,0,1,1,1
fixed-count,random,15,0,0,0,0,0,1,1,0,1,1,1
fixed-count,random,15,1,0,0,0,0,1,1,0,1,1,1
fixed-count,random,15,2,0,0,0,0,1,1,0,1,1,1
fixed-count,random,15,3,0.1,0.1,0.1,0,1,0.9,0.1,1,1,1
fixed-count,random,15,4,0,0,0,0,1,1,0,1,1,1
fixed-count,random,15,5,0,0,0,0,1,1,0,1,1,1
fixed-count,random,15,6,0,0,0,0,1,1,0,1,1,1
fixed-count,random,15,7,0,0,0,0,1,1,0,1,1,1
fixed-count,random,15,8,0,0,0,0,1,1,0,1,1,1
fixed-count,random,15,9,0,0,0,0,1,1,0,1,1,1
fixed-count,random,15,10,0,0,0,0,1,1,0,1,1,1
fixed-count,random,15,11,0,0,0,0,1,1,0,1,1,1
strict-hot,hot,15,0,0.1,0.1,0.1,0,1,0.9,0.1,1,1,1
strict-hot,hot,15,1,0,0,0,0,1,1,0,1,1,1
strict-hot,hot,15,2,0,0,0,0,1,1,0,1,1,1
strict-hot,hot,15,3,0,0,0,0,1,1,0,1,1,1
strict-hot,hot,15,4,0.1,0.1,0.1,0,1,0.9,0.1,1,1,1
strict-hot,hot,15,5,0,0,0,0,1,1,0,1,1,1
strict-hot,hot,15,6,0,0,0,0,1,1,0,1,1,1
strict-hot,hot,15,7,0,0,0,0,1,1,0,1,1,1
strict-hot,hot,15,8,0.1,0.1,0.1,0,1,0.9,0.1,1,1,1
strict-hot,hot,15,9,0,0,0,0,1,1,0,1,1,1
strict-hot,hot,15,10,0,0,0,0,1,1,0,1,1,1
strict-hot,hot,15,11,0,0,0,0,1,1,0,1,1,1
strict-random,random,15,0,0,0,0,0,1,1,0,1,1,1
strict-random,random,15,1,0,0,0,0,1,1,0,1,1,1
strict-random,random,15,2,0,0,0,0,1,1,0,1,1,1
strict-random,random,15,3,0.1,0.1,0.1,0,1,0.9,0.1,1,1,1
strict-random,random,15,4,0,0,0,0,1,1,0,1,1,1
strict-random,random,15,5,0,0,0,0,1,1,0,1,1,1
strict-random,random,15,6,0,0,0,0,1,1,0,1,1,1
strict-random,random,15,7,0,0,0,0,1,1,0,1,1,1
strict-random,random,15,8,0,0,0,0,1,1,0,1,1,1
strict-random,random,15,9,0,0,0,0,1,1,0,1,1,1
strict-random,random,15,10,0,0,0,0,1,1,0,1,1,1
strict-random,random,15,11,0,0,0,0,1,1,0,1,1,1
exchange-hot-guard,hot,15,0,0,0,0,0,1,1,0,1,1,1
exchange-hot-guard,hot,15,1,0,0,0,0,1,1,0,1,1,1
exchange-hot-guard,hot,15,2,0,0,0,0,1,1,0,1,1,1
exchange-hot-guard,hot,15,3,0,0,0,0,1,1,0,1,1,1
exchange-hot-guard,hot,15,4,0,0,0,0,1,1,0,1,1,1
exchange-hot-guard,hot,15,5,0,0,0,0,1,1,0,1,1,1
exchange-hot-guard,hot,15,6,0,0,0,0,1,1,0,1,1,1
exchange-hot-guard,hot,15,7,0,0,0,0,1,1,0,1,1,1
exchange-hot-guard,hot,15,8,0,0,0,0,1,1,0,1,1,1
exchange-hot-guard,hot,15,9,0,0,0,0,1,1,0,1,1,1
exchange-hot-guard,hot,15,10,0,0,0,0,1,1,0,1,1,1
exchange-hot-guard,hot,15,11,0,0,0,0,1,1,0,1,1,1
stable-group,random,15,0,0,0,0,0,1,1,0,1,1,1
stable-group,random,15,1,0,0,0,0,1,1,0,1,1,1
stable-group,random,15,2,0,0,0,0,1,1,0,1,1,1
stable-group,random,15,3,0,0,0,0,1,1,0,1,1,1
stable-group,random,15,4,0,0,0,0,1,1,0,1,1,1
stable-group,random,15,5,0,0,0,0,1,1,0,1,1,1
stable-group,random,15,6,0,0,0,0,1,1,0,1,1,1
stable-group,random,15,7,0,0,0,0,1,1,0,1,1,1
stable-group,random,15,8,0,0,0,0,1,1,0,1,1,1
stable-group,random,15,9,0,0,0,0,1,1,0,1,1,1
stable-group,random,15,10,0,0,0,0,1,1,0,1,1,1
stable-group,random,15,11,0,0,0,0,1,1,0,1,1,1
exchange-random,random,15,0,0.1,0.1,0.1,0,1,0.9,0.1,1,1,1
exchange-random,random,15,1,0.1,0.1,0.1,0,1,0.9,0.1,1,1,1
exchange-random,random,15,2,0,0,0,0,1,1,0,1,1,1
exchange-random,random,15,3,0.1,0.1,0.1,0,1,0.9,0.1,1,1,1
exchange-random,random,15,4,0,0,0,0,1,1,0,1,1,1
exchange-random,random,15,5,0,0,0,0,1,1,0,1,1,1
exchange-random,random,15,6,0,0,0,0,1,1,0,1,1,1
exchange-random,random,15,7,0,0,0,0,1,1,0,1,1,1
exchange-random,random,15,8,0,0,0,0,1,1,0,1,1,1
exchange-random,random,15,9,0.1,0.1,0.1,0,1,0.9,0.1,1,1,1
exchange-random,random,15,10,0.1,0.1,0.1,0,1,0.9,0.1,1,1,1
exchange-random,random,15,11,0.1,0.1,0.1,0,1,0.9,0.1,1,1,1
exchange-hot,hot,15,0,0.3,0.3,0.3,5.55112e-17,1,0.7,0.3,1,1,1
exchange-hot,hot,15,1,0.2,0.2,0.2,0,1,0.8,0.2,1,1,1
exchange-hot,hot,15,2,0.2,0.2,0.2,0,1,0.8,0.2,1,1,1
exchange-hot,hot,15,3,0.2,0.2,0.2,0,1,0.8,0.2,1,1,1
exchange-hot,hot,15,4,0.3,0.3,0.3,5.55112e-17,1,0.7,0.3,1,1,1
exchange-hot,hot,15,5,0.2,0.2,0.2,0,1,0.8,0.2,1,1,1
exchange-hot,hot,15,6,0.2,0.2,0.2,0,1,0.8,0.2,1,1,1
exchange-hot,hot,15,7,0.2,0.2,0.2,0,1,0.8,0.2,1,1,1
exchange-hot,hot,15,8,0.3,0.3,0.3,5.55112e-17,1,0.7,0.3,1,1,1
exchange-hot,hot,15,9,0.2,0.2,0.2,0,1,0.8,0.2,1,1,1
exchange-hot,hot,15,10,0.2,0.2,0.2,0,1,0.8,0.2,1,1,1
exchange-hot,hot,15,11,0.2,0.2,0.2,0,1,0.8,0.2,1,1,1
exchange-random,random,16,0,0.2,0.2,0.2,0,1,0.8,0.2,1,1,1
exchange-random,random,16,1,0.1,0.1,0.1,0,1,0.9,0.1,1,1,1
exchange-random,random,16,2,0.1,0.1,0.1,0,1,0.9,0.1,1,1,1
exchange-random,random,16,3,0.1,0.1,0.1,0,1,0.9,0.1,1,1,1
exchange-random,random,16,4,0,0,0,0,1,1,0,1,1,1
exchange-random,random,16,5,0,0,0,0,1,1,0,1,1,1
exchange-random,random,16,6,0,0,0,0,1,1,0,1,1,1
exchange-random,random,16,7,0,0,0,0,1,1,0,1,1,1
exchange-random,random,16,8,0.1,0.1,0.1,0,1,0.9,0.1,1,1,1
exchange-random,random,16,9,0,0,0,0,1,1,0,1,1,1
exchange-random,random,16,10,0.1,0.1,0.1,0,1,0.9,0.1,1,1,1
exchange-random,random,16,11,0,0,0,0,1,1,0,1,1,1
strict-hot,hot,16,0,0.1,0.1,0.1,0,1,0.9,0.1,1,1,1
strict-hot,hot,16,1,0,0,0,0,1,1,0,1,1,1
strict-hot,hot,16,2,0,0,0,0,1,1,0,1,1,1
strict-hot,hot,16,3,0,0,0,0,1,1,0,1,1,1
strict-hot,hot,16,4,0.1,0.1,0.1,0,1,0.9,0.1,1,1,1
strict-hot,hot,16,5,0,0,0,0,1,1,0,1,1,1
strict-hot,hot,16,6,0,0,0,0,1,1,0,1,1,1
strict-hot,hot,16,7,0,0,0,0,1,1,0,1,1,1
strict-hot,hot,16,8,0.1,0.1,0.1,0,1,0.9,0.1,1,1,1
strict-hot,hot,16,9,0,0,0,0,1,1,0,1,1,1
strict-hot,hot,16,10,0,0,0,0,1,1,0,1,1,1
strict-hot,hot,16,11,0,0,0,0,1,1,0,1,1,1
exchange-hot,hot,16,0,0.3,0.3,0.3,5.55112e-17,1,0.7,0.3,1,1,1
exchange-hot,hot,16,1,0.2,0.2,0.2,0,1,0.8,0.2,1,1,1
exchange-hot,hot,16,2,0.2,0.2,0.2,0,1,0.8,0.2,1,1,1
exchange-hot,hot,16,3,0.2,0.2,0.2,0,1,0.8,0.2,1,1,1
exchange-hot,hot,16,4,0.3,0.3,0.3,5.55112e-17,1,0.7,0.3,1,1,1
exchange-hot,hot,16,5,0.2,0.2,0.2,0,1,0.8,0.2,1,1,1
exchange-hot,hot,16,6,0.2,0.2,0.2,0,1,0.8,0.2,1,1,1
exchange-hot,hot,16,7,0.2,0.2,0.2,0,1,0.8,0.2,1,1,1
exchange-hot,hot,16,8,0.3,0.3,0.3,5.55112e-17,1,0.7,0.3,1,1,1
exchange-hot,hot,16,9,0.2,0.2,0.2,0,1,0.8,0.2,1,1,1
exchange-hot,hot,16,10,0.2,0.2,0.2,0,1,0.8,0.2,1,1,1
exchange-hot,hot,16,11,0.2,0.2,0.2,0,1,0.8,0.2,1,1,1
fixed-count,random,16,0,0,0,0,0,1,1,0,1,1,1
fixed-count,random,16,1,0,0,0,0,1,1,0,1,1,1
fixed-count,random,16,2,0,0,0,0,1,1,0,1,1,1
fixed-count,random,16,3,0.1,0.1,0.1,0,1,0.9,0.1,1,1,1
fixed-count,random,16,4,0,0,0,0,1,1,0,1,1,1
fixed-count,random,16,5,0,0,0,0,1,1,0,1,1,1
fixed-count,random,16,6,0,0,0,0,1,1,0,1,1,1
fixed-count,random,16,7,0,0,0,0,1,1,0,1,1,1
fixed-count,random,16,8,0,0,0,0,1,1,0,1,1,1
fixed-count,random,16,9,0,0,0,0,1,1,0,1,1,1
fixed-count,random,16,10,0,0,0,0,1,1,0,1,1,1
fixed-count,random,16,11,0,0,0,0,1,1,0,1,1,1
fixed-time,random,16,0,0,0,0,0,1,1,0,1,1,1
fixed-time,random,16,1,0,0,0,0,1,1,0,1,1,1
fixed-time,random,16,2,0,0,0,0,1,1,0,1,1,1
fixed-time,random,16,3,0,0,0,0,1,1,0,1,1,1
fixed-time,random,16,4,0,0,0,0,1,1,0,1,1,1
fixed-time,random,16,5,0,0,0,0,1,1,0,1,1,1
fixed-time,random,16,6,0,0,0,0,1,1,0,1,1,1
fixed-time,random,16,7,0,0,0,0,1,1,0,1,1,1
fixed-time,random,16,8,0,0,0,0,1,1,0,1,1,1
fixed-time,random,16,9,0,0,0,0,1,1,0,1,1,1
fixed-time,random,16,10,0,0,0,0,1,1,0,1,1,1
fixed-time,random,16,11,0,0,0,0,1,1,0,1,1,1
exchange-hot-guard,hot,16,0,0,0,0,0,1,1,0,1,1,1
exchange-hot-guard,hot,16,1,0,0,0,0,1,1,0,1,1,1
exchange-hot-guard,hot,16,2,0,0,0,0,1,1,0,1,1,1
exchange-hot-guard,hot,16,3,0,0,0,0,1,1,0,1,1,1
exchange-hot-guard,hot,16,4,0,0,0,0,1,1,0,1,1,1
exchange-hot-guard,hot,16,5,0,0,0,0,1,1,0,1,1,1
exchange-hot-guard,hot,16,6,0,0,0,0,1,1,0,1,1,1
exchange-hot-guard,hot,16,7,0,0,0,0,1,1,0,1,1,1
exchange-hot-guard,hot,16,8,0,0,0,0,1,1,0,1,1,1
exchange-hot-guard,hot,16,9,0,0,0,0,1,1,0,1,1,1
exchange-hot-guard,hot,16,10,0,0,0,0,1,1,0,1,1,1
exchange-hot-guard,hot,16,11,0,0,0,0,1,1,0,1,1,1
strict-random,random,16,0,0,0,0,0,1,1,0,1,1,1
strict-random,random,16,1,0,0,0,0,1,1,0,1,1,1
strict-random,random,16,2,0,0,0,0,1,1,0,1,1,1
strict-random,random,16,3,0.1,0.1,0.1,0,1,0.9,0.1,1,1,1
strict-random,random,16,4,0,0,0,0,1,1,0,1,1,1
strict-random,random,16,5,0,0,0,0,1,1,0,1,1,1
strict-random,random,16,6,0,0,0,0,1,1,0,1,1,1
strict-random,random,16,7,0,0,0,0,1,1,0,1,1,1
strict-random,random,16,8,0,0,0,0,1,1,0,1,1,1
strict-random,random,16,9,0,0,0,0,1,1,0,1,1,1
strict-random,random,16,10,0,0,0,0,1,1,0,1,1,1
strict-random,random,16,11,0,0,0,0,1,1,0,1,1,1
stable-group,random,16,0,0,0,0,0,1,1,0,1,1,1
stable-group,random,16,1,0,0,0,0,1,1,0,1,1,1
stable-group,random,16,2,0,0,0,0,1,1,0,1,1,1
stable-group,random,16,3,0,0,0,0,1,1,0,1,1,1
stable-group,random,16,4,0,0,0,0,1,1,0,1,1,1
stable-group,random,16,5,0,0,0,0,1,1,0,1,1,1
stable-group,random,16,6,0,0,0,0,1,1,0,1,1,1
stable-group,random,16,7,0,0,0,0,1,1,0,1,1,1
stable-group,random,16,8,0,0,0,0,1,1,0,1,1,1
stable-group,random,16,9,0,0,0,0,1,1,0,1,1,1
stable-group,random,16,10,0,0,0,0,1,1,0,1,1,1
stable-group,random,16,11,0,0,0,0,1,1,0,1,1,1
exchange-hot,hot,17,0,0.3,0.3,0.3,5.55112e-17,1,0.7,0.3,1,1,1
exchange-hot,hot,17,1,0.2,0.2,0.2,0,1,0.8,0.2,1,1,1
exchange-hot,hot,17,2,0.2,0.2,0.2,0,1,0.8,0.2,1,1,1
exchange-hot,hot,17,3,0.2,0.2,0.2,0,1,0.8,0.2,1,1,1
exchange-hot,hot,17,4,0.3,0.3,0.3,5.55112e-17,1,0.7,0.3,1,1,1
exchange-hot,hot,17,5,0.2,0.2,0.2,0,1,0.8,0.2,1,1,1
exchange-hot,hot,17,6,0.2,0.2,0.2,0,1,0.8,0.2,1,1,1
exchange-hot,hot,17,7,0.2,0.2,0.2,0,1,0.8,0.2,1,1,1
exchange-hot,hot,17,8,0.3,0.3,0.3,5.55112e-17,1,0.7,0.3,1,1,1
exchange-hot,hot,17,9,0.2,0.2,0.2,0,1,0.8,0.2,1,1,1
exchange-hot,hot,17,10,0.2,0.2,0.2,0,1,0.8,0.2,1,1,1
exchange-hot,hot,17,11,0.2,0.2,0.2,0,1,0.8,0.2,1,1,1
fixed-count,random,17,0,0,0,0,0,1,1,0,1,1,1
fixed-count,random,17,1,0.1,0.1,0.1,0,1,0.9,0.1,1,1,1
fixed-count,random,17,2,0,0,0,0,1,1,0,1,1,1
fixed-count,random,17,3,0,0,0,0,1,1,0,1,1,1
fixed-count,random,17,4,0,0,0,0,1,1,0,1,1,1
fixed-count,random,17,5,0,0,0,0,1,1,0,1,1,1
fixed-count,random,17,6,0,0,0,0,1,1,0,1,1,1
fixed-count,random,17,7,0,0,0,0,1,1,0,1,1,1
fixed-count,random,17,8,0,0,0,0,1,1,0,1,1,1
fixed-count,random,17,9,0,0,0,0,1,1,0,1,1,1
fixed-count,random,17,10,0.1,0.1,0.1,0,1,0.9,0.1,1,1,1
fixed-count,random,17,11,0,0,0,0,1,1,0,1,1,1
fixed-time,random,17,0,0,0,0,0,1,1,0,1,1,1
fixed-time,random,17,1,0,0,0,0,1,1,0,1,1,1
fixed-time,random,17,2,0,0,0,0,1,1,0,1,1,1
fixed-time,random,17,3,0,0,0,0,1,1,0,1,1,1
fixed-time,random,17,4,0,0,0,0,1,1,0,1,1,1
fixed-time,random,17,5,0,0,0,0,1,1,0,1,1,1
fixed-time,random,17,6,0,0,0,0,1,1,0,1,1,1
fixed-time,random,17,7,0,0,0,0,1,1,0,1,1,1
fixed-time,random,17,8,0,0,0,0,1,1,0,1,1,1
fixed-time,random,17,9,0,0,0,0,1,1,0,1,1,1
fixed-time,random,17,10,0,0,0,0,1,1,0,1,1,1
fixed-time,random,17,11,0,0,0,0,1,1,0,1,1,1
strict-hot,hot,17,0,0.1,0.1,0.1,0,1,0.9,0.1,1,1,1
strict-hot,hot,17,1,0,0,0,0,1,1,0,1,1,1
strict-hot,hot,17,2,0,0,0,0,1,1,0,1,1,1
strict-hot,hot,17,3,0,0,0,0,1,1,0,1,1,1
strict-hot,hot,17,4,0.1,0.1,0.1,0,1,0.9,0.1,1,1,1
strict-hot,hot,17,5,0,0,0,0,1,1,0,1,1,1
strict-hot,hot,17,6,0,0,0,0,1,1,0,1,1,1
strict-hot,hot,17,7,0,0,0,0,1,1,0,1,1,1
strict-hot,hot,17,8,0.1,0.1,0.1,0,1,0.9,0.1,1,1,1
strict-hot,hot,17,9,0,0,0,0,1,1,0,1,1,1
strict-hot,hot,17,10,0,0,0,0,1,1,0,1,1,1
strict-hot,hot,17,11,0,0,0,0,1,1,0,1,1,1
exchange-hot-guard,hot,17,0,0,0,0,0,1,1,0,1,1,1
exchange-hot-guard,hot,17,1,0,0,0,0,1,1,0,1,1,1
exchange-hot-guard,hot,17,2,0,0,0,0,1,1,0,1,1,1
exchange-hot-guard,hot,17,3,0,0,0,0,1,1,0,1,1,1
exchange-hot-guard,hot,17,4,0,0,0,0,1,1,0,1,1,1
exchange-hot-guard,hot,17,5,0,0,0,0,1,1,0,1,1,1
exchange-hot-guard,hot,17,6,0,0,0,0,1,1,0,1,1,1
exchange-hot-guard,hot,17,7,0,0,0,0,1,1,0,1,1,1
exchange-hot-guard,hot,17,8,0,0,0,0,1,1,0,1,1,1
exchange-hot-guard,hot,17,9,0,0,0,0,1,1,0,1,1,1
exchange-hot-guard,hot,17,10,0,0,0,0,1,1,0,1,1,1
exchange-hot-guard,hot,17,11,0,0,0,0,1,1,0,1,1,1
stable-group,random,17,0,0,0,0,0,1,1,0,1,1,1
stable-group,random,17,1,0,0,0,0,1,1,0,1,1,1
stable-group,random,17,2,0,0,0,0,1,1,0,1,1,1
stable-group,random,17,3,0,0,0,0,1,1,0,1,1,1
stable-group,random,17,4,0,0,0,0,1,1,0,1,1,1
stable-group,random,17,5,0,0,0,0,1,1,0,1,1,1
stable-group,random,17,6,0,0,0,0,1,1,0,1,1,1
stable-group,random,17,7,0,0,0,0,1,1,0,1,1,1
stable-group,random,17,8,0,0,0,0,1,1,0,1,1,1
stable-group,random,17,9,0,0,0,0,1,1,0,1,1,1
stable-group,random,17,10,0,0,0,0,1,1,0,1,1,1
stable-group,random,17,11,0,0,0,0,1,1,0,1,1,1
strict-random,random,17,0,0,0,0,0,1,1,0,1,1,1
strict-random,random,17,1,0.1,0.1,0.1,0,1,0.9,0.1,1,1,1
strict-random,random,17,2,0,0,0,0,1,1,0,1,1,1
strict-random,random,17,3,0,0,0,0,1,1,0,1,1,1
strict-random,random,17,4,0,0,0,0,1,1,0,1,1,1
strict-random,random,17,5,0,0,0,0,1,1,0,1,1,1
strict-random,random,17,6,0,0,0,0,1,1,0,1,1,1
strict-random,random,17,7,0,0,0,0,1,1,0,1,1,1
strict-random,random,17,8,0,0,0,0,1,1,0,1,1,1
strict-random,random,17,9,0,0,0,0,1,1,0,1,1,1
strict-random,random,17,10,0.1,0.1,0.1,0,1,0.9,0.1,1,1,1
strict-random,random,17,11,0,0,0,0,1,1,0,1,1,1
exchange-random,random,17,0,0,0,0,0,1,1,0,1,1,1
exchange-random,random,17,1,0.1,0.1,0.1,0,1,0.9,0.1,1,1,1
exchange-random,random,17,2,0.1,0.1,0.1,0,1,0.9,0.1,1,1,1
exchange-random,random,17,3,0.1,0.1,0.1,0,1,0.9,0.1,1,1,1
exchange-random,random,17,4,0,0,0,0,1,1,0,1,1,1
exchange-random,random,17,5,0,0,0,0,1,1,0,1,1,1
exchange-random,random,17,6,0,0,0,0,1,1,0,1,1,1
exchange-random,random,17,7,0.1,0.1,0.1,0,1,0.9,0.1,1,1,1
exchange-random,random,17,8,0.1,0.1,0.1,0,1,0.9,0.1,1,1,1
exchange-random,random,17,9,0.1,0.1,0.1,0,1,0.9,0.1,1,1,1
exchange-random,random,17,10,0.2,0.2,0.2,0,1,0.8,0.2,1,1,1
exchange-random,random,17,11,0.1,0.1,0.1,0,1,0.9,0.1,1,1,1
stable-group,random,18,0,0,0,0,0,1,1,0,1,1,1
stable-group,random,18,1,0,0,0,0,1,1,0,1,1,1
stable-group,random,18,2,0,0,0,0,1,1,0,1,1,1
stable-group,random,18,3,0,0,0,0,1,1,0,1,1,1
stable-group,random,18,4,0,0,0,0,1,1,0,1,1,1
stable-group,random,18,5,0,0,0,0,1,1,0,1,1,1
stable-group,random,18,6,0,0,0,0,1,1,0,1,1,1
stable-group,random,18,7,0,0,0,0,1,1,0,1,1,1
stable-group,random,18,8,0,0,0,0,1,1,0,1,1,1
stable-group,random,18,9,0,0,0,0,1,1,0,1,1,1
stable-group,random,18,10,0,0,0,0,1,1,0,1,1,1
stable-group,random,18,11,0,0,0,0,1,1,0,1,1,1
strict-hot,hot,18,0,0.1,0.1,0.1,0,1,0.9,0.1,1,1,1
strict-hot,hot,18,1,0,0,0,0,1,1,0,1,1,1
strict-hot,hot,18,2,0,0,0,0,1,1,0,1,1,1
strict-hot,hot,18,3,0,0,0,0,1,1,0,1,1,1
strict-hot,hot,18,4,0.1,0.1,0.1,0,1,0.9,0.1,1,1,1
strict-hot,hot,18,5,0,0,0,0,1,1,0,1,1,1
strict-hot,hot,18,6,0,0,0,0,1,1,0,1,1,1
strict-hot,hot,18,7,0,0,0,0,1,1,0,1,1,1
strict-hot,hot,18,8,0.1,0.1,0.1,0,1,0.9,0.1,1,1,1
strict-hot,hot,18,9,0,0,0,0,1,1,0,1,1,1
strict-hot,hot,18,10,0,0,0,0,1,1,0,1,1,1
strict-hot,hot,18,11,0,0,0,0,1,1,0,1,1,1
exchange-hot-guard,hot,18,0,0,0,0,0,1,1,0,1,1,1
exchange-hot-guard,hot,18,1,0,0,0,0,1,1,0,1,1,1
exchange-hot-guard,hot,18,2,0,0,0,0,1,1,0,1,1,1
exchange-hot-guard,hot,18,3,0,0,0,0,1,1,0,1,1,1
exchange-hot-guard,hot,18,4,0,0,0,0,1,1,0,1,1,1
exchange-hot-guard,hot,18,5,0,0,0,0,1,1,0,1,1,1
exchange-hot-guard,hot,18,6,0,0,0,0,1,1,0,1,1,1
exchange-hot-guard,hot,18,7,0,0,0,0,1,1,0,1,1,1
exchange-hot-guard,hot,18,8,0,0,0,0,1,1,0,1,1,1
exchange-hot-guard,hot,18,9,0,0,0,0,1,1,0,1,1,1
exchange-hot-guard,hot,18,10,0,0,0,0,1,1,0,1,1,1
exchange-hot-guard,hot,18,11,0,0,0,0,1,1,0,1,1,1
exchange-hot,hot,18,0,0.3,0.3,0.3,5.55112e-17,1,0.7,0.3,1,1,1
exchange-hot,hot,18,1,0.2,0.2,0.2,0,1,0.8,0.2,1,1,1
exchange-hot,hot,18,2,0.2,0.2,0.2,0,1,0.8,0.2,1,1,1
exchange-hot,hot,18,3,0.2,0.2,0.2,0,1,0.8,0.2,1,1,1
exchange-hot,hot,18,4,0.3,0.3,0.3,5.55112e-17,1,0.7,0.3,1,1,1
exchange-hot,hot,18,5,0.2,0.2,0.2,0,1,0.8,0.2,1,1,1
exchange-hot,hot,18,6,0.2,0.2,0.2,0,1,0.8,0.2,1,1,1
exchange-hot,hot,18,7,0.2,0.2,0.2,0,1,0.8,0.2,1,1,1
exchange-hot,hot,18,8,0.3,0.3,0.3,5.55112e-17,1,0.7,0.3,1,1,1
exchange-hot,hot,18,9,0.2,0.2,0.2,0,1,0.8,0.2,1,1,1
exchange-hot,hot,18,10,0.2,0.2,0.2,0,1,0.8,0.2,1,1,1
exchange-hot,hot,18,11,0.2,0.2,0.2,0,1,0.8,0.2,1,1,1
exchange-random,random,18,0,0,0,0,0,1,1,0,1,1,1
exchange-random,random,18,1,0,0,0,0,1,1,0,1,1,1
exchange-random,random,18,2,0,0,0,0,1,1,0,1,1,1
exchange-random,random,18,3,0,0,0,0,1,1,0,1,1,1
exchange-random,random,18,4,0,0,0,0,1,1,0,1,1,1
exchange-random,random,18,5,0,0,0,0,1,1,0,1,1,1
exchange-random,random,18,6,0.1,0.1,0.1,0,1,0.9,0.1,1,1,1
exchange-random,random,18,7,0,0,0,0,1,1,0,1,1,1
exchange-random,random,18,8,0.2,0.2,0.2,0,1,0.8,0.2,1,1,1
exchange-random,random,18,9,0.2,0.2,0.2,0,1,0.8,0.2,1,1,1
exchange-random,random,18,10,0.1,0.1,0.1,0,1,0.9,0.1,1,1,1
exchange-random,random,18,11,0,0,0,0,1,1,0,1,1,1
fixed-time,random,18,0,0,0,0,0,1,1,0,1,1,1
fixed-time,random,18,1,0,0,0,0,1,1,0,1,1,1
fixed-time,random,18,2,0,0,0,0,1,1,0,1,1,1
fixed-time,random,18,3,0,0,0,0,1,1,0,1,1,1
fixed-time,random,18,4,0,0,0,0,1,1,0,1,1,1
fixed-time,random,18,5,0,0,0,0,1,1,0,1,1,1
fixed-time,random,18,6,0,0,0,0,1,1,0,1,1,1
fixed-time,random,18,7,0,0,0,0,1,1,0,1,1,1
fixed-time,random,18,8,0,0,0,0,1,1,0,1,1,1
fixed-time,random,18,9,0,0,0,0,1,1,0,1,1,1
fixed-time,random,18,10,0,0,0,0,1,1,0,1,1,1
fixed-time,random,18,11,0,0,0,0,1,1,0,1,1,1
fixed-count,random,18,0,0,0,0,0,1,1,0,1,1,1
fixed-count,random,18,1,0,0,0,0,1,1,0,1,1,1
fixed-count,random,18,2,0,0,0,0,1,1,0,1,1,1
fixed-count,random,18,3,0,0,0,0,1,1,0,1,1,1
fixed-count,random,18,4,0,0,0,0,1,1,0,1,1,1
fixed-count,random,18,5,0,0,0,0,1,1,0,1,1,1
fixed-count,random,18,6,0,0,0,0,1,1,0,1,1,1
fixed-count,random,18,7,0,0,0,0,1,1,0,1,1,1
fixed-count,random,18,8,0,0,0,0,1,1,0,1,1,1
fixed-count,random,18,9,0,0,0,0,1,1,0,1,1,1
fixed-count,random,18,10,0,0,0,0,1,1,0,1,1,1
fixed-count,random,18,11,0,0,0,0,1,1,0,1,1,1
strict-random,random,18,0,0,0,0,0,1,1,0,1,1,1
strict-random,random,18,1,0,0,0,0,1,1,0,1,1,1
strict-random,random,18,2,0,0,0,0,1,1,0,1,1,1
strict-random,random,18,3,0,0,0,0,1,1,0,1,1,1
strict-random,random,18,4,0,0,0,0,1,1,0,1,1,1
strict-random,random,18,5,0,0,0,0,1,1,0,1,1,1
strict-random,random,18,6,0,0,0,0,1,1,0,1,1,1
strict-random,random,18,7,0,0,0,0,1,1,0,1,1,1
strict-random,random,18,8,0,0,0,0,1,1,0,1,1,1
strict-random,random,18,9,0,0,0,0,1,1,0,1,1,1
strict-random,random,18,10,0,0,0,0,1,1,0,1,1,1
strict-random,random,18,11,0,0,0,0,1,1,0,1,1,1
fixed-time,random,19,0,0,0,0,0,1,1,0,1,1,1
fixed-time,random,19,1,0,0,0,0,1,1,0,1,1,1
fixed-time,random,19,2,0,0,0,0,1,1,0,1,1,1
fixed-time,random,19,3,0,0,0,0,1,1,0,1,1,1
fixed-time,random,19,4,0,0,0,0,1,1,0,1,1,1
fixed-time,random,19,5,0,0,0,0,1,1,0,1,1,1
fixed-time,random,19,6,0,0,0,0,1,1,0,1,1,1
fixed-time,random,19,7,0,0,0,0,1,1,0,1,1,1
fixed-time,random,19,8,0,0,0,0,1,1,0,1,1,1
fixed-time,random,19,9,0,0,0,0,1,1,0,1,1,1
fixed-time,random,19,10,0,0,0,0,1,1,0,1,1,1
fixed-time,random,19,11,0,0,0,0,1,1,0,1,1,1
strict-random,random,19,0,0,0,0,0,1,1,0,1,1,1
strict-random,random,19,1,0,0,0,0,1,1,0,1,1,1
strict-random,random,19,2,0,0,0,0,1,1,0,1,1,1
strict-random,random,19,3,0,0,0,0,1,1,0,1,1,1
strict-random,random,19,4,0,0,0,0,1,1,0,1,1,1
strict-random,random,19,5,0,0,0,0,1,1,0,1,1,1
strict-random,random,19,6,0,0,0,0,1,1,0,1,1,1
strict-random,random,19,7,0,0,0,0,1,1,0,1,1,1
strict-random,random,19,8,0,0,0,0,1,1,0,1,1,1
strict-random,random,19,9,0.1,0.1,0.1,0,1,0.9,0.1,1,1,1
strict-random,random,19,10,0,0,0,0,1,1,0,1,1,1
strict-random,random,19,11,0,0,0,0,1,1,0,1,1,1
strict-hot,hot,19,0,0.1,0.1,0.1,0,1,0.9,0.1,1,1,1
strict-hot,hot,19,1,0,0,0,0,1,1,0,1,1,1
strict-hot,hot,19,2,0,0,0,0,1,1,0,1,1,1
strict-hot,hot,19,3,0,0,0,0,1,1,0,1,1,1
strict-hot,hot,19,4,0.1,0.1,0.1,0,1,0.9,0.1,1,1,1
strict-hot,hot,19,5,0,0,0,0,1,1,0,1,1,1
strict-hot,hot,19,6,0,0,0,0,1,1,0,1,1,1
strict-hot,hot,19,7,0,0,0,0,1,1,0,1,1,1
strict-hot,hot,19,8,0.1,0.1,0.1,0,1,0.9,0.1,1,1,1
strict-hot,hot,19,9,0,0,0,0,1,1,0,1,1,1
strict-hot,hot,19,10,0,0,0,0,1,1,0,1,1,1
strict-hot,hot,19,11,0,0,0,0,1,1,0,1,1,1
exchange-random,random,19,0,0,0,0,0,1,1,0,1,1,1
exchange-random,random,19,1,0,0,0,0,1,1,0,1,1,1
exchange-random,random,19,2,0,0,0,0,1,1,0,1,1,1
exchange-random,random,19,3,0.1,0.1,0.1,0,1,0.9,0.1,1,1,1
exchange-random,random,19,4,0,0,0,0,1,1,0,1,1,1
exchange-random,random,19,5,0,0,0,0,1,1,0,1,1,1
exchange-random,random,19,6,0.1,0.1,0.1,0,1,0.9,0.1,1,1,1
exchange-random,random,19,7,0.2,0.2,0.2,0,1,0.8,0.2,1,1,1
exchange-random,random,19,8,0.1,0.1,0.1,0,1,0.9,0.1,1,1,1
exchange-random,random,19,9,0.2,0.2,0.2,0,1,0.8,0.2,1,1,1
exchange-random,random,19,10,0,0,0,0,1,1,0,1,1,1
exchange-random,random,19,11,0.2,0.2,0.2,0,1,0.8,0.2,1,1,1
exchange-hot,hot,19,0,0.3,0.3,0.3,5.55112e-17,1,0.7,0.3,1,1,1
exchange-hot,hot,19,1,0.2,0.2,0.2,0,1,0.8,0.2,1,1,1
exchange-hot,hot,19,2,0.2,0.2,0.2,0,1,0.8,0.2,1,1,1
exchange-hot,hot,19,3,0.2,0.2,0.2,0,1,0.8,0.2,1,1,1
exchange-hot,hot,19,4,0.3,0.3,0.3,5.55112e-17,1,0.7,0.3,1,1,1
exchange-hot,hot,19,5,0.2,0.2,0.2,0,1,0.8,0.2,1,1,1
exchange-hot,hot,19,6,0.2,0.2,0.2,0,1,0.8,0.2,1,1,1
exchange-hot,hot,19,7,0.2,0.2,0.2,0,1,0.8,0.2,1,1,1
exchange-hot,hot,19,8,0.3,0.3,0.3,5.55112e-17,1,0.7,0.3,1,1,1
exchange-hot,hot,19,9,0.2,0.2,0.2,0,1,0.8,0.2,1,1,1
exchange-hot,hot,19,10,0.2,0.2,0.2,0,1,0.8,0.2,1,1,1
exchange-hot,hot,19,11,0.2,0.2,0.2,0,1,0.8,0.2,1,1,1
stable-group,random,19,0,0,0,0,0,1,1,0,1,1,1
stable-group,random,19,1,0,0,0,0,1,1,0,1,1,1
stable-group,random,19,2,0,0,0,0,1,1,0,1,1,1
stable-group,random,19,3,0,0,0,0,1,1,0,1,1,1
stable-group,random,19,4,0,0,0,0,1,1,0,1,1,1
stable-group,random,19,5,0,0,0,0,1,1,0,1,1,1
stable-group,random,19,6,0,0,0,0,1,1,0,1,1,1
stable-group,random,19,7,0,0,0,0,1,1,0,1,1,1
stable-group,random,19,8,0,0,0,0,1,1,0,1,1,1
stable-group,random,19,9,0,0,0,0,1,1,0,1,1,1
stable-group,random,19,10,0,0,0,0,1,1,0,1,1,1
stable-group,random,19,11,0,0,0,0,1,1,0,1,1,1
exchange-hot-guard,hot,19,0,0,0,0,0,1,1,0,1,1,1
exchange-hot-guard,hot,19,1,0,0,0,0,1,1,0,1,1,1
exchange-hot-guard,hot,19,2,0,0,0,0,1,1,0,1,1,1
exchange-hot-guard,hot,19,3,0,0,0,0,1,1,0,1,1,1
exchange-hot-guard,hot,19,4,0,0,0,0,1,1,0,1,1,1
exchange-hot-guard,hot,19,5,0,0,0,0,1,1,0,1,1,1
exchange-hot-guard,hot,19,6,0,0,0,0,1,1,0,1,1,1
exchange-hot-guard,hot,19,7,0,0,0,0,1,1,0,1,1,1
exchange-hot-guard,hot,19,8,0,0,0,0,1,1,0,1,1,1
exchange-hot-guard,hot,19,9,0,0,0,0,1,1,0,1,1,1
exchange-hot-guard,hot,19,10,0,0,0,0,1,1,0,1,1,1
exchange-hot-guard,hot,19,11,0,0,0,0,1,1,0,1,1,1
fixed-count,random,19,0,0,0,0,0,1,1,0,1,1,1
fixed-count,random,19,1,0,0,0,0,1,1,0,1,1,1
fixed-count,random,19,2,0,0,0,0,1,1,0,1,1,1
fixed-count,random,19,3,0,0,0,0,1,1,0,1,1,1
fixed-count,random,19,4,0,0,0,0,1,1,0,1,1,1
fixed-count,random,19,5,0,0,0,0,1,1,0,1,1,1
fixed-count,random,19,6,0,0,0,0,1,1,0,1,1,1
fixed-count,random,19,7,0,0,0,0,1,1,0,1,1,1
fixed-count,random,19,8,0,0,0,0,1,1,0,1,1,1
fixed-count,random,19,9,0.1,0.1,0.1,0,1,0.9,0.1,1,1,1
fixed-count,random,19,10,0,0,0,0,1,1,0,1,1,1
fixed-count,random,19,11,0,0,0,0,1,1,0,1,1,1
exchange-hot-guard,hot,20,0,0,0,0,0,1,1,0,1,1,1
exchange-hot-guard,hot,20,1,0,0,0,0,1,1,0,1,1,1
exchange-hot-guard,hot,20,2,0,0,0,0,1,1,0,1,1,1
exchange-hot-guard,hot,20,3,0,0,0,0,1,1,0,1,1,1
exchange-hot-guard,hot,20,4,0,0,0,0,1,1,0,1,1,1
exchange-hot-guard,hot,20,5,0,0,0,0,1,1,0,1,1,1
exchange-hot-guard,hot,20,6,0,0,0,0,1,1,0,1,1,1
exchange-hot-guard,hot,20,7,0,0,0,0,1,1,0,1,1,1
exchange-hot-guard,hot,20,8,0,0,0,0,1,1,0,1,1,1
exchange-hot-guard,hot,20,9,0,0,0,0,1,1,0,1,1,1
exchange-hot-guard,hot,20,10,0,0,0,0,1,1,0,1,1,1
exchange-hot-guard,hot,20,11,0,0,0,0,1,1,0,1,1,1
fixed-count,random,20,0,0,0,0,0,1,1,0,1,1,1
fixed-count,random,20,1,0,0,0,0,1,1,0,1,1,1
fixed-count,random,20,2,0,0,0,0,1,1,0,1,1,1
fixed-count,random,20,3,0,0,0,0,1,1,0,1,1,1
fixed-count,random,20,4,0,0,0,0,1,1,0,1,1,1
fixed-count,random,20,5,0,0,0,0,1,1,0,1,1,1
fixed-count,random,20,6,0,0,0,0,1,1,0,1,1,1
fixed-count,random,20,7,0,0,0,0,1,1,0,1,1,1
fixed-count,random,20,8,0,0,0,0,1,1,0,1,1,1
fixed-count,random,20,9,0,0,0,0,1,1,0,1,1,1
fixed-count,random,20,10,0,0,0,0,1,1,0,1,1,1
fixed-count,random,20,11,0,0,0,0,1,1,0,1,1,1
strict-hot,hot,20,0,0.1,0.1,0.1,0,1,0.9,0.1,1,1,1
strict-hot,hot,20,1,0,0,0,0,1,1,0,1,1,1
strict-hot,hot,20,2,0,0,0,0,1,1,0,1,1,1
strict-hot,hot,20,3,0,0,0,0,1,1,0,1,1,1
strict-hot,hot,20,4,0.1,0.1,0.1,0,1,0.9,0.1,1,1,1
strict-hot,hot,20,5,0,0,0,0,1,1,0,1,1,1
strict-hot,hot,20,6,0,0,0,0,1,1,0,1,1,1
strict-hot,hot,20,7,0,0,0,0,1,1,0,1,1,1
strict-hot,hot,20,8,0.1,0.1,0.1,0,1,0.9,0.1,1,1,1
strict-hot,hot,20,9,0,0,0,0,1,1,0,1,1,1
strict-hot,hot,20,10,0,0,0,0,1,1,0,1,1,1
strict-hot,hot,20,11,0,0,0,0,1,1,0,1,1,1
strict-random,random,20,0,0,0,0,0,1,1,0,1,1,1
strict-random,random,20,1,0,0,0,0,1,1,0,1,1,1
strict-random,random,20,2,0,0,0,0,1,1,0,1,1,1
strict-random,random,20,3,0,0,0,0,1,1,0,1,1,1
strict-random,random,20,4,0,0,0,0,1,1,0,1,1,1
strict-random,random,20,5,0,0,0,0,1,1,0,1,1,1
strict-random,random,20,6,0,0,0,0,1,1,0,1,1,1
strict-random,random,20,7,0,0,0,0,1,1,0,1,1,1
strict-random,random,20,8,0,0,0,0,1,1,0,1,1,1
strict-random,random,20,9,0,0,0,0,1,1,0,1,1,1
strict-random,random,20,10,0,0,0,0,1,1,0,1,1,1
strict-random,random,20,11,0,0,0,0,1,1,0,1,1,1
fixed-time,random,20,0,0,0,0,0,1,1,0,1,1,1
fixed-time,random,20,1,0,0,0,0,1,1,0,1,1,1
fixed-time,random,20,2,0,0,0,0,1,1,0,1,1,1
fixed-time,random,20,3,0,0,0,0,1,1,0,1,1,1
fixed-time,random,20,4,0,0,0,0,1,1,0,1,1,1
fixed-time,random,20,5,0,0,0,0,1,1,0,1,1,1
fixed-time,random,20,6,0,0,0,0,1,1,0,1,1,1
fixed-time,random,20,7,0,0,0,0,1,1,0,1,1,1
fixed-time,random,20,8,0,0,0,0,1,1,0,1,1,1
fixed-time,random,20,9,0,0,0,0,1,1,0,1,1,1
fixed-time,random,20,10,0,0,0,0,1,1,0,1,1,1
fixed-time,random,20,11,0,0,0,0,1,1,0,1,1,1
exchange-hot,hot,20,0,0.3,0.3,0.3,5.55112e-17,1,0.7,0.3,1,1,1
exchange-hot,hot,20,1,0.2,0.2,0.2,0,1,0.8,0.2,1,1,1
exchange-hot,hot,20,2,0.2,0.2,0.2,0,1,0.8,0.2,1,1,1
exchange-hot,hot,20,3,0.2,0.2,0.2,0,1,0.8,0.2,1,1,1
exchange-hot,hot,20,4,0.3,0.3,0.3,5.55112e-17,1,0.7,0.3,1,1,1
exchange-hot,hot,20,5,0.2,0.2,0.2,0,1,0.8,0.2,1,1,1
exchange-hot,hot,20,6,0.2,0.2,0.2,0,1,0.8,0.2,1,1,1
exchange-hot,hot,20,7,0.2,0.2,0.2,0,1,0.8,0.2,1,1,1
exchange-hot,hot,20,8,0.3,0.3,0.3,5.55112e-17,1,0.7,0.3,1,1,1
exchange-hot,hot,20,9,0.2,0.2,0.2,0,1,0.8,0.2,1,1,1
exchange-hot,hot,20,10,0.2,0.2,0.2,0,1,0.8,0.2,1,1,1
exchange-hot,hot,20,11,0.2,0.2,0.2,0,1,0.8,0.2,1,1,1
exchange-random,random,20,0,0,0,0,0,1,1,0,1,1,1
exchange-random,random,20,1,0,0,0,0,1,1,0,1,1,1
exchange-random,random,20,2,0,0,0,0,1,1,0,1,1,1
exchange-random,random,20,3,0,0,0,0,1,1,0,1,1,1
exchange-random,random,20,4,0,0,0,0,1,1,0,1,1,1
exchange-random,random,20,5,0,0,0,0,1,1,0,1,1,1
exchange-random,random,20,6,0.1,0.1,0.1,0,1,0.9,0.1,1,1,1
exchange-random,random,20,7,0.1,0.1,0.1,0,1,0.9,0.1,1,1,1
exchange-random,random,20,8,0,0,0,0,1,1,0,1,1,1
exchange-random,random,20,9,0,0,0,0,1,1,0,1,1,1
exchange-random,random,20,10,0,0,0,0,1,1,0,1,1,1
exchange-random,random,20,11,0,0,0,0,1,1,0,1,1,1
stable-group,random,20,0,0,0,0,0,1,1,0,1,1,1
stable-group,random,20,1,0,0,0,0,1,1,0,1,1,1
stable-group,random,20,2,0,0,0,0,1,1,0,1,1,1
stable-group,random,20,3,0,0,0,0,1,1,0,1,1,1
stable-group,random,20,4,0,0,0,0,1,1,0,1,1,1
stable-group,random,20,5,0,0,0,0,1,1,0,1,1,1
stable-group,random,20,6,0,0,0,0,1,1,0,1,1,1
stable-group,random,20,7,0,0,0,0,1,1,0,1,1,1
stable-group,random,20,8,0,0,0,0,1,1,0,1,1,1
stable-group,random,20,9,0,0,0,0,1,1,0,1,1,1
stable-group,random,20,10,0,0,0,0,1,1,0,1,1,1
stable-group,random,20,11,0,0,0,0,1,1,0,1,1,1
fixed-time,random,21,0,0,0,0,0,1,1,0,1,1,1
fixed-time,random,21,1,0,0,0,0,1,1,0,1,1,1
fixed-time,random,21,2,0,0,0,0,1,1,0,1,1,1
fixed-time,random,21,3,0,0,0,0,1,1,0,1,1,1
fixed-time,random,21,4,0,0,0,0,1,1,0,1,1,1
fixed-time,random,21,5,0,0,0,0,1,1,0,1,1,1
fixed-time,random,21,6,0,0,0,0,1,1,0,1,1,1
fixed-time,random,21,7,0,0,0,0,1,1,0,1,1,1
fixed-time,random,21,8,0,0,0,0,1,1,0,1,1,1
fixed-time,random,21,9,0,0,0,0,1,1,0,1,1,1
fixed-time,random,21,10,0,0,0,0,1,1,0,1,1,1
fixed-time,random,21,11,0,0,0,0,1,1,0,1,1,1
exchange-hot,hot,21,0,0.3,0.3,0.3,5.55112e-17,1,0.7,0.3,1,1,1
exchange-hot,hot,21,1,0.2,0.2,0.2,0,1,0.8,0.2,1,1,1
exchange-hot,hot,21,2,0.2,0.2,0.2,0,1,0.8,0.2,1,1,1
exchange-hot,hot,21,3,0.2,0.2,0.2,0,1,0.8,0.2,1,1,1
exchange-hot,hot,21,4,0.3,0.3,0.3,5.55112e-17,1,0.7,0.3,1,1,1
exchange-hot,hot,21,5,0.2,0.2,0.2,0,1,0.8,0.2,1,1,1
exchange-hot,hot,21,6,0.2,0.2,0.2,0,1,0.8,0.2,1,1,1
exchange-hot,hot,21,7,0.2,0.2,0.2,0,1,0.8,0.2,1,1,1
exchange-hot,hot,21,8,0.3,0.3,0.3,5.55112e-17,1,0.7,0.3,1,1,1
exchange-hot,hot,21,9,0.2,0.2,0.2,0,1,0.8,0.2,1,1,1
exchange-hot,hot,21,10,0.2,0.2,0.2,0,1,0.8,0.2,1,1,1
exchange-hot,hot,21,11,0.2,0.2,0.2,0,1,0.8,0.2,1,1,1
stable-group,random,21,0,0,0,0,0,1,1,0,1,1,1
stable-group,random,21,1,0,0,0,0,1,1,0,1,1,1
stable-group,random,21,2,0,0,0,0,1,1,0,1,1,1
stable-group,random,21,3,0,0,0,0,1,1,0,1,1,1
stable-group,random,21,4,0,0,0,0,1,1,0,1,1,1
stable-group,random,21,5,0,0,0,0,1,1,0,1,1,1
stable-group,random,21,6,0,0,0,0,1,1,0,1,1,1
stable-group,random,21,7,0,0,0,0,1,1,0,1,1,1
stable-group,random,21,8,0,0,0,0,1,1,0,1,1,1
stable-group,random,21,9,0,0,0,0,1,1,0,1,1,1
stable-group,random,21,10,0,0,0,0,1,1,0,1,1,1
stable-group,random,21,11,0,0,0,0,1,1,0,1,1,1
exchange-hot-guard,hot,21,0,0,0,0,0,1,1,0,1,1,1
exchange-hot-guard,hot,21,1,0,0,0,0,1,1,0,1,1,1
exchange-hot-guard,hot,21,2,0,0,0,0,1,1,0,1,1,1
exchange-hot-guard,hot,21,3,0,0,0,0,1,1,0,1,1,1
exchange-hot-guard,hot,21,4,0,0,0,0,1,1,0,1,1,1
exchange-hot-guard,hot,21,5,0,0,0,0,1,1,0,1,1,1
exchange-hot-guard,hot,21,6,0,0,0,0,1,1,0,1,1,1
exchange-hot-guard,hot,21,7,0,0,0,0,1,1,0,1,1,1
exchange-hot-guard,hot,21,8,0,0,0,0,1,1,0,1,1,1
exchange-hot-guard,hot,21,9,0,0,0,0,1,1,0,1,1,1
exchange-hot-guard,hot,21,10,0,0,0,0,1,1,0,1,1,1
exchange-hot-guard,hot,21,11,0,0,0,0,1,1,0,1,1,1
exchange-random,random,21,0,0.1,0.1,0.1,0,1,0.9,0.1,1,1,1
exchange-random,random,21,1,0,0,0,0,1,1,0,1,1,1
exchange-random,random,21,2,0,0,0,0,1,1,0,1,1,1
exchange-random,random,21,3,0,0,0,0,1,1,0,1,1,1
exchange-random,random,21,4,0.1,0.1,0.1,0,1,0.9,0.1,1,1,1
exchange-random,random,21,5,0.1,0.1,0.1,0,1,0.9,0.1,1,1,1
exchange-random,random,21,6,0.1,0.1,0.1,0,1,0.9,0.1,1,1,1
exchange-random,random,21,7,0.1,0.1,0.1,0,1,0.9,0.1,1,1,1
exchange-random,random,21,8,0,0,0,0,1,1,0,1,1,1
exchange-random,random,21,9,0,0,0,0,1,1,0,1,1,1
exchange-random,random,21,10,0,0,0,0,1,1,0,1,1,1
exchange-random,random,21,11,0,0,0,0,1,1,0,1,1,1
strict-hot,hot,21,0,0.1,0.1,0.1,0,1,0.9,0.1,1,1,1
strict-hot,hot,21,1,0,0,0,0,1,1,0,1,1,1
strict-hot,hot,21,2,0,0,0,0,1,1,0,1,1,1
strict-hot,hot,21,3,0,0,0,0,1,1,0,1,1,1
strict-hot,hot,21,4,0.1,0.1,0.1,0,1,0.9,0.1,1,1,1
strict-hot,hot,21,5,0,0,0,0,1,1,0,1,1,1
strict-hot,hot,21,6,0,0,0,0,1,1,0,1,1,1
strict-hot,hot,21,7,0,0,0,0,1,1,0,1,1,1
strict-hot,hot,21,8,0.1,0.1,0.1,0,1,0.9,0.1,1,1,1
strict-hot,hot,21,9,0,0,0,0,1,1,0,1,1,1
strict-hot,hot,21,10,0,0,0,0,1,1,0,1,1,1
strict-hot,hot,21,11,0,0,0,0,1,1,0,1,1,1
strict-random,random,21,0,0,0,0,0,1,1,0,1,1,1
strict-random,random,21,1,0,0,0,0,1,1,0,1,1,1
strict-random,random,21,2,0,0,0,0,1,1,0,1,1,1
strict-random,random,21,3,0,0,0,0,1,1,0,1,1,1
strict-random,random,21,4,0,0,0,0,1,1,0,1,1,1
strict-random,random,21,5,0,0,0,0,1,1,0,1,1,1
strict-random,random,21,6,0,0,0,0,1,1,0,1,1,1
strict-random,random,21,7,0.1,0.1,0.1,0,1,0.9,0.1,1,1,1
strict-random,random,21,8,0,0,0,0,1,1,0,1,1,1
strict-random,random,21,9,0,0,0,0,1,1,0,1,1,1
strict-random,random,21,10,0,0,0,0,1,1,0,1,1,1
strict-random,random,21,11,0,0,0,0,1,1,0,1,1,1
fixed-count,random,21,0,0,0,0,0,1,1,0,1,1,1
fixed-count,random,21,1,0,0,0,0,1,1,0,1,1,1
fixed-count,random,21,2,0,0,0,0,1,1,0,1,1,1
fixed-count,random,21,3,0,0,0,0,1,1,0,1,1,1
fixed-count,random,21,4,0,0,0,0,1,1,0,1,1,1
fixed-count,random,21,5,0,0,0,0,1,1,0,1,1,1
fixed-count,random,21,6,0,0,0,0,1,1,0,1,1,1
fixed-count,random,21,7,0.1,0.1,0.1,0,1,0.9,0.1,1,1,1
fixed-count,random,21,8,0,0,0,0,1,1,0,1,1,1
fixed-count,random,21,9,0,0,0,0,1,1,0,1,1,1
fixed-count,random,21,10,0,0,0,0,1,1,0,1,1,1
fixed-count,random,21,11,0,0,0,0,1,1,0,1,1,1
exchange-hot-guard,hot,22,0,0,0,0,0,1,1,0,1,1,1
exchange-hot-guard,hot,22,1,0,0,0,0,1,1,0,1,1,1
exchange-hot-guard,hot,22,2,0,0,0,0,1,1,0,1,1,1
exchange-hot-guard,hot,22,3,0,0,0,0,1,1,0,1,1,1
exchange-hot-guard,hot,22,4,0,0,0,0,1,1,0,1,1,1
exchange-hot-guard,hot,22,5,0,0,0,0,1,1,0,1,1,1
exchange-hot-guard,hot,22,6,0,0,0,0,1,1,0,1,1,1
exchange-hot-guard,hot,22,7,0,0,0,0,1,1,0,1,1,1
exchange-hot-guard,hot,22,8,0,0,0,0,1,1,0,1,1,1
exchange-hot-guard,hot,22,9,0,0,0,0,1,1,0,1,1,1
exchange-hot-guard,hot,22,10,0,0,0,0,1,1,0,1,1,1
exchange-hot-guard,hot,22,11,0,0,0,0,1,1,0,1,1,1
strict-random,random,22,0,0,0,0,0,1,1,0,1,1,1
strict-random,random,22,1,0,0,0,0,1,1,0,1,1,1
strict-random,random,22,2,0,0,0,0,1,1,0,1,1,1
strict-random,random,22,3,0,0,0,0,1,1,0,1,1,1
strict-random,random,22,4,0,0,0,0,1,1,0,1,1,1
strict-random,random,22,5,0,0,0,0,1,1,0,1,1,1
strict-random,random,22,6,0,0,0,0,1,1,0,1,1,1
strict-random,random,22,7,0,0,0,0,1,1,0,1,1,1
strict-random,random,22,8,0,0,0,0,1,1,0,1,1,1
strict-random,random,22,9,0,0,0,0,1,1,0,1,1,1
strict-random,random,22,10,0.1,0.1,0.1,0,1,0.9,0.1,1,1,1
strict-random,random,22,11,0,0,0,0,1,1,0,1,1,1
strict-hot,hot,22,0,0.1,0.1,0.1,0,1,0.9,0.1,1,1,1
strict-hot,hot,22,1,0,0,0,0,1,1,0,1,1,1
strict-hot,hot,22,2,0,0,0,0,1,1,0,1,1,1
strict-hot,hot,22,3,0,0,0,0,1,1,0,1,1,1
strict-hot,hot,22,4,0.1,0.1,0.1,0,1,0.9,0.1,1,1,1
strict-hot,hot,22,5,0,0,0,0,1,1,0,1,1,1
strict-hot,hot,22,6,0,0,0,0,1,1,0,1,1,1
strict-hot,hot,22,7,0,0,0,0,1,1,0,1,1,1
strict-hot,hot,22,8,0.1,0.1,0.1,0,1,0.9,0.1,1,1,1
strict-hot,hot,22,9,0,0,0,0,1,1,0,1,1,1
strict-hot,hot,22,10,0,0,0,0,1,1,0,1,1,1
strict-hot,hot,22,11,0,0,0,0,1,1,0,1,1,1
stable-group,random,22,0,0,0,0,0,1,1,0,1,1,1
stable-group,random,22,1,0,0,0,0,1,1,0,1,1,1
stable-group,random,22,2,0,0,0,0,1,1,0,1,1,1
stable-group,random,22,3,0,0,0,0,1,1,0,1,1,1
stable-group,random,22,4,0,0,0,0,1,1,0,1,1,1
stable-group,random,22,5,0,0,0,0,1,1,0,1,1,1
stable-group,random,22,6,0,0,0,0,1,1,0,1,1,1
stable-group,random,22,7,0,0,0,0,1,1,0,1,1,1
stable-group,random,22,8,0,0,0,0,1,1,0,1,1,1
stable-group,random,22,9,0,0,0,0,1,1,0,1,1,1
stable-group,random,22,10,0,0,0,0,1,1,0,1,1,1
stable-group,random,22,11,0,0,0,0,1,1,0,1,1,1
exchange-hot,hot,22,0,0.3,0.3,0.3,5.55112e-17,1,0.7,0.3,1,1,1
exchange-hot,hot,22,1,0.2,0.2,0.2,0,1,0.8,0.2,1,1,1
exchange-hot,hot,22,2,0.2,0.2,0.2,0,1,0.8,0.2,1,1,1
exchange-hot,hot,22,3,0.2,0.2,0.2,0,1,0.8,0.2,1,1,1
exchange-hot,hot,22,4,0.3,0.3,0.3,5.55112e-17,1,0.7,0.3,1,1,1
exchange-hot,hot,22,5,0.2,0.2,0.2,0,1,0.8,0.2,1,1,1
exchange-hot,hot,22,6,0.2,0.2,0.2,0,1,0.8,0.2,1,1,1
exchange-hot,hot,22,7,0.2,0.2,0.2,0,1,0.8,0.2,1,1,1
exchange-hot,hot,22,8,0.3,0.3,0.3,5.55112e-17,1,0.7,0.3,1,1,1
exchange-hot,hot,22,9,0.2,0.2,0.2,0,1,0.8,0.2,1,1,1
exchange-hot,hot,22,10,0.2,0.2,0.2,0,1,0.8,0.2,1,1,1
exchange-hot,hot,22,11,0.2,0.2,0.2,0,1,0.8,0.2,1,1,1
exchange-random,random,22,0,0.1,0.1,0.1,0,1,0.9,0.1,1,1,1
exchange-random,random,22,1,0.1,0.1,0.1,0,1,0.9,0.1,1,1,1
exchange-random,random,22,2,0,0,0,0,1,1,0,1,1,1
exchange-random,random,22,3,0,0,0,0,1,1,0,1,1,1
exchange-random,random,22,4,0.1,0.1,0.1,0,1,0.9,0.1,1,1,1
exchange-random,random,22,5,0.1,0.1,0.1,0,1,0.9,0.1,1,1,1
exchange-random,random,22,6,0.1,0.1,0.1,0,1,0.9,0.1,1,1,1
exchange-random,random,22,7,0,0,0,0,1,1,0,1,1,1
exchange-random,random,22,8,0,0,0,0,1,1,0,1,1,1
exchange-random,random,22,9,0.2,0.2,0.2,0,1,0.8,0.2,1,1,1
exchange-random,random,22,10,0.2,0.2,0.2,0,1,0.8,0.2,1,1,1
exchange-random,random,22,11,0,0,0,0,1,1,0,1,1,1
fixed-time,random,22,0,0,0,0,0,1,1,0,1,1,1
fixed-time,random,22,1,0,0,0,0,1,1,0,1,1,1
fixed-time,random,22,2,0,0,0,0,1,1,0,1,1,1
fixed-time,random,22,3,0,0,0,0,1,1,0,1,1,1
fixed-time,random,22,4,0,0,0,0,1,1,0,1,1,1
fixed-time,random,22,5,0,0,0,0,1,1,0,1,1,1
fixed-time,random,22,6,0,0,0,0,1,1,0,1,1,1
fixed-time,random,22,7,0,0,0,0,1,1,0,1,1,1
fixed-time,random,22,8,0,0,0,0,1,1,0,1,1,1
fixed-time,random,22,9,0,0,0,0,1,1,0,1,1,1
fixed-time,random,22,10,0,0,0,0,1,1,0,1,1,1
fixed-time,random,22,11,0,0,0,0,1,1,0,1,1,1
fixed-count,random,22,0,0,0,0,0,1,1,0,1,1,1
fixed-count,random,22,1,0,0,0,0,1,1,0,1,1,1
fixed-count,random,22,2,0,0,0,0,1,1,0,1,1,1
fixed-count,random,22,3,0,0,0,0,1,1,0,1,1,1
fixed-count,random,22,4,0,0,0,0,1,1,0,1,1,1
fixed-count,random,22,5,0,0,0,0,1,1,0,1,1,1
fixed-count,random,22,6,0,0,0,0,1,1,0,1,1,1
fixed-count,random,22,7,0,0,0,0,1,1,0,1,1,1
fixed-count,random,22,8,0,0,0,0,1,1,0,1,1,1
fixed-count,random,22,9,0,0,0,0,1,1,0,1,1,1
fixed-count,random,22,10,0.1,0.1,0.1,0,1,0.9,0.1,1,1,1
fixed-count,random,22,11,0,0,0,0,1,1,0,1,1,1
exchange-hot,hot,23,0,0.3,0.3,0.3,5.55112e-17,1,0.7,0.3,1,1,1
exchange-hot,hot,23,1,0.2,0.2,0.2,0,1,0.8,0.2,1,1,1
exchange-hot,hot,23,2,0.2,0.2,0.2,0,1,0.8,0.2,1,1,1
exchange-hot,hot,23,3,0.2,0.2,0.2,0,1,0.8,0.2,1,1,1
exchange-hot,hot,23,4,0.3,0.3,0.3,5.55112e-17,1,0.7,0.3,1,1,1
exchange-hot,hot,23,5,0.2,0.2,0.2,0,1,0.8,0.2,1,1,1
exchange-hot,hot,23,6,0.2,0.2,0.2,0,1,0.8,0.2,1,1,1
exchange-hot,hot,23,7,0.2,0.2,0.2,0,1,0.8,0.2,1,1,1
exchange-hot,hot,23,8,0.3,0.3,0.3,5.55112e-17,1,0.7,0.3,1,1,1
exchange-hot,hot,23,9,0.2,0.2,0.2,0,1,0.8,0.2,1,1,1
exchange-hot,hot,23,10,0.2,0.2,0.2,0,1,0.8,0.2,1,1,1
exchange-hot,hot,23,11,0.2,0.2,0.2,0,1,0.8,0.2,1,1,1
stable-group,random,23,0,0,0,0,0,1,1,0,1,1,1
stable-group,random,23,1,0,0,0,0,1,1,0,1,1,1
stable-group,random,23,2,0,0,0,0,1,1,0,1,1,1
stable-group,random,23,3,0,0,0,0,1,1,0,1,1,1
stable-group,random,23,4,0,0,0,0,1,1,0,1,1,1
stable-group,random,23,5,0,0,0,0,1,1,0,1,1,1
stable-group,random,23,6,0,0,0,0,1,1,0,1,1,1
stable-group,random,23,7,0,0,0,0,1,1,0,1,1,1
stable-group,random,23,8,0,0,0,0,1,1,0,1,1,1
stable-group,random,23,9,0,0,0,0,1,1,0,1,1,1
stable-group,random,23,10,0,0,0,0,1,1,0,1,1,1
stable-group,random,23,11,0,0,0,0,1,1,0,1,1,1
strict-hot,hot,23,0,0.1,0.1,0.1,0,1,0.9,0.1,1,1,1
strict-hot,hot,23,1,0,0,0,0,1,1,0,1,1,1
strict-hot,hot,23,2,0,0,0,0,1,1,0,1,1,1
strict-hot,hot,23,3,0,0,0,0,1,1,0,1,1,1
strict-hot,hot,23,4,0.1,0.1,0.1,0,1,0.9,0.1,1,1,1
strict-hot,hot,23,5,0,0,0,0,1,1,0,1,1,1
strict-hot,hot,23,6,0,0,0,0,1,1,0,1,1,1
strict-hot,hot,23,7,0,0,0,0,1,1,0,1,1,1
strict-hot,hot,23,8,0.1,0.1,0.1,0,1,0.9,0.1,1,1,1
strict-hot,hot,23,9,0,0,0,0,1,1,0,1,1,1
strict-hot,hot,23,10,0,0,0,0,1,1,0,1,1,1
strict-hot,hot,23,11,0,0,0,0,1,1,0,1,1,1
exchange-hot-guard,hot,23,0,0,0,0,0,1,1,0,1,1,1
exchange-hot-guard,hot,23,1,0,0,0,0,1,1,0,1,1,1
exchange-hot-guard,hot,23,2,0,0,0,0,1,1,0,1,1,1
exchange-hot-guard,hot,23,3,0,0,0,0,1,1,0,1,1,1
exchange-hot-guard,hot,23,4,0,0,0,0,1,1,0,1,1,1
exchange-hot-guard,hot,23,5,0,0,0,0,1,1,0,1,1,1
exchange-hot-guard,hot,23,6,0,0,0,0,1,1,0,1,1,1
exchange-hot-guard,hot,23,7,0,0,0,0,1,1,0,1,1,1
exchange-hot-guard,hot,23,8,0,0,0,0,1,1,0,1,1,1
exchange-hot-guard,hot,23,9,0,0,0,0,1,1,0,1,1,1
exchange-hot-guard,hot,23,10,0,0,0,0,1,1,0,1,1,1
exchange-hot-guard,hot,23,11,0,0,0,0,1,1,0,1,1,1
fixed-count,random,23,0,0,0,0,0,1,1,0,1,1,1
fixed-count,random,23,1,0,0,0,0,1,1,0,1,1,1
fixed-count,random,23,2,0,0,0,0,1,1,0,1,1,1
fixed-count,random,23,3,0,0,0,0,1,1,0,1,1,1
fixed-count,random,23,4,0,0,0,0,1,1,0,1,1,1
fixed-count,random,23,5,0,0,0,0,1,1,0,1,1,1
fixed-count,random,23,6,0,0,0,0,1,1,0,1,1,1
fixed-count,random,23,7,0,0,0,0,1,1,0,1,1,1
fixed-count,random,23,8,0,0,0,0,1,1,0,1,1,1
fixed-count,random,23,9,0,0,0,0,1,1,0,1,1,1
fixed-count,random,23,10,0,0,0,0,1,1,0,1,1,1
fixed-count,random,23,11,0,0,0,0,1,1,0,1,1,1
strict-random,random,23,0,0,0,0,0,1,1,0,1,1,1
strict-random,random,23,1,0,0,0,0,1,1,0,1,1,1
strict-random,random,23,2,0,0,0,0,1,1,0,1,1,1
strict-random,random,23,3,0,0,0,0,1,1,0,1,1,1
strict-random,random,23,4,0,0,0,0,1,1,0,1,1,1
strict-random,random,23,5,0,0,0,0,1,1,0,1,1,1
strict-random,random,23,6,0,0,0,0,1,1,0,1,1,1
strict-random,random,23,7,0,0,0,0,1,1,0,1,1,1
strict-random,random,23,8,0,0,0,0,1,1,0,1,1,1
strict-random,random,23,9,0,0,0,0,1,1,0,1,1,1
strict-random,random,23,10,0,0,0,0,1,1,0,1,1,1
strict-random,random,23,11,0,0,0,0,1,1,0,1,1,1
exchange-random,random,23,0,0,0,0,0,1,1,0,1,1,1
exchange-random,random,23,1,0.1,0.1,0.1,0,1,0.9,0.1,1,1,1
exchange-random,random,23,2,0,0,0,0,1,1,0,1,1,1
exchange-random,random,23,3,0,0,0,0,1,1,0,1,1,1
exchange-random,random,23,4,0.1,0.1,0.1,0,1,0.9,0.1,1,1,1
exchange-random,random,23,5,0,0,0,0,1,1,0,1,1,1
exchange-random,random,23,6,0.1,0.1,0.1,0,1,0.9,0.1,1,1,1
exchange-random,random,23,7,0,0,0,0,1,1,0,1,1,1
exchange-random,random,23,8,0,0,0,0,1,1,0,1,1,1
exchange-random,random,23,9,0.1,0.1,0.1,0,1,0.9,0.1,1,1,1
exchange-random,random,23,10,0,0,0,0,1,1,0,1,1,1
exchange-random,random,23,11,0.1,0.1,0.1,0,1,0.9,0.1,1,1,1
fixed-time,random,23,0,0,0,0,0,1,1,0,1,1,1
fixed-time,random,23,1,0,0,0,0,1,1,0,1,1,1
fixed-time,random,23,2,0,0,0,0,1,1,0,1,1,1
fixed-time,random,23,3,0,0,0,0,1,1,0,1,1,1
fixed-time,random,23,4,0,0,0,0,1,1,0,1,1,1
fixed-time,random,23,5,0,0,0,0,1,1,0,1,1,1
fixed-time,random,23,6,0,0,0,0,1,1,0,1,1,1
fixed-time,random,23,7,0,0,0,0,1,1,0,1,1,1
fixed-time,random,23,8,0,0,0,0,1,1,0,1,1,1
fixed-time,random,23,9,0,0,0,0,1,1,0,1,1,1
fixed-time,random,23,10,0,0,0,0,1,1,0,1,1,1
fixed-time,random,23,11,0,0,0,0,1,1,0,1,1,1
exchange-hot,hot,24,0,0.3,0.3,0.3,5.55112e-17,1,0.7,0.3,1,1,1
exchange-hot,hot,24,1,0.2,0.2,0.2,0,1,0.8,0.2,1,1,1
exchange-hot,hot,24,2,0.2,0.2,0.2,0,1,0.8,0.2,1,1,1
exchange-hot,hot,24,3,0.2,0.2,0.2,0,1,0.8,0.2,1,1,1
exchange-hot,hot,24,4,0.3,0.3,0.3,5.55112e-17,1,0.7,0.3,1,1,1
exchange-hot,hot,24,5,0.2,0.2,0.2,0,1,0.8,0.2,1,1,1
exchange-hot,hot,24,6,0.2,0.2,0.2,0,1,0.8,0.2,1,1,1
exchange-hot,hot,24,7,0.2,0.2,0.2,0,1,0.8,0.2,1,1,1
exchange-hot,hot,24,8,0.3,0.3,0.3,5.55112e-17,1,0.7,0.3,1,1,1
exchange-hot,hot,24,9,0.2,0.2,0.2,0,1,0.8,0.2,1,1,1
exchange-hot,hot,24,10,0.2,0.2,0.2,0,1,0.8,0.2,1,1,1
exchange-hot,hot,24,11,0.2,0.2,0.2,0,1,0.8,0.2,1,1,1
exchange-random,random,24,0,0.1,0.1,0.1,0,1,0.9,0.1,1,1,1
exchange-random,random,24,1,0,0,0,0,1,1,0,1,1,1
exchange-random,random,24,2,0,0,0,0,1,1,0,1,1,1
exchange-random,random,24,3,0.1,0.1,0.1,0,1,0.9,0.1,1,1,1
exchange-random,random,24,4,0.1,0.1,0.1,0,1,0.9,0.1,1,1,1
exchange-random,random,24,5,0.2,0.2,0.2,0,1,0.8,0.2,1,1,1
exchange-random,random,24,6,0.2,0.2,0.2,0,1,0.8,0.2,1,1,1
exchange-random,random,24,7,0.1,0.1,0.1,0,1,0.9,0.1,1,1,1
exchange-random,random,24,8,0,0,0,0,1,1,0,1,1,1
exchange-random,random,24,9,0,0,0,0,1,1,0,1,1,1
exchange-random,random,24,10,0,0,0,0,1,1,0,1,1,1
exchange-random,random,24,11,0,0,0,0,1,1,0,1,1,1
strict-random,random,24,0,0,0,0,0,1,1,0,1,1,1
strict-random,random,24,1,0,0,0,0,1,1,0,1,1,1
strict-random,random,24,2,0,0,0,0,1,1,0,1,1,1
strict-random,random,24,3,0,0,0,0,1,1,0,1,1,1
strict-random,random,24,4,0,0,0,0,1,1,0,1,1,1
strict-random,random,24,5,0,0,0,0,1,1,0,1,1,1
strict-random,random,24,6,0.1,0.1,0.1,0,1,0.9,0.1,1,1,1
strict-random,random,24,7,0,0,0,0,1,1,0,1,1,1
strict-random,random,24,8,0,0,0,0,1,1,0,1,1,1
strict-random,random,24,9,0,0,0,0,1,1,0,1,1,1
strict-random,random,24,10,0,0,0,0,1,1,0,1,1,1
strict-random,random,24,11,0,0,0,0,1,1,0,1,1,1
fixed-count,random,24,0,0,0,0,0,1,1,0,1,1,1
fixed-count,random,24,1,0,0,0,0,1,1,0,1,1,1
fixed-count,random,24,2,0,0,0,0,1,1,0,1,1,1
fixed-count,random,24,3,0,0,0,0,1,1,0,1,1,1
fixed-count,random,24,4,0,0,0,0,1,1,0,1,1,1
fixed-count,random,24,5,0,0,0,0,1,1,0,1,1,1
fixed-count,random,24,6,0.1,0.1,0.1,0,1,0.9,0.1,1,1,1
fixed-count,random,24,7,0,0,0,0,1,1,0,1,1,1
fixed-count,random,24,8,0,0,0,0,1,1,0,1,1,1
fixed-count,random,24,9,0,0,0,0,1,1,0,1,1,1
fixed-count,random,24,10,0,0,0,0,1,1,0,1,1,1
fixed-count,random,24,11,0,0,0,0,1,1,0,1,1,1
fixed-time,random,24,0,0,0,0,0,1,1,0,1,1,1
fixed-time,random,24,1,0,0,0,0,1,1,0,1,1,1
fixed-time,random,24,2,0,0,0,0,1,1,0,1,1,1
fixed-time,random,24,3,0,0,0,0,1,1,0,1,1,1
fixed-time,random,24,4,0,0,0,0,1,1,0,1,1,1
fixed-time,random,24,5,0,0,0,0,1,1,0,1,1,1
fixed-time,random,24,6,0,0,0,0,1,1,0,1,1,1
fixed-time,random,24,7,0,0,0,0,1,1,0,1,1,1
fixed-time,random,24,8,0,0,0,0,1,1,0,1,1,1
fixed-time,random,24,9,0,0,0,0,1,1,0,1,1,1
fixed-time,random,24,10,0,0,0,0,1,1,0,1,1,1
fixed-time,random,24,11,0,0,0,0,1,1,0,1,1,1
strict-hot,hot,24,0,0.1,0.1,0.1,0,1,0.9,0.1,1,1,1
strict-hot,hot,24,1,0,0,0,0,1,1,0,1,1,1
strict-hot,hot,24,2,0,0,0,0,1,1,0,1,1,1
strict-hot,hot,24,3,0,0,0,0,1,1,0,1,1,1
strict-hot,hot,24,4,0.1,0.1,0.1,0,1,0.9,0.1,1,1,1
strict-hot,hot,24,5,0,0,0,0,1,1,0,1,1,1
strict-hot,hot,24,6,0,0,0,0,1,1,0,1,1,1
strict-hot,hot,24,7,0,0,0,0,1,1,0,1,1,1
strict-hot,hot,24,8,0.1,0.1,0.1,0,1,0.9,0.1,1,1,1
strict-hot,hot,24,9,0,0,0,0,1,1,0,1,1,1
strict-hot,hot,24,10,0,0,0,0,1,1,0,1,1,1
strict-hot,hot,24,11,0,0,0,0,1,1,0,1,1,1
stable-group,random,24,0,0,0,0,0,1,1,0,1,1,1
stable-group,random,24,1,0,0,0,0,1,1,0,1,1,1
stable-group,random,24,2,0,0,0,0,1,1,0,1,1,1
stable-group,random,24,3,0,0,0,0,1,1,0,1,1,1
stable-group,random,24,4,0,0,0,0,1,1,0,1,1,1
stable-group,random,24,5,0,0,0,0,1,1,0,1,1,1
stable-group,random,24,6,0,0,0,0,1,1,0,1,1,1
stable-group,random,24,7,0,0,0,0,1,1,0,1,1,1
stable-group,random,24,8,0,0,0,0,1,1,0,1,1,1
stable-group,random,24,9,0,0,0,0,1,1,0,1,1,1
stable-group,random,24,10,0,0,0,0,1,1,0,1,1,1
stable-group,random,24,11,0,0,0,0,1,1,0,1,1,1
exchange-hot-guard,hot,24,0,0,0,0,0,1,1,0,1,1,1
exchange-hot-guard,hot,24,1,0,0,0,0,1,1,0,1,1,1
exchange-hot-guard,hot,24,2,0,0,0,0,1,1,0,1,1,1
exchange-hot-guard,hot,24,3,0,0,0,0,1,1,0,1,1,1
exchange-hot-guard,hot,24,4,0,0,0,0,1,1,0,1,1,1
exchange-hot-guard,hot,24,5,0,0,0,0,1,1,0,1,1,1
exchange-hot-guard,hot,24,6,0,0,0,0,1,1,0,1,1,1
exchange-hot-guard,hot,24,7,0,0,0,0,1,1,0,1,1,1
exchange-hot-guard,hot,24,8,0,0,0,0,1,1,0,1,1,1
exchange-hot-guard,hot,24,9,0,0,0,0,1,1,0,1,1,1
exchange-hot-guard,hot,24,10,0,0,0,0,1,1,0,1,1,1
exchange-hot-guard,hot,24,11,0,0,0,0,1,1,0,1,1,1
exchange-random,random,25,0,0,0,0,0,1,1,0,1,1,1
exchange-random,random,25,1,0,0,0,0,1,1,0,1,1,1
exchange-random,random,25,2,0.1,0.1,0.1,0,1,0.9,0.1,1,1,1
exchange-random,random,25,3,0.1,0.1,0.1,0,1,0.9,0.1,1,1,1
exchange-random,random,25,4,0.1,0.1,0.1,0,1,0.9,0.1,1,1,1
exchange-random,random,25,5,0.1,0.1,0.1,0,1,0.9,0.1,1,1,1
exchange-random,random,25,6,0,0,0,0,1,1,0,1,1,1
exchange-random,random,25,7,0,0,0,0,1,1,0,1,1,1
exchange-random,random,25,8,0.1,0.1,0.1,0,1,0.9,0.1,1,1,1
exchange-random,random,25,9,0.2,0.2,0.2,0,1,0.8,0.2,1,1,1
exchange-random,random,25,10,0.1,0.1,0.1,0,1,0.9,0.1,1,1,1
exchange-random,random,25,11,0,0,0,0,1,1,0,1,1,1
exchange-hot,hot,25,0,0.3,0.3,0.3,5.55112e-17,1,0.7,0.3,1,1,1
exchange-hot,hot,25,1,0.2,0.2,0.2,0,1,0.8,0.2,1,1,1
exchange-hot,hot,25,2,0.2,0.2,0.2,0,1,0.8,0.2,1,1,1
exchange-hot,hot,25,3,0.2,0.2,0.2,0,1,0.8,0.2,1,1,1
exchange-hot,hot,25,4,0.3,0.3,0.3,5.55112e-17,1,0.7,0.3,1,1,1
exchange-hot,hot,25,5,0.2,0.2,0.2,0,1,0.8,0.2,1,1,1
exchange-hot,hot,25,6,0.2,0.2,0.2,0,1,0.8,0.2,1,1,1
exchange-hot,hot,25,7,0.2,0.2,0.2,0,1,0.8,0.2,1,1,1
exchange-hot,hot,25,8,0.3,0.3,0.3,5.55112e-17,1,0.7,0.3,1,1,1
exchange-hot,hot,25,9,0.2,0.2,0.2,0,1,0.8,0.2,1,1,1
exchange-hot,hot,25,10,0.2,0.2,0.2,0,1,0.8,0.2,1,1,1
exchange-hot,hot,25,11,0.2,0.2,0.2,0,1,0.8,0.2,1,1,1
strict-hot,hot,25,0,0.1,0.1,0.1,0,1,0.9,0.1,1,1,1
strict-hot,hot,25,1,0,0,0,0,1,1,0,1,1,1
strict-hot,hot,25,2,0,0,0,0,1,1,0,1,1,1
strict-hot,hot,25,3,0,0,0,0,1,1,0,1,1,1
strict-hot,hot,25,4,0.1,0.1,0.1,0,1,0.9,0.1,1,1,1
strict-hot,hot,25,5,0,0,0,0,1,1,0,1,1,1
strict-hot,hot,25,6,0,0,0,0,1,1,0,1,1,1
strict-hot,hot,25,7,0,0,0,0,1,1,0,1,1,1
strict-hot,hot,25,8,0.1,0.1,0.1,0,1,0.9,0.1,1,1,1
strict-hot,hot,25,9,0,0,0,0,1,1,0,1,1,1
strict-hot,hot,25,10,0,0,0,0,1,1,0,1,1,1
strict-hot,hot,25,11,0,0,0,0,1,1,0,1,1,1
fixed-count,random,25,0,0,0,0,0,1,1,0,1,1,1
fixed-count,random,25,1,0,0,0,0,1,1,0,1,1,1
fixed-count,random,25,2,0,0,0,0,1,1,0,1,1,1
fixed-count,random,25,3,0,0,0,0,1,1,0,1,1,1
fixed-count,random,25,4,0,0,0,0,1,1,0,1,1,1
fixed-count,random,25,5,0,0,0,0,1,1,0,1,1,1
fixed-count,random,25,6,0,0,0,0,1,1,0,1,1,1
fixed-count,random,25,7,0,0,0,0,1,1,0,1,1,1
fixed-count,random,25,8,0,0,0,0,1,1,0,1,1,1
fixed-count,random,25,9,0.1,0.1,0.1,0,1,0.9,0.1,1,1,1
fixed-count,random,25,10,0,0,0,0,1,1,0,1,1,1
fixed-count,random,25,11,0,0,0,0,1,1,0,1,1,1
strict-random,random,25,0,0,0,0,0,1,1,0,1,1,1
strict-random,random,25,1,0,0,0,0,1,1,0,1,1,1
strict-random,random,25,2,0,0,0,0,1,1,0,1,1,1
strict-random,random,25,3,0,0,0,0,1,1,0,1,1,1
strict-random,random,25,4,0,0,0,0,1,1,0,1,1,1
strict-random,random,25,5,0,0,0,0,1,1,0,1,1,1
strict-random,random,25,6,0,0,0,0,1,1,0,1,1,1
strict-random,random,25,7,0,0,0,0,1,1,0,1,1,1
strict-random,random,25,8,0,0,0,0,1,1,0,1,1,1
strict-random,random,25,9,0.1,0.1,0.1,0,1,0.9,0.1,1,1,1
strict-random,random,25,10,0,0,0,0,1,1,0,1,1,1
strict-random,random,25,11,0,0,0,0,1,1,0,1,1,1
fixed-time,random,25,0,0,0,0,0,1,1,0,1,1,1
fixed-time,random,25,1,0,0,0,0,1,1,0,1,1,1
fixed-time,random,25,2,0,0,0,0,1,1,0,1,1,1
fixed-time,random,25,3,0,0,0,0,1,1,0,1,1,1
fixed-time,random,25,4,0,0,0,0,1,1,0,1,1,1
fixed-time,random,25,5,0,0,0,0,1,1,0,1,1,1
fixed-time,random,25,6,0,0,0,0,1,1,0,1,1,1
fixed-time,random,25,7,0,0,0,0,1,1,0,1,1,1
fixed-time,random,25,8,0,0,0,0,1,1,0,1,1,1
fixed-time,random,25,9,0,0,0,0,1,1,0,1,1,1
fixed-time,random,25,10,0,0,0,0,1,1,0,1,1,1
fixed-time,random,25,11,0,0,0,0,1,1,0,1,1,1
stable-group,random,25,0,0,0,0,0,1,1,0,1,1,1
stable-group,random,25,1,0,0,0,0,1,1,0,1,1,1
stable-group,random,25,2,0,0,0,0,1,1,0,1,1,1
stable-group,random,25,3,0,0,0,0,1,1,0,1,1,1
stable-group,random,25,4,0,0,0,0,1,1,0,1,1,1
stable-group,random,25,5,0,0,0,0,1,1,0,1,1,1
stable-group,random,25,6,0,0,0,0,1,1,0,1,1,1
stable-group,random,25,7,0,0,0,0,1,1,0,1,1,1
stable-group,random,25,8,0,0,0,0,1,1,0,1,1,1
stable-group,random,25,9,0,0,0,0,1,1,0,1,1,1
stable-group,random,25,10,0,0,0,0,1,1,0,1,1,1
stable-group,random,25,11,0,0,0,0,1,1,0,1,1,1
exchange-hot-guard,hot,25,0,0,0,0,0,1,1,0,1,1,1
exchange-hot-guard,hot,25,1,0,0,0,0,1,1,0,1,1,1
exchange-hot-guard,hot,25,2,0,0,0,0,1,1,0,1,1,1
exchange-hot-guard,hot,25,3,0,0,0,0,1,1,0,1,1,1
exchange-hot-guard,hot,25,4,0,0,0,0,1,1,0,1,1,1
exchange-hot-guard,hot,25,5,0,0,0,0,1,1,0,1,1,1
exchange-hot-guard,hot,25,6,0,0,0,0,1,1,0,1,1,1
exchange-hot-guard,hot,25,7,0,0,0,0,1,1,0,1,1,1
exchange-hot-guard,hot,25,8,0,0,0,0,1,1,0,1,1,1
exchange-hot-guard,hot,25,9,0,0,0,0,1,1,0,1,1,1
exchange-hot-guard,hot,25,10,0,0,0,0,1,1,0,1,1,1
exchange-hot-guard,hot,25,11,0,0,0,0,1,1,0,1,1,1
exchange-hot,hot,26,0,0.3,0.3,0.3,5.55112e-17,1,0.7,0.3,1,1,1
exchange-hot,hot,26,1,0.2,0.2,0.2,0,1,0.8,0.2,1,1,1
exchange-hot,hot,26,2,0.2,0.2,0.2,0,1,0.8,0.2,1,1,1
exchange-hot,hot,26,3,0.2,0.2,0.2,0,1,0.8,0.2,1,1,1
exchange-hot,hot,26,4,0.3,0.3,0.3,5.55112e-17,1,0.7,0.3,1,1,1
exchange-hot,hot,26,5,0.2,0.2,0.2,0,1,0.8,0.2,1,1,1
exchange-hot,hot,26,6,0.2,0.2,0.2,0,1,0.8,0.2,1,1,1
exchange-hot,hot,26,7,0.2,0.2,0.2,0,1,0.8,0.2,1,1,1
exchange-hot,hot,26,8,0.3,0.3,0.3,5.55112e-17,1,0.7,0.3,1,1,1
exchange-hot,hot,26,9,0.2,0.2,0.2,0,1,0.8,0.2,1,1,1
exchange-hot,hot,26,10,0.2,0.2,0.2,0,1,0.8,0.2,1,1,1
exchange-hot,hot,26,11,0.2,0.2,0.2,0,1,0.8,0.2,1,1,1
strict-random,random,26,0,0,0,0,0,1,1,0,1,1,1
strict-random,random,26,1,0,0,0,0,1,1,0,1,1,1
strict-random,random,26,2,0,0,0,0,1,1,0,1,1,1
strict-random,random,26,3,0,0,0,0,1,1,0,1,1,1
strict-random,random,26,4,0,0,0,0,1,1,0,1,1,1
strict-random,random,26,5,0,0,0,0,1,1,0,1,1,1
strict-random,random,26,6,0,0,0,0,1,1,0,1,1,1
strict-random,random,26,7,0,0,0,0,1,1,0,1,1,1
strict-random,random,26,8,0,0,0,0,1,1,0,1,1,1
strict-random,random,26,9,0,0,0,0,1,1,0,1,1,1
strict-random,random,26,10,0,0,0,0,1,1,0,1,1,1
strict-random,random,26,11,0.1,0.1,0.1,0,1,0.9,0.1,1,1,1
fixed-count,random,26,0,0,0,0,0,1,1,0,1,1,1
fixed-count,random,26,1,0,0,0,0,1,1,0,1,1,1
fixed-count,random,26,2,0,0,0,0,1,1,0,1,1,1
fixed-count,random,26,3,0,0,0,0,1,1,0,1,1,1
fixed-count,random,26,4,0,0,0,0,1,1,0,1,1,1
fixed-count,random,26,5,0,0,0,0,1,1,0,1,1,1
fixed-count,random,26,6,0,0,0,0,1,1,0,1,1,1
fixed-count,random,26,7,0,0,0,0,1,1,0,1,1,1
fixed-count,random,26,8,0,0,0,0,1,1,0,1,1,1
fixed-count,random,26,9,0,0,0,0,1,1,0,1,1,1
fixed-count,random,26,10,0,0,0,0,1,1,0,1,1,1
fixed-count,random,26,11,0.1,0.1,0.1,0,1,0.9,0.1,1,1,1
stable-group,random,26,0,0,0,0,0,1,1,0,1,1,1
stable-group,random,26,1,0,0,0,0,1,1,0,1,1,1
stable-group,random,26,2,0,0,0,0,1,1,0,1,1,1
stable-group,random,26,3,0,0,0,0,1,1,0,1,1,1
stable-group,random,26,4,0,0,0,0,1,1,0,1,1,1
stable-group,random,26,5,0,0,0,0,1,1,0,1,1,1
stable-group,random,26,6,0,0,0,0,1,1,0,1,1,1
stable-group,random,26,7,0,0,0,0,1,1,0,1,1,1
stable-group,random,26,8,0,0,0,0,1,1,0,1,1,1
stable-group,random,26,9,0,0,0,0,1,1,0,1,1,1
stable-group,random,26,10,0,0,0,0,1,1,0,1,1,1
stable-group,random,26,11,0,0,0,0,1,1,0,1,1,1
strict-hot,hot,26,0,0.1,0.1,0.1,0,1,0.9,0.1,1,1,1
strict-hot,hot,26,1,0,0,0,0,1,1,0,1,1,1
strict-hot,hot,26,2,0,0,0,0,1,1,0,1,1,1
strict-hot,hot,26,3,0,0,0,0,1,1,0,1,1,1
strict-hot,hot,26,4,0.1,0.1,0.1,0,1,0.9,0.1,1,1,1
strict-hot,hot,26,5,0,0,0,0,1,1,0,1,1,1
strict-hot,hot,26,6,0,0,0,0,1,1,0,1,1,1
strict-hot,hot,26,7,0,0,0,0,1,1,0,1,1,1
strict-hot,hot,26,8,0.1,0.1,0.1,0,1,0.9,0.1,1,1,1
strict-hot,hot,26,9,0,0,0,0,1,1,0,1,1,1
strict-hot,hot,26,10,0,0,0,0,1,1,0,1,1,1
strict-hot,hot,26,11,0,0,0,0,1,1,0,1,1,1
exchange-random,random,26,0,0.2,0.2,0.2,0,1,0.8,0.2,1,1,1
exchange-random,random,26,1,0.1,0.1,0.1,0,1,0.9,0.1,1,1,1
exchange-random,random,26,2,0.1,0.1,0.1,0,1,0.9,0.1,1,1,1
exchange-random,random,26,3,0,0,0,0,1,1,0,1,1,1
exchange-random,random,26,4,0,0,0,0,1,1,0,1,1,1
exchange-random,random,26,5,0,0,0,0,1,1,0,1,1,1
exchange-random,random,26,6,0,0,0,0,1,1,0,1,1,1
exchange-random,random,26,7,0,0,0,0,1,1,0,1,1,1
exchange-random,random,26,8,0.1,0.1,0.1,0,1,0.9,0.1,1,1,1
exchange-random,random,26,9,0,0,0,0,1,1,0,1,1,1
exchange-random,random,26,10,0,0,0,0,1,1,0,1,1,1
exchange-random,random,26,11,0.1,0.1,0.1,0,1,0.9,0.1,1,1,1
exchange-hot-guard,hot,26,0,0,0,0,0,1,1,0,1,1,1
exchange-hot-guard,hot,26,1,0,0,0,0,1,1,0,1,1,1
exchange-hot-guard,hot,26,2,0,0,0,0,1,1,0,1,1,1
exchange-hot-guard,hot,26,3,0,0,0,0,1,1,0,1,1,1
exchange-hot-guard,hot,26,4,0,0,0,0,1,1,0,1,1,1
exchange-hot-guard,hot,26,5,0,0,0,0,1,1,0,1,1,1
exchange-hot-guard,hot,26,6,0,0,0,0,1,1,0,1,1,1
exchange-hot-guard,hot,26,7,0,0,0,0,1,1,0,1,1,1
exchange-hot-guard,hot,26,8,0,0,0,0,1,1,0,1,1,1
exchange-hot-guard,hot,26,9,0,0,0,0,1,1,0,1,1,1
exchange-hot-guard,hot,26,10,0,0,0,0,1,1,0,1,1,1
exchange-hot-guard,hot,26,11,0,0,0,0,1,1,0,1,1,1
fixed-time,random,26,0,0,0,0,0,1,1,0,1,1,1
fixed-time,random,26,1,0,0,0,0,1,1,0,1,1,1
fixed-time,random,26,2,0,0,0,0,1,1,0,1,1,1
fixed-time,random,26,3,0,0,0,0,1,1,0,1,1,1
fixed-time,random,26,4,0,0,0,0,1,1,0,1,1,1
fixed-time,random,26,5,0,0,0,0,1,1,0,1,1,1
fixed-time,random,26,6,0,0,0,0,1,1,0,1,1,1
fixed-time,random,26,7,0,0,0,0,1,1,0,1,1,1
fixed-time,random,26,8,0,0,0,0,1,1,0,1,1,1
fixed-time,random,26,9,0,0,0,0,1,1,0,1,1,1
fixed-time,random,26,10,0,0,0,0,1,1,0,1,1,1
fixed-time,random,26,11,0,0,0,0,1,1,0,1,1,1
fixed-count,random,27,0,0,0,0,0,1,1,0,1,1,1
fixed-count,random,27,1,0,0,0,0,1,1,0,1,1,1
fixed-count,random,27,2,0,0,0,0,1,1,0,1,1,1
fixed-count,random,27,3,0,0,0,0,1,1,0,1,1,1
fixed-count,random,27,4,0,0,0,0,1,1,0,1,1,1
fixed-count,random,27,5,0,0,0,0,1,1,0,1,1,1
fixed-count,random,27,6,0,0,0,0,1,1,0,1,1,1
fixed-count,random,27,7,0,0,0,0,1,1,0,1,1,1
fixed-count,random,27,8,0,0,0,0,1,1,0,1,1,1
fixed-count,random,27,9,0,0,0,0,1,1,0,1,1,1
fixed-count,random,27,10,0,0,0,0,1,1,0,1,1,1
fixed-count,random,27,11,0.1,0.1,0.1,0,1,0.9,0.1,1,1,1
exchange-random,random,27,0,0,0,0,0,1,1,0,1,1,1
exchange-random,random,27,1,0,0,0,0,1,1,0,1,1,1
exchange-random,random,27,2,0.2,0.2,0.2,0,1,0.8,0.2,1,1,1
exchange-random,random,27,3,0.1,0.1,0.1,0,1,0.9,0.1,1,1,1
exchange-random,random,27,4,0,0,0,0,1,1,0,1,1,1
exchange-random,random,27,5,0,0,0,0,1,1,0,1,1,1
exchange-random,random,27,6,0.1,0.1,0.1,0,1,0.9,0.1,1,1,1
exchange-random,random,27,7,0.1,0.1,0.1,0,1,0.9,0.1,1,1,1
exchange-random,random,27,8,0,0,0,0,1,1,0,1,1,1
exchange-random,random,27,9,0,0,0,0,1,1,0,1,1,1
exchange-random,random,27,10,0.2,0.2,0.2,0,1,0.8,0.2,1,1,1
exchange-random,random,27,11,0.1,0.1,0.1,0,1,0.9,0.1,1,1,1
strict-hot,hot,27,0,0.1,0.1,0.1,0,1,0.9,0.1,1,1,1
strict-hot,hot,27,1,0,0,0,0,1,1,0,1,1,1
strict-hot,hot,27,2,0,0,0,0,1,1,0,1,1,1
strict-hot,hot,27,3,0,0,0,0,1,1,0,1,1,1
strict-hot,hot,27,4,0.1,0.1,0.1,0,1,0.9,0.1,1,1,1
strict-hot,hot,27,5,0,0,0,0,1,1,0,1,1,1
strict-hot,hot,27,6,0,0,0,0,1,1,0,1,1,1
strict-hot,hot,27,7,0,0,0,0,1,1,0,1,1,1
strict-hot,hot,27,8,0.1,0.1,0.1,0,1,0.9,0.1,1,1,1
strict-hot,hot,27,9,0,0,0,0,1,1,0,1,1,1
strict-hot,hot,27,10,0,0,0,0,1,1,0,1,1,1
strict-hot,hot,27,11,0,0,0,0,1,1,0,1,1,1
exchange-hot-guard,hot,27,0,0,0,0,0,1,1,0,1,1,1
exchange-hot-guard,hot,27,1,0,0,0,0,1,1,0,1,1,1
exchange-hot-guard,hot,27,2,0,0,0,0,1,1,0,1,1,1
exchange-hot-guard,hot,27,3,0,0,0,0,1,1,0,1,1,1
exchange-hot-guard,hot,27,4,0,0,0,0,1,1,0,1,1,1
exchange-hot-guard,hot,27,5,0,0,0,0,1,1,0,1,1,1
exchange-hot-guard,hot,27,6,0,0,0,0,1,1,0,1,1,1
exchange-hot-guard,hot,27,7,0,0,0,0,1,1,0,1,1,1
exchange-hot-guard,hot,27,8,0,0,0,0,1,1,0,1,1,1
exchange-hot-guard,hot,27,9,0,0,0,0,1,1,0,1,1,1
exchange-hot-guard,hot,27,10,0,0,0,0,1,1,0,1,1,1
exchange-hot-guard,hot,27,11,0,0,0,0,1,1,0,1,1,1
fixed-time,random,27,0,0,0,0,0,1,1,0,1,1,1
fixed-time,random,27,1,0,0,0,0,1,1,0,1,1,1
fixed-time,random,27,2,0,0,0,0,1,1,0,1,1,1
fixed-time,random,27,3,0,0,0,0,1,1,0,1,1,1
fixed-time,random,27,4,0,0,0,0,1,1,0,1,1,1
fixed-time,random,27,5,0,0,0,0,1,1,0,1,1,1
fixed-time,random,27,6,0,0,0,0,1,1,0,1,1,1
fixed-time,random,27,7,0,0,0,0,1,1,0,1,1,1
fixed-time,random,27,8,0,0,0,0,1,1,0,1,1,1
fixed-time,random,27,9,0,0,0,0,1,1,0,1,1,1
fixed-time,random,27,10,0,0,0,0,1,1,0,1,1,1
fixed-time,random,27,11,0,0,0,0,1,1,0,1,1,1
exchange-hot,hot,27,0,0.3,0.3,0.3,5.55112e-17,1,0.7,0.3,1,1,1
exchange-hot,hot,27,1,0.2,0.2,0.2,0,1,0.8,0.2,1,1,1
exchange-hot,hot,27,2,0.2,0.2,0.2,0,1,0.8,0.2,1,1,1
exchange-hot,hot,27,3,0.2,0.2,0.2,0,1,0.8,0.2,1,1,1
exchange-hot,hot,27,4,0.3,0.3,0.3,5.55112e-17,1,0.7,0.3,1,1,1
exchange-hot,hot,27,5,0.2,0.2,0.2,0,1,0.8,0.2,1,1,1
exchange-hot,hot,27,6,0.2,0.2,0.2,0,1,0.8,0.2,1,1,1
exchange-hot,hot,27,7,0.2,0.2,0.2,0,1,0.8,0.2,1,1,1
exchange-hot,hot,27,8,0.3,0.3,0.3,5.55112e-17,1,0.7,0.3,1,1,1
exchange-hot,hot,27,9,0.2,0.2,0.2,0,1,0.8,0.2,1,1,1
exchange-hot,hot,27,10,0.2,0.2,0.2,0,1,0.8,0.2,1,1,1
exchange-hot,hot,27,11,0.2,0.2,0.2,0,1,0.8,0.2,1,1,1
strict-random,random,27,0,0,0,0,0,1,1,0,1,1,1
strict-random,random,27,1,0,0,0,0,1,1,0,1,1,1
strict-random,random,27,2,0,0,0,0,1,1,0,1,1,1
strict-random,random,27,3,0,0,0,0,1,1,0,1,1,1
strict-random,random,27,4,0,0,0,0,1,1,0,1,1,1
strict-random,random,27,5,0,0,0,0,1,1,0,1,1,1
strict-random,random,27,6,0,0,0,0,1,1,0,1,1,1
strict-random,random,27,7,0,0,0,0,1,1,0,1,1,1
strict-random,random,27,8,0,0,0,0,1,1,0,1,1,1
strict-random,random,27,9,0,0,0,0,1,1,0,1,1,1
strict-random,random,27,10,0,0,0,0,1,1,0,1,1,1
strict-random,random,27,11,0.1,0.1,0.1,0,1,0.9,0.1,1,1,1
stable-group,random,27,0,0,0,0,0,1,1,0,1,1,1
stable-group,random,27,1,0,0,0,0,1,1,0,1,1,1
stable-group,random,27,2,0,0,0,0,1,1,0,1,1,1
stable-group,random,27,3,0,0,0,0,1,1,0,1,1,1
stable-group,random,27,4,0,0,0,0,1,1,0,1,1,1
stable-group,random,27,5,0,0,0,0,1,1,0,1,1,1
stable-group,random,27,6,0,0,0,0,1,1,0,1,1,1
stable-group,random,27,7,0,0,0,0,1,1,0,1,1,1
stable-group,random,27,8,0,0,0,0,1,1,0,1,1,1
stable-group,random,27,9,0,0,0,0,1,1,0,1,1,1
stable-group,random,27,10,0,0,0,0,1,1,0,1,1,1
stable-group,random,27,11,0,0,0,0,1,1,0,1,1,1
fixed-time,random,28,0,0,0,0,0,1,1,0,1,1,1
fixed-time,random,28,1,0,0,0,0,1,1,0,1,1,1
fixed-time,random,28,2,0,0,0,0,1,1,0,1,1,1
fixed-time,random,28,3,0,0,0,0,1,1,0,1,1,1
fixed-time,random,28,4,0,0,0,0,1,1,0,1,1,1
fixed-time,random,28,5,0,0,0,0,1,1,0,1,1,1
fixed-time,random,28,6,0,0,0,0,1,1,0,1,1,1
fixed-time,random,28,7,0,0,0,0,1,1,0,1,1,1
fixed-time,random,28,8,0,0,0,0,1,1,0,1,1,1
fixed-time,random,28,9,0,0,0,0,1,1,0,1,1,1
fixed-time,random,28,10,0,0,0,0,1,1,0,1,1,1
fixed-time,random,28,11,0,0,0,0,1,1,0,1,1,1
strict-hot,hot,28,0,0.1,0.1,0.1,0,1,0.9,0.1,1,1,1
strict-hot,hot,28,1,0,0,0,0,1,1,0,1,1,1
strict-hot,hot,28,2,0,0,0,0,1,1,0,1,1,1
strict-hot,hot,28,3,0,0,0,0,1,1,0,1,1,1
strict-hot,hot,28,4,0.1,0.1,0.1,0,1,0.9,0.1,1,1,1
strict-hot,hot,28,5,0,0,0,0,1,1,0,1,1,1
strict-hot,hot,28,6,0,0,0,0,1,1,0,1,1,1
strict-hot,hot,28,7,0,0,0,0,1,1,0,1,1,1
strict-hot,hot,28,8,0.1,0.1,0.1,0,1,0.9,0.1,1,1,1
strict-hot,hot,28,9,0,0,0,0,1,1,0,1,1,1
strict-hot,hot,28,10,0,0,0,0,1,1,0,1,1,1
strict-hot,hot,28,11,0,0,0,0,1,1,0,1,1,1
exchange-hot-guard,hot,28,0,0,0,0,0,1,1,0,1,1,1
exchange-hot-guard,hot,28,1,0,0,0,0,1,1,0,1,1,1
exchange-hot-guard,hot,28,2,0,0,0,0,1,1,0,1,1,1
exchange-hot-guard,hot,28,3,0,0,0,0,1,1,0,1,1,1
exchange-hot-guard,hot,28,4,0,0,0,0,1,1,0,1,1,1
exchange-hot-guard,hot,28,5,0,0,0,0,1,1,0,1,1,1
exchange-hot-guard,hot,28,6,0,0,0,0,1,1,0,1,1,1
exchange-hot-guard,hot,28,7,0,0,0,0,1,1,0,1,1,1
exchange-hot-guard,hot,28,8,0,0,0,0,1,1,0,1,1,1
exchange-hot-guard,hot,28,9,0,0,0,0,1,1,0,1,1,1
exchange-hot-guard,hot,28,10,0,0,0,0,1,1,0,1,1,1
exchange-hot-guard,hot,28,11,0,0,0,0,1,1,0,1,1,1
exchange-random,random,28,0,0,0,0,0,1,1,0,1,1,1
exchange-random,random,28,1,0,0,0,0,1,1,0,1,1,1
exchange-random,random,28,2,0.1,0.1,0.1,0,1,0.9,0.1,1,1,1
exchange-random,random,28,3,0,0,0,0,1,1,0,1,1,1
exchange-random,random,28,4,0.2,0.2,0.2,0,1,0.8,0.2,1,1,1
exchange-random,random,28,5,0.1,0.1,0.1,0,1,0.9,0.1,1,1,1
exchange-random,random,28,6,0,0,0,0,1,1,0,1,1,1
exchange-random,random,28,7,0,0,0,0,1,1,0,1,1,1
exchange-random,random,28,8,0.1,0.1,0.1,0,1,0.9,0.1,1,1,1
exchange-random,random,28,9,0.1,0.1,0.1,0,1,0.9,0.1,1,1,1
exchange-random,random,28,10,0,0,0,0,1,1,0,1,1,1
exchange-random,random,28,11,0,0,0,0,1,1,0,1,1,1
stable-group,random,28,0,0,0,0,0,1,1,0,1,1,1
stable-group,random,28,1,0,0,0,0,1,1,0,1,1,1
stable-group,random,28,2,0,0,0,0,1,1,0,1,1,1
stable-group,random,28,3,0,0,0,0,1,1,0,1,1,1
stable-group,random,28,4,0,0,0,0,1,1,0,1,1,1
stable-group,random,28,5,0,0,0,0,1,1,0,1,1,1
stable-group,random,28,6,0,0,0,0,1,1,0,1,1,1
stable-group,random,28,7,0,0,0,0,1,1,0,1,1,1
stable-group,random,28,8,0,0,0,0,1,1,0,1,1,1
stable-group,random,28,9,0,0,0,0,1,1,0,1,1,1
stable-group,random,28,10,0,0,0,0,1,1,0,1,1,1
stable-group,random,28,11,0,0,0,0,1,1,0,1,1,1
fixed-count,random,28,0,0,0,0,0,1,1,0,1,1,1
fixed-count,random,28,1,0,0,0,0,1,1,0,1,1,1
fixed-count,random,28,2,0,0,0,0,1,1,0,1,1,1
fixed-count,random,28,3,0,0,0,0,1,1,0,1,1,1
fixed-count,random,28,4,0,0,0,0,1,1,0,1,1,1
fixed-count,random,28,5,0,0,0,0,1,1,0,1,1,1
fixed-count,random,28,6,0,0,0,0,1,1,0,1,1,1
fixed-count,random,28,7,0,0,0,0,1,1,0,1,1,1
fixed-count,random,28,8,0,0,0,0,1,1,0,1,1,1
fixed-count,random,28,9,0,0,0,0,1,1,0,1,1,1
fixed-count,random,28,10,0,0,0,0,1,1,0,1,1,1
fixed-count,random,28,11,0,0,0,0,1,1,0,1,1,1
exchange-hot,hot,28,0,0.3,0.3,0.3,5.55112e-17,1,0.7,0.3,1,1,1
exchange-hot,hot,28,1,0.2,0.2,0.2,0,1,0.8,0.2,1,1,1
exchange-hot,hot,28,2,0.2,0.2,0.2,0,1,0.8,0.2,1,1,1
exchange-hot,hot,28,3,0.2,0.2,0.2,0,1,0.8,0.2,1,1,1
exchange-hot,hot,28,4,0.3,0.3,0.3,5.55112e-17,1,0.7,0.3,1,1,1
exchange-hot,hot,28,5,0.2,0.2,0.2,0,1,0.8,0.2,1,1,1
exchange-hot,hot,28,6,0.2,0.2,0.2,0,1,0.8,0.2,1,1,1
exchange-hot,hot,28,7,0.2,0.2,0.2,0,1,0.8,0.2,1,1,1
exchange-hot,hot,28,8,0.3,0.3,0.3,5.55112e-17,1,0.7,0.3,1,1,1
exchange-hot,hot,28,9,0.2,0.2,0.2,0,1,0.8,0.2,1,1,1
exchange-hot,hot,28,10,0.2,0.2,0.2,0,1,0.8,0.2,1,1,1
exchange-hot,hot,28,11,0.2,0.2,0.2,0,1,0.8,0.2,1,1,1
strict-random,random,28,0,0,0,0,0,1,1,0,1,1,1
strict-random,random,28,1,0,0,0,0,1,1,0,1,1,1
strict-random,random,28,2,0,0,0,0,1,1,0,1,1,1
strict-random,random,28,3,0,0,0,0,1,1,0,1,1,1
strict-random,random,28,4,0,0,0,0,1,1,0,1,1,1
strict-random,random,28,5,0,0,0,0,1,1,0,1,1,1
strict-random,random,28,6,0,0,0,0,1,1,0,1,1,1
strict-random,random,28,7,0,0,0,0,1,1,0,1,1,1
strict-random,random,28,8,0,0,0,0,1,1,0,1,1,1
strict-random,random,28,9,0,0,0,0,1,1,0,1,1,1
strict-random,random,28,10,0,0,0,0,1,1,0,1,1,1
strict-random,random,28,11,0,0,0,0,1,1,0,1,1,1
exchange-hot-guard,hot,29,0,0,0,0,0,1,1,0,1,1,1
exchange-hot-guard,hot,29,1,0,0,0,0,1,1,0,1,1,1
exchange-hot-guard,hot,29,2,0,0,0,0,1,1,0,1,1,1
exchange-hot-guard,hot,29,3,0,0,0,0,1,1,0,1,1,1
exchange-hot-guard,hot,29,4,0,0,0,0,1,1,0,1,1,1
exchange-hot-guard,hot,29,5,0,0,0,0,1,1,0,1,1,1
exchange-hot-guard,hot,29,6,0,0,0,0,1,1,0,1,1,1
exchange-hot-guard,hot,29,7,0,0,0,0,1,1,0,1,1,1
exchange-hot-guard,hot,29,8,0,0,0,0,1,1,0,1,1,1
exchange-hot-guard,hot,29,9,0,0,0,0,1,1,0,1,1,1
exchange-hot-guard,hot,29,10,0,0,0,0,1,1,0,1,1,1
exchange-hot-guard,hot,29,11,0,0,0,0,1,1,0,1,1,1
fixed-count,random,29,0,0,0,0,0,1,1,0,1,1,1
fixed-count,random,29,1,0,0,0,0,1,1,0,1,1,1
fixed-count,random,29,2,0,0,0,0,1,1,0,1,1,1
fixed-count,random,29,3,0,0,0,0,1,1,0,1,1,1
fixed-count,random,29,4,0,0,0,0,1,1,0,1,1,1
fixed-count,random,29,5,0,0,0,0,1,1,0,1,1,1
fixed-count,random,29,6,0.1,0.1,0.1,0,1,0.9,0.1,1,1,1
fixed-count,random,29,7,0,0,0,0,1,1,0,1,1,1
fixed-count,random,29,8,0,0,0,0,1,1,0,1,1,1
fixed-count,random,29,9,0,0,0,0,1,1,0,1,1,1
fixed-count,random,29,10,0,0,0,0,1,1,0,1,1,1
fixed-count,random,29,11,0,0,0,0,1,1,0,1,1,1
fixed-time,random,29,0,0,0,0,0,1,1,0,1,1,1
fixed-time,random,29,1,0,0,0,0,1,1,0,1,1,1
fixed-time,random,29,2,0,0,0,0,1,1,0,1,1,1
fixed-time,random,29,3,0,0,0,0,1,1,0,1,1,1
fixed-time,random,29,4,0,0,0,0,1,1,0,1,1,1
fixed-time,random,29,5,0,0,0,0,1,1,0,1,1,1
fixed-time,random,29,6,0,0,0,0,1,1,0,1,1,1
fixed-time,random,29,7,0,0,0,0,1,1,0,1,1,1
fixed-time,random,29,8,0,0,0,0,1,1,0,1,1,1
fixed-time,random,29,9,0,0,0,0,1,1,0,1,1,1
fixed-time,random,29,10,0,0,0,0,1,1,0,1,1,1
fixed-time,random,29,11,0,0,0,0,1,1,0,1,1,1
strict-random,random,29,0,0,0,0,0,1,1,0,1,1,1
strict-random,random,29,1,0,0,0,0,1,1,0,1,1,1
strict-random,random,29,2,0,0,0,0,1,1,0,1,1,1
strict-random,random,29,3,0,0,0,0,1,1,0,1,1,1
strict-random,random,29,4,0,0,0,0,1,1,0,1,1,1
strict-random,random,29,5,0,0,0,0,1,1,0,1,1,1
strict-random,random,29,6,0.1,0.1,0.1,0,1,0.9,0.1,1,1,1
strict-random,random,29,7,0,0,0,0,1,1,0,1,1,1
strict-random,random,29,8,0,0,0,0,1,1,0,1,1,1
strict-random,random,29,9,0,0,0,0,1,1,0,1,1,1
strict-random,random,29,10,0,0,0,0,1,1,0,1,1,1
strict-random,random,29,11,0,0,0,0,1,1,0,1,1,1
exchange-random,random,29,0,0.1,0.1,0.1,0,1,0.9,0.1,1,1,1
exchange-random,random,29,1,0.2,0.2,0.2,0,1,0.8,0.2,1,1,1
exchange-random,random,29,2,0,0,0,0,1,1,0,1,1,1
exchange-random,random,29,3,0.1,0.1,0.1,0,1,0.9,0.1,1,1,1
exchange-random,random,29,4,0,0,0,0,1,1,0,1,1,1
exchange-random,random,29,5,0,0,0,0,1,1,0,1,1,1
exchange-random,random,29,6,0.1,0.1,0.1,0,1,0.9,0.1,1,1,1
exchange-random,random,29,7,0,0,0,0,1,1,0,1,1,1
exchange-random,random,29,8,0,0,0,0,1,1,0,1,1,1
exchange-random,random,29,9,0,0,0,0,1,1,0,1,1,1
exchange-random,random,29,10,0,0,0,0,1,1,0,1,1,1
exchange-random,random,29,11,0.1,0.1,0.1,0,1,0.9,0.1,1,1,1
stable-group,random,29,0,0,0,0,0,1,1,0,1,1,1
stable-group,random,29,1,0,0,0,0,1,1,0,1,1,1
stable-group,random,29,2,0,0,0,0,1,1,0,1,1,1
stable-group,random,29,3,0,0,0,0,1,1,0,1,1,1
stable-group,random,29,4,0,0,0,0,1,1,0,1,1,1
stable-group,random,29,5,0,0,0,0,1,1,0,1,1,1
stable-group,random,29,6,0,0,0,0,1,1,0,1,1,1
stable-group,random,29,7,0,0,0,0,1,1,0,1,1,1
stable-group,random,29,8,0,0,0,0,1,1,0,1,1,1
stable-group,random,29,9,0,0,0,0,1,1,0,1,1,1
stable-group,random,29,10,0,0,0,0,1,1,0,1,1,1
stable-group,random,29,11,0,0,0,0,1,1,0,1,1,1
exchange-hot,hot,29,0,0.3,0.3,0.3,5.55112e-17,1,0.7,0.3,1,1,1
exchange-hot,hot,29,1,0.2,0.2,0.2,0,1,0.8,0.2,1,1,1
exchange-hot,hot,29,2,0.2,0.2,0.2,0,1,0.8,0.2,1,1,1
exchange-hot,hot,29,3,0.2,0.2,0.2,0,1,0.8,0.2,1,1,1
exchange-hot,hot,29,4,0.3,0.3,0.3,5.55112e-17,1,0.7,0.3,1,1,1
exchange-hot,hot,29,5,0.2,0.2,0.2,0,1,0.8,0.2,1,1,1
exchange-hot,hot,29,6,0.2,0.2,0.2,0,1,0.8,0.2,1,1,1
exchange-hot,hot,29,7,0.2,0.2,0.2,0,1,0.8,0.2,1,1,1
exchange-hot,hot,29,8,0.3,0.3,0.3,5.55112e-17,1,0.7,0.3,1,1,1
exchange-hot,hot,29,9,0.2,0.2,0.2,0,1,0.8,0.2,1,1,1
exchange-hot,hot,29,10,0.2,0.2,0.2,0,1,0.8,0.2,1,1,1
exchange-hot,hot,29,11,0.2,0.2,0.2,0,1,0.8,0.2,1,1,1
strict-hot,hot,29,0,0.1,0.1,0.1,0,1,0.9,0.1,1,1,1
strict-hot,hot,29,1,0,0,0,0,1,1,0,1,1,1
strict-hot,hot,29,2,0,0,0,0,1,1,0,1,1,1
strict-hot,hot,29,3,0,0,0,0,1,1,0,1,1,1
strict-hot,hot,29,4,0.1,0.1,0.1,0,1,0.9,0.1,1,1,1
strict-hot,hot,29,5,0,0,0,0,1,1,0,1,1,1
strict-hot,hot,29,6,0,0,0,0,1,1,0,1,1,1
strict-hot,hot,29,7,0,0,0,0,1,1,0,1,1,1
strict-hot,hot,29,8,0.1,0.1,0.1,0,1,0.9,0.1,1,1,1
strict-hot,hot,29,9,0,0,0,0,1,1,0,1,1,1
strict-hot,hot,29,10,0,0,0,0,1,1,0,1,1,1
strict-hot,hot,29,11,0,0,0,0,1,1,0,1,1,1
