case,workload,repetition,hnsw_seed,tail_seed,requested_ack,writers,writes,queries,k_min,epsilon,comparison_epsilon,configured_cap,group_delay_us,write_seconds,writes_per_s,weak_acks,stable_acks,max_weak,binding,weak_p50_us,weak_p95_us,weak_p99_us,stable_p50_us,stable_p95_us,stable_p99_us,query_p50_us,query_p95_us,query_p99_us,latest_queries,stable_queries,timed_sync_attempts,timed_sync_successes,timed_sync_failures,timed_records_synced,policy_fences,follower_requests,fence_then_retry,strict_rejections,cap_overshoots,all_applied
stable-random-k10-for-e200000-g750-w4,random,0,100,9001,stable,4,64,64,10,0,0.20000000000000001,0,750,0.263064458,243.28638116518195,0,64,0,0,0,0,0,15806.875,29305.983899999981,29781.18979,34.5625,18312.614299999979,26917.282999999992,64,0,16,16,0,64,0,48,0,0,0,1
strict-random-k10-e200000-g750-w4,random,0,100,9001,weak,4,64,64,10,0.20000000000000001,0.20000000000000001,2,750,0.50503804100000005,126.72312737725036,64,0,2,1,29654.729500000001,51878.547399999981,57666.395039999989,0,0,0,30.3125,29845.006199999989,45761.658919999987,64,0,31,31,0,62,31,48,31,31,0,1
strict-hot-k10-e200000-g750-w4,hot,0,100,45001,weak,4,64,64,10,0.20000000000000001,0.20000000000000001,2,750,0.420043167,152.36529249385455,64,0,2,1,24968.646000000001,40841.326849999947,48442.943959999997,0,0,0,81.729500000000002,29353.837549999986,35149.058539999984,64,0,31,31,0,62,31,48,31,31,0,1
stable-hot-k10-for-e200000-g750-w4,hot,0,100,45001,stable,4,64,64,10,0,0.20000000000000001,0,750,0.36042162500000002,177.56981146733355,0,64,0,0,0,0,0,18863.875500000002,41980.296299999936,43745.396460000004,51.4375,19658.060649999996,30208.348919999997,64,0,16,16,0,64,0,48,0,0,0,1
stable-hot-k50-for-e200000-g750-w4,hot,0,100,45001,stable,4,64,64,50,0,0.20000000000000001,0,750,0.26616024999999999,240.45664219206287,0,64,0,0,0,0,0,15884.146000000001,29464.049899999984,29964.664290000001,126.0415,18032.029399999999,24858.507460000001,64,0,16,16,0,64,0,48,0,0,0,1
strict-hot-k50-e200000-g750-w4,hot,0,100,45001,weak,4,64,64,50,0.20000000000000001,0.20000000000000001,10,750,0.21546045899999999,297.03826074184684,64,0,10,1,10486.291499999999,18968.4643,22135.926960000001,0,0,0,157.3955,16470.92945,19424.084789999994,64,0,6,6,0,60,6,48,6,6,0,1
stable-hot-k20-for-e200000-g750-w4,hot,0,100,45001,stable,4,64,64,20,0,0.20000000000000001,0,750,0.36805025000000002,173.88929908348112,0,64,0,0,0,0,0,20827.832999999999,36515.026799999956,37716.413959999998,75.916499999999999,24681.271349999992,27033.734459999992,64,0,16,16,0,64,0,48,0,0,0,1
strict-hot-k20-e200000-g750-w4,hot,0,100,45001,weak,4,64,64,20,0.20000000000000001,0.20000000000000001,4,750,0.22312475000000001,286.83505527737287,64,0,4,1,12080.1875,26427.941849999981,30622.993039999994,0,0,0,91.916499999999999,14622.460799999995,25794.099169999976,64,0,15,15,0,60,15,48,15,15,0,1
stable-random-k100-for-e200000-g750-w4,random,0,100,9001,stable,4,64,64,100,0,0.20000000000000001,0,750,0.31509625000000002,203.11254100929477,0,64,0,0,0,0,0,18756.188000000002,27602.941999999999,27737.43346,194.792,19645.785699999997,26438.88625,64,0,16,16,0,64,0,48,0,0,0,1
strict-random-k100-e200000-g750-w4,random,0,100,9001,weak,4,64,64,100,0.20000000000000001,0.20000000000000001,20,750,0.21320520800000001,300.1802845266331,64,0,20,1,11688.271000000001,19987.80445,20536.183250000002,0,0,0,233.22899999999998,16457.77949999999,19147.083209999997,64,0,3,3,0,60,3,48,3,3,0,1
stable-hot-k100-for-e200000-g750-w4,hot,0,100,45001,stable,4,64,64,100,0,0.20000000000000001,0,750,0.21399954099999999,299.06606201552557,0,64,0,0,0,0,0,11734.8745,22723.404449999995,23000.160169999999,157.6455,11977.6464,19461.690419999995,64,0,16,16,0,64,0,48,0,0,0,1
strict-hot-k100-e200000-g750-w4,hot,0,100,45001,weak,4,64,64,100,0.20000000000000001,0.20000000000000001,20,750,0.212889042,300.62608858937887,64,0,20,1,10790.604500000001,23383.583149999995,33067.154789999993,0,0,0,196.3125,15661.816899999989,22379.842829999976,64,0,3,3,0,60,3,48,3,3,0,1
strict-random-k50-e200000-g750-w4,random,0,100,9001,weak,4,64,64,50,0.20000000000000001,0.20000000000000001,10,750,0.24522991699999999,260.97957697388119,64,0,10,1,12746.3125,24670.82315,25053.463459999999,0,0,0,123.3335,19264.247399999993,23599.429500000002,64,0,6,6,0,60,6,48,6,6,0,1
stable-random-k50-for-e200000-g750-w4,random,0,100,9001,stable,4,64,64,50,0,0.20000000000000001,0,750,0.37917308300000002,168.78835252132072,0,64,0,0,0,0,0,20724.207999999999,39354.187399999988,39685.00733,158.91649999999998,28473.176799999987,36679.283249999993,64,0,16,16,0,64,0,48,0,0,0,1
stable-random-k20-for-e200000-g750-w4,random,0,100,9001,stable,4,64,64,20,0,0.20000000000000001,0,750,0.36079525000000001,177.38592733690368,0,64,0,0,0,0,0,20834.417000000001,37379.920499999949,38718.162540000005,79.625,20107.233949999998,31768.589289999974,64,0,16,16,0,64,0,48,0,0,0,1
strict-random-k20-e200000-g750-w4,random,0,100,9001,weak,4,64,64,20,0.20000000000000001,0.20000000000000001,4,750,0.32505845799999999,196.88766258775522,64,0,4,1,18543.104500000001,30434.185649999992,31643.701369999999,0,0,0,92.5,24755.20444999999,27717.139999999999,64,0,15,15,0,60,15,46,15,15,0,1
stable-hot-k100-for-e200000-g750-w4,hot,1,117,45002,stable,4,64,64,100,0,0.20000000000000001,0,750,0.40346183299999999,158.62714825865572,0,64,0,0,0,0,0,25196.167000000001,32563.962499999991,32839.381580000001,245.542,28177.793749999997,30649.753209999995,64,0,16,16,0,64,0,48,0,0,0,1
strict-hot-k100-e200000-g750-w4,hot,1,117,45002,weak,4,64,64,100,0.20000000000000001,0.20000000000000001,20,750,0.22810470899999999,280.5729012810516,64,0,20,1,12020.541999999999,26584.796399999996,27283.069169999999,0,0,0,176.1875,12645.928599999999,24606.586790000001,64,0,3,3,0,60,3,48,3,3,0,1
stable-random-k50-for-e200000-g750-w4,random,1,117,9002,stable,4,64,64,50,0,0.20000000000000001,0,750,0.31718625,201.77419418401649,0,64,0,0,0,0,0,19361.188000000002,34149.523199999974,34803.40625,122.3535,21645.058049999989,31068.073369999991,64,0,16,16,0,64,0,48,0,0,0,1
strict-random-k50-e200000-g750-w4,random,1,117,9002,weak,4,64,64,50,0.20000000000000001,0.20000000000000001,10,750,0.28100849999999999,227.75111784874835,64,0,10,1,13615.207999999999,29775.412499999999,32152.837829999993,0,0,0,172.417,21935.910699999993,25104.832709999988,64,0,6,6,0,60,6,48,6,6,0,1
strict-hot-k20-e200000-g750-w4,hot,1,117,45002,weak,4,64,64,20,0.20000000000000001,0.20000000000000001,4,750,0.31108124999999998,205.73403250758446,64,0,4,1,19133.000500000002,25479.541099999999,29754.288960000002,0,0,0,55.854500000000002,20994.748199999987,26280.68070999999,64,0,15,15,0,60,15,48,15,15,0,1
stable-hot-k20-for-e200000-g750-w4,hot,1,117,45002,stable,4,64,64,20,0,0.20000000000000001,0,750,0.39496399999999998,162.04008466594425,0,64,0,0,0,0,0,23673.4375,34276.812549999988,34628.907289999996,85.417000000000002,29382.799949999993,32423.348329999997,64,0,16,16,0,64,0,48,0,0,0,1
stable-random-k100-for-e200000-g750-w4,random,1,117,9002,stable,4,64,64,100,0,0.20000000000000001,0,750,0.367206792,174.28871522616063,0,64,0,0,0,0,0,23322.166499999999,35883.018849999971,36633.029999999999,208.41649999999998,27480.426799999987,30875.603749999998,64,0,16,16,0,64,0,48,0,0,0,1
strict-random-k100-e200000-g750-w4,random,1,117,9002,weak,4,64,64,100,0.20000000000000001,0.20000000000000001,20,750,0.13899662500000001,460.4428344932835,64,0,20,1,7588.1045000000004,13905.326799999997,14477.875119999999,0,0,0,231.6875,8980.9919499999978,13163.238419999996,64,0,3,3,0,60,3,48,3,3,0,1
strict-random-k10-e200000-g750-w4,random,1,117,9002,weak,4,64,64,10,0.20000000000000001,0.20000000000000001,2,750,0.54130683400000001,118.23238869361845,64,0,2,1,34351.084000000003,44457.459849999999,47823.796749999994,0,0,0,73.271000000000001,40558.420549999995,44822.639829999993,64,0,31,31,0,62,31,48,31,31,0,1
stable-random-k10-for-e200000-g750-w4,random,1,117,9002,stable,4,64,64,10,0,0.20000000000000001,0,750,0.34619,184.86958028828101,0,64,0,0,0,0,0,20290.853999999999,31355.397349999985,31837.193629999998,68.6875,19728.245499999997,28966.256129999991,64,0,16,16,0,64,0,48,0,0,0,1
stable-random-k20-for-e200000-g750-w4,random,1,117,9002,stable,4,64,64,20,0,0.20000000000000001,0,750,0.38634291599999998,165.65594281532006,0,64,0,0,0,0,0,21284.500500000002,35261.883049999975,35854.728750000002,82.666499999999999,26013.834799999964,32453.00728999999,64,0,16,16,0,64,0,48,0,0,0,1
strict-random-k20-e200000-g750-w4,random,1,117,9002,weak,4,64,64,20,0.20000000000000001,0.20000000000000001,4,750,0.35184612500000001,181.89769746647059,64,0,4,1,20381.749499999998,31246.60455,32968.900540000002,0,0,0,88.561999999999998,27160.810699999998,30668.503249999994,64,0,15,15,0,60,15,48,15,15,0,1
stable-hot-k10-for-e200000-g750-w4,hot,1,117,45002,stable,4,64,64,10,0,0.20000000000000001,0,750,0.40930133299999999,156.36401555525842,0,64,0,0,0,0,0,23204.582999999999,40322.583049999957,41412.006999999998,66.229500000000002,28212.824949999973,35035.787829999979,64,0,16,16,0,64,0,48,0,0,0,1
strict-hot-k10-e200000-g750-w4,hot,1,117,45002,weak,4,64,64,10,0.20000000000000001,0.20000000000000001,2,750,0.51019204200000001,125.44296016283218,64,0,2,1,30354.875500000002,42207.910649999998,42757.494579999999,0,0,0,59.791499999999999,40272.100049999979,41665.765420000003,64,0,31,31,0,62,31,48,31,31,0,1
stable-hot-k50-for-e200000-g750-w4,hot,1,117,45002,stable,4,64,64,50,0,0.20000000000000001,0,750,0.354094458,180.74273277668752,0,64,0,0,0,0,0,19349.146000000001,38071.583099999967,38844.119249999996,148.22899999999998,22554.787499999991,34634.389789999987,64,0,16,16,0,64,0,48,0,0,0,1
strict-hot-k50-e200000-g750-w4,hot,1,117,45002,weak,4,64,64,50,0.20000000000000001,0.20000000000000001,10,750,0.245916792,260.25062981465697,64,0,10,1,12612.5005,27286.4912,31511.168039999993,0,0,0,153.99950000000001,19309.479499999994,25327.535869999996,64,0,6,6,0,60,6,48,6,6,0,1
strict-random-k10-e200000-g750-w4,random,2,100,9003,weak,4,64,64,10,0.20000000000000001,0.20000000000000001,2,750,0.48323212500000001,132.44152590227731,64,0,2,1,30868.146000000001,42060.221399999995,44582.984339999988,0,0,0,65.646500000000003,35243.801849999996,41063.503749999996,64,0,31,31,0,62,31,48,31,31,0,1
stable-random-k10-for-e200000-g750-w4,random,2,100,9003,stable,4,64,64,10,0,0.20000000000000001,0,750,0.35754195799999999,178.99997068316105,0,64,0,0,0,0,0,20196.853999999999,32251.510699999984,32705.087080000001,50.603999999999999,24796.287499999966,30011.638789999994,64,0,16,16,0,64,0,48,0,0,0,1
stable-random-k50-for-e200000-g750-w4,random,2,100,9003,stable,4,64,64,50,0,0.20000000000000001,0,750,0.32404633300000002,197.50262071319287,0,64,0,0,0,0,0,18345.457999999999,35218.662449999974,35830.51425,160.22899999999998,21603.922299999987,32572.436669999988,64,0,16,16,0,64,0,48,0,0,0,1
strict-random-k50-e200000-g750-w4,random,2,100,9003,weak,4,64,64,50,0.20000000000000001,0.20000000000000001,10,750,0.24659241700000001,259.53758342860965,64,0,10,1,11938.25,26908.582999999999,35566.583869999995,0,0,0,112.396,17842.220649999996,29103.909289999978,64,0,6,6,0,60,6,48,6,6,0,1
strict-hot-k10-e200000-g750-w4,hot,2,100,45003,weak,4,64,64,10,0.20000000000000001,0.20000000000000001,2,750,0.54998666600000001,116.36645750971715,64,0,2,1,31652.8125,60866.79019999993,70477.52721,0,0,0,78.478999999999999,36422.568749999999,56339.449249999947,64,0,31,31,0,62,31,48,31,31,0,1
stable-hot-k10-for-e200000-g750-w4,hot,2,100,45003,stable,4,64,64,10,0,0.20000000000000001,0,750,0.38222470800000002,167.4407715160057,0,64,0,0,0,0,0,21486.895499999999,41227.752749999941,42845.62571,65.917000000000002,24224.708099999974,35054.54841999997,64,0,16,16,0,64,0,48,0,0,0,1
stable-hot-k50-for-e200000-g750-w4,hot,2,100,45003,stable,4,64,64,50,0,0.20000000000000001,0,750,0.334229834,191.48500070762682,0,64,0,0,0,0,0,19796.770499999999,29725.328549999966,30641.805,160.7705,20799.817049999994,25672.451999999987,64,0,16,16,0,64,0,48,0,0,0,1
strict-hot-k50-e200000-g750-w4,hot,2,100,45003,weak,4,64,64,50,0.20000000000000001,0.20000000000000001,10,750,0.158410459,404.01372740167363,64,0,10,1,8139.3960000000006,15085.765049999998,19315.122670000001,0,0,0,115.9585,11692.281249999998,14386.084999999999,64,0,6,6,0,60,6,48,6,6,0,1
strict-hot-k100-e200000-g750-w4,hot,2,100,45003,weak,4,64,64,100,0.20000000000000001,0.20000000000000001,20,750,0.18935645800000001,337.98688820003173,64,0,20,1,10616.083500000001,18744.7107,21807.010709999999,0,0,0,183.6875,16047.658049999989,18011.87458,64,0,3,3,0,60,3,48,3,3,0,1
stable-hot-k100-for-e200000-g750-w4,hot,2,100,45003,stable,4,64,64,100,0,0.20000000000000001,0,750,0.3203125,199.80487804878049,0,64,0,0,0,0,0,20301.332999999999,31286.92934999998,31875.53717,239.45850000000002,22385.958099999989,28533.81028999999,64,0,16,16,0,64,0,48,0,0,0,1
strict-random-k20-e200000-g750-w4,random,2,100,9003,weak,4,64,64,20,0.20000000000000001,0.20000000000000001,4,750,0.30888104199999999,207.19950821714724,64,0,4,1,18448.603999999999,32146.196449999999,34856.748209999998,0,0,0,78.436999999999998,25801.612449999964,29076.490749999997,64,0,15,15,0,60,15,48,15,15,0,1
stable-random-k20-for-e200000-g750-w4,random,2,100,9003,stable,4,64,64,20,0,0.20000000000000001,0,750,0.36208929200000001,176.75198193930572,0,64,0,0,0,0,0,21141.978999999999,38463.477549999989,38787.950539999998,93.500500000000002,27018.74024999997,36579.318039999998,64,0,16,16,0,64,0,48,0,0,0,1
strict-hot-k20-e200000-g750-w4,hot,2,100,45003,weak,4,64,64,20,0.20000000000000001,0.20000000000000001,4,750,0.25453900000000002,251.4349471004443,64,0,4,1,15001.75,23659.493699999995,30637.601629999983,0,0,0,69.478999999999999,19326.908899999991,26219.250329999966,64,0,15,15,0,60,15,48,15,15,0,1
stable-hot-k20-for-e200000-g750-w4,hot,2,100,45003,stable,4,64,64,20,0,0.20000000000000001,0,750,0.21509370799999999,297.54473338662234,0,64,0,0,0,0,0,12777.1875,21195.678499999984,21710.38233,41.813000000000002,14552.29374999999,18425.824169999993,64,0,16,16,0,64,0,48,0,0,0,1
stable-random-k100-for-e200000-g750-w4,random,2,100,9003,stable,4,64,64,100,0,0.20000000000000001,0,750,0.28933166599999999,221.19943138197669,0,64,0,0,0,0,0,17962.833500000001,24162.039299999975,24829.256460000001,93.395499999999998,18716.637549999999,21283.674999999988,64,0,16,16,0,64,0,48,0,0,0,1
strict-random-k100-e200000-g750-w4,random,2,100,9003,weak,4,64,64,100,0.20000000000000001,0.20000000000000001,20,750,0.17437129100000001,367.03289648753014,64,0,20,1,9156.9169999999995,18895.187449999998,24063.056789999999,0,0,0,167.72899999999998,12607.778699999984,20012.043629999986,64,0,3,3,0,60,3,48,3,3,0,1
stable-hot-k100-for-e200000-g750-w4,hot,3,117,45004,stable,4,64,64,100,0,0.20000000000000001,0,750,0.3555065,180.02483780184048,0,64,0,0,0,0,0,19981.917000000001,29553.108949999991,29805.359500000002,240.625,23725.837449999995,27993.572709999997,64,0,16,16,0,64,0,48,0,0,0,1
strict-hot-k100-e200000-g750-w4,hot,3,117,45004,weak,4,64,64,100,0.20000000000000001,0.20000000000000001,20,750,0.20790408299999999,307.83426220638489,64,0,20,1,11115.1875,18853.503499999999,19077.705959999999,0,0,0,224.9375,17283.612549999991,17986.289079999999,64,0,3,3,0,60,3,48,3,3,0,1
strict-random-k20-e200000-g750-w4,random,3,117,9004,weak,4,64,64,20,0.20000000000000001,0.20000000000000001,4,750,0.29170579099999999,219.39914110241301,64,0,4,1,17806.146000000001,24960.3393,25606.421460000001,0,0,0,45.0625,18401.768799999998,23718.842119999998,64,0,15,15,0,60,15,48,15,15,0,1
stable-random-k20-for-e200000-g750-w4,random,3,117,9004,stable,4,64,64,20,0,0.20000000000000001,0,750,0.37754620799999999,169.51567422443824,0,64,0,0,0,0,0,21033.125500000002,30650.081249999992,30884.619999999999,71.353999999999999,27665.268799999998,29080.569169999995,64,0,16,16,0,64,0,48,0,0,0,1
stable-hot-k50-for-e200000-g750-w4,hot,3,117,45004,stable,4,64,64,50,0,0.20000000000000001,0,750,0.319299375,200.43885146972178,0,64,0,0,0,0,0,18751.103999999999,29986.326799999999,30108.711960000001,150.02100000000002,20546.254499999992,28920.251959999998,64,0,16,16,0,64,0,48,0,0,0,1
strict-hot-k50-e200000-g750-w4,hot,3,117,45004,weak,4,64,64,50,0.20000000000000001,0.20000000000000001,10,750,0.27486687500000001,232.83998844895368,64,0,10,1,13651.875,28472.658049999995,32386.563369999996,0,0,0,165.292,24355.504399999983,28920.49145999999,64,0,6,6,0,60,6,48,6,6,0,1
strict-random-k100-e200000-g750-w4,random,3,117,9004,weak,4,64,64,100,0.20000000000000001,0.20000000000000001,20,750,0.22376275000000001,286.01722136503952,64,0,20,1,11997.084000000001,24154.373250000001,24832.158749999999,0,0,0,190.3965,13011.015149999996,23662.388459999998,64,0,3,3,0,60,3,48,3,3,0,1
stable-random-k100-for-e200000-g750-w4,random,3,117,9004,stable,4,64,64,100,0,0.20000000000000001,0,750,0.34403708300000002,186.02645808388044,0,64,0,0,0,0,0,19669.4375,34331.943749999984,34791.335209999997,247.2295,26088.609749999989,32254.071039999992,64,0,16,16,0,64,0,48,0,0,0,1
strict-hot-k10-e200000-g750-w4,hot,3,117,45004,weak,4,64,64,10,0.20000000000000001,0.20000000000000001,2,750,0.40131945800000002,159.47395204545501,64,0,2,1,24553.375,37326.491999999991,42541.067289999992,0,0,0,59.521000000000001,30019.339299999978,34561.691959999989,64,0,31,31,0,62,31,48,31,31,0,1
stable-hot-k10-for-e200000-g750-w4,hot,3,117,45004,stable,4,64,64,10,0,0.20000000000000001,0,750,0.33327420800000002,192.03406223382277,0,64,0,0,0,0,0,20563.229500000001,28987.454449999961,30031.754290000001,60.833500000000001,20487.874949999998,24800.943789999983,64,0,16,16,0,64,0,48,0,0,0,1
strict-random-k10-e200000-g750-w4,random,3,117,9004,weak,4,64,64,10,0.20000000000000001,0.20000000000000001,2,750,0.47902079199999997,133.6058915789192,64,0,2,1,29576.771000000001,38648.042000000001,43461.766749999995,0,0,0,82.417000000000002,31350.331249999999,37376.550210000001,64,0,31,31,0,62,31,48,31,31,0,1
stable-random-k10-for-e200000-g750-w4,random,3,117,9004,stable,4,64,64,10,0,0.20000000000000001,0,750,0.33906208300000001,188.75599251243906,0,64,0,0,0,0,0,19344.478999999999,31477.03749999998,31994.928540000001,69.521500000000003,19618.935749999997,29056.911789999995,64,0,16,16,0,64,0,48,0,0,0,1
strict-random-k50-e200000-g750-w4,random,3,117,9004,weak,4,64,64,50,0.20000000000000001,0.20000000000000001,10,750,0.25555945800000002,250.43095841907754,64,0,10,1,13093.1255,25339.971349999996,27935.71658,0,0,0,174.4795,18774.0517,25657.547459999994,64,0,6,6,0,60,6,48,6,6,0,1
stable-random-k50-for-e200000-g750-w4,random,3,117,9004,stable,4,64,64,50,0,0.20000000000000001,0,750,0.28737774999999999,222.70339300798341,0,64,0,0,0,0,0,17806.083500000001,34961.670549999981,35516.660210000002,79.5,18124.276849999998,25595.912499999977,64,0,16,16,0,64,0,48,0,0,0,1
stable-hot-k20-for-e200000-g750-w4,hot,3,117,45004,stable,4,64,64,20,0,0.20000000000000001,0,750,0.30991954199999999,206.50520966502978,0,64,0,0,0,0,0,17352.228999999999,42008.008099999868,45488.903870000002,84,17751.067049999998,19751.058539999995,64,0,16,16,0,64,0,48,0,0,0,1
strict-hot-k20-e200000-g750-w4,hot,3,117,45004,weak,4,64,64,20,0.20000000000000001,0.20000000000000001,4,750,0.28908879199999998,221.38526906293899,64,0,4,1,17769.333500000001,29472.575049999999,30671.350829999996,0,0,0,81.270499999999998,19027.5527,29357.559669999995,64,0,15,15,0,60,15,48,15,15,0,1
stable-hot-k50-for-e200000-g750-w4,hot,4,100,45005,stable,4,64,64,50,0,0.20000000000000001,0,750,0.383914959,166.70358499888513,0,64,0,0,0,0,0,21678.603500000001,34680.953549999998,34742.378750000003,152.29149999999998,28735.082999999981,33573.675539999997,64,0,16,16,0,64,0,48,0,0,0,1
strict-hot-k50-e200000-g750-w4,hot,4,100,45005,weak,4,64,64,50,0.20000000000000001,0.20000000000000001,10,750,0.22041412499999999,290.3625164675812,64,0,10,1,13088.6255,18337.139399999996,19048.373960000001,0,0,0,149.04149999999998,16889.6518,17908.958629999997,64,0,6,6,0,60,6,48,6,6,0,1
stable-random-k20-for-e200000-g750-w4,random,4,100,9005,stable,4,64,64,20,0,0.20000000000000001,0,750,0.330162542,193.84391582495147,0,64,0,0,0,0,0,18878.625,33195.462499999936,34862.842079999995,68.896000000000001,19305.679449999992,22188.488749999997,64,0,16,16,0,64,0,48,0,0,0,1
strict-random-k20-e200000-g750-w4,random,4,100,9005,weak,4,64,64,20,0.20000000000000001,0.20000000000000001,4,750,0.213053042,300.39467824167468,64,0,4,1,10618.75,27630.506299999994,32564.183999999994,0,0,0,81.833500000000001,13341.804349999999,28592.014999999989,64,0,15,15,0,60,15,48,15,15,0,1
stable-hot-k20-for-e200000-g750-w4,hot,4,100,45005,stable,4,64,64,20,0,0.20000000000000001,0,750,0.33032887500000002,193.7463081300416,0,64,0,0,0,0,0,18917.583500000001,30815.578599999993,31005.808580000001,78.146000000000001,24325.301899999969,28956.097829999999,64,0,16,16,0,64,0,48,0,0,0,1
strict-hot-k20-e200000-g750-w4,hot,4,100,45005,weak,4,64,64,20,0.20000000000000001,0.20000000000000001,4,750,0.22209316600000001,288.16735405536969,64,0,4,1,11913.875,26067.487399999987,27100.12875,0,0,0,69,18184.145599999971,23808.696579999993,64,0,15,15,0,60,15,48,15,15,0,1
stable-random-k100-for-e200000-g750-w4,random,4,100,9005,stable,4,64,64,100,0,0.20000000000000001,0,750,0.23338604199999999,274.22376870335717,0,64,0,0,0,0,0,13811.728999999999,20029.285649999987,20456.93304,210.83350000000002,15726.793799999999,17678.549999999992,64,0,16,16,0,64,0,48,0,0,0,1
strict-random-k100-e200000-g750-w4,random,4,100,9005,weak,4,64,64,100,0.20000000000000001,0.20000000000000001,20,750,0.17435624999999999,367.06455891314482,64,0,20,1,9939.9579999999987,16182.3768,16401.332289999998,0,0,0,225.542,11551.325049999998,15452.451579999999,64,0,3,3,0,60,3,48,3,3,0,1
strict-hot-k10-e200000-g750-w4,hot,4,100,45005,weak,4,64,64,10,0.20000000000000001,0.20000000000000001,2,750,0.37926149999999997,168.74900299661317,64,0,2,1,20261.541499999999,45436.748250000004,53487.804459999992,0,0,0,66.416499999999999,27555.449999999961,40968.933539999955,64,0,31,31,0,62,31,48,31,31,0,1
stable-hot-k10-for-e200000-g750-w4,hot,4,100,45005,stable,4,64,64,10,0,0.20000000000000001,0,750,0.262974916,243.36921929086193,0,64,0,0,0,0,0,15813.812,23686.487549999965,24608.225750000001,75.311999999999998,14854.773299999999,16523.131369999996,64,0,16,16,0,64,0,48,0,0,0,1
strict-hot-k100-e200000-g750-w4,hot,4,100,45005,weak,4,64,64,100,0.20000000000000001,0.20000000000000001,20,750,0.195721375,326.99545463544797,64,0,20,1,11645.625,18734.899999999998,19834.827289999997,0,0,0,176.04149999999998,12780.273199999992,18634.882499999996,64,0,3,3,0,60,3,48,3,3,0,1
stable-hot-k100-for-e200000-g750-w4,hot,4,100,45005,stable,4,64,64,100,0,0.20000000000000001,0,750,0.26383574999999998,242.57516276698667,0,64,0,0,0,0,0,15732.103999999999,22788.729499999998,22948.007000000001,215.49950000000001,18748.626799999998,21625.56754,64,0,16,16,0,64,0,48,0,0,0,1
strict-random-k10-e200000-g750-w4,random,4,100,9005,weak,4,64,64,10,0.20000000000000001,0.20000000000000001,2,750,0.45842129199999998,139.60957118894032,64,0,2,1,28828.6875,39774.370649999997,50367.174999999996,0,0,0,81.791499999999999,32258.187599999994,37602.968209999999,64,0,31,31,0,62,31,48,31,31,0,1
stable-random-k10-for-e200000-g750-w4,random,4,100,9005,stable,4,64,64,10,0,0.20000000000000001,0,750,0.23211004199999999,275.73128438794561,0,64,0,0,0,0,0,12797.604500000001,24070.093749999978,24608.779459999998,73.0625,14530.387499999984,18427.55853999998,64,0,16,16,0,64,0,48,0,0,0,1
strict-random-k50-e200000-g750-w4,random,4,100,9005,weak,4,64,64,50,0.20000000000000001,0.20000000000000001,10,750,0.21742466699999999,294.35482589470865,64,0,10,1,11885.313,20051.293699999998,20282.843250000002,0,0,0,117.4165,16765.445599999999,19509.752079999998,64,0,6,6,0,60,6,48,6,6,0,1
stable-random-k50-for-e200000-g750-w4,random,4,100,9005,stable,4,64,64,50,0,0.20000000000000001,0,750,0.30197770800000001,211.93617377876117,0,64,0,0,0,0,0,18843.25,22197.316949999986,22599.430329999999,171.7295,19027.895499999999,20240.200499999992,64,0,16,16,0,64,0,48,0,0,0,1
stable-random-k10-for-e200000-g750-w4,random,5,117,9006,stable,4,64,64,10,0,0.20000000000000001,0,750,0.28555558399999997,224.12449129343591,0,64,0,0,0,0,0,18216.520499999999,21622.772399999998,21769.858250000001,70.082999999999998,19032.681349999999,20179.324619999996,64,0,16,16,0,64,0,48,0,0,0,1
strict-random-k10-e200000-g750-w4,random,5,117,9006,weak,4,64,64,10,0.20000000000000001,0.20000000000000001,2,750,0.41582020800000002,153.91267371979188,64,0,2,1,26499.1875,31661.749999999996,34477.155960000004,0,0,0,55.3125,27649.841899999989,30521.923209999997,64,0,31,31,0,62,31,48,31,31,0,1
stable-random-k100-for-e200000-g750-w4,random,5,117,9006,stable,4,64,64,100,0,0.20000000000000001,0,750,0.25243329199999998,253.53232726529592,0,64,0,0,0,0,0,14870.6875,22724.439299999998,22757.340750000003,201.5,17104.125,21251.080119999999,64,0,16,16,0,64,0,48,0,0,0,1
strict-random-k100-e200000-g750-w4,random,5,117,9006,weak,4,64,64,100,0.20000000000000001,0.20000000000000001,20,750,0.25990916600000002,246.23987289467118,64,0,20,1,13686.792000000001,27655.015149999988,32200.590829999994,0,0,0,182,21460.158799999976,26517.549829999996,64,0,3,3,0,60,3,48,3,3,0,1
strict-hot-k20-e200000-g750-w4,hot,5,117,45006,weak,4,64,64,20,0.20000000000000001,0.20000000000000001,4,750,0.35893341699999998,178.30605056201833,64,0,4,1,20522.9375,29677.190149999999,32207.015289999992,0,0,0,84.75,25884.7232,28314.826289999997,64,0,15,15,0,60,15,48,15,15,0,1
stable-hot-k20-for-e200000-g750-w4,hot,5,117,45006,stable,4,64,64,20,0,0.20000000000000001,0,750,0.35747833299999998,179.03182960182374,0,64,0,0,0,0,0,20766.291499999999,31613.373199999995,31823.357169999999,70.542000000000002,23632.94999999999,29830.527709999998,64,0,16,16,0,64,0,48,0,0,0,1
strict-hot-k100-e200000-g750-w4,hot,5,117,45006,weak,4,64,64,100,0.20000000000000001,0.20000000000000001,20,750,0.25404116700000001,251.92767280902939,64,0,20,1,13771.75,24629.866049999997,27701.857499999998,0,0,0,179.5625,18571.856249999997,22517.280119999981,64,0,3,3,0,60,3,46,3,3,0,1
stable-hot-k100-for-e200000-g750-w4,hot,5,117,45006,stable,4,64,64,100,0,0.20000000000000001,0,750,0.291863916,219.28027581182732,0,64,0,0,0,0,0,16789.770499999999,33068.106149999985,33830.242169999998,92.916499999999999,21180.460699999985,31218.183159999993,64,0,16,16,0,64,0,48,0,0,0,1
stable-random-k50-for-e200000-g750-w4,random,5,117,9006,stable,4,64,64,50,0,0.20000000000000001,0,750,0.314238458,203.66698718970929,0,64,0,0,0,0,0,19328.666499999999,26194.52759999999,26492.621630000001,56.666499999999999,19691.168749999993,23673.226419999999,64,0,16,16,0,64,0,48,0,0,0,1
strict-random-k50-e200000-g750-w4,random,5,117,9006,weak,4,64,64,50,0.20000000000000001,0.20000000000000001,10,750,0.15055574999999999,425.09170191108615,64,0,10,1,7350,15161.609849999999,16716.738749999997,0,0,0,105.4995,11445.693799999995,15199.121459999995,64,0,6,6,0,60,6,48,6,6,0,1
strict-hot-k50-e200000-g750-w4,hot,5,117,45006,weak,4,64,64,50,0.20000000000000001,0.20000000000000001,10,750,0.25650858399999998,249.50432068191529,64,0,10,1,14473.125,28966.524999999969,33895.795539999992,0,0,0,135.4375,19281.958149999991,25771.517499999984,64,0,6,6,0,60,6,48,6,6,0,1
stable-hot-k50-for-e200000-g750-w4,hot,5,117,45006,stable,4,64,64,50,0,0.20000000000000001,0,750,0.36224758299999998,176.67474678499099,0,64,0,0,0,0,0,20667.103999999999,41264.729449999904,43778.091079999998,109.6665,23664.735599999996,30958.12166999995,64,0,17,17,0,64,0,47,0,0,0,1
strict-hot-k10-e200000-g750-w4,hot,5,117,45006,weak,4,64,64,10,0.20000000000000001,0.20000000000000001,2,750,0.43876383299999999,145.86434702789188,64,0,2,1,26678.666000000001,39662.506249999999,41334.226129999995,0,0,0,71.082999999999998,34165.016899999995,37025.741249999992,64,0,31,31,0,62,31,48,31,31,0,1
stable-hot-k10-for-e200000-g750-w4,hot,5,117,45006,stable,4,64,64,10,0,0.20000000000000001,0,750,0.33135995899999998,193.14343287928764,0,64,0,0,0,0,0,19354.999499999998,36174.425099999942,37708.282670000001,48.541499999999999,23082.202649999992,30341.324789999973,64,0,16,16,0,64,0,48,0,0,0,1
strict-random-k20-e200000-g750-w4,random,5,117,9006,weak,4,64,64,20,0.20000000000000001,0.20000000000000001,4,750,0.28665254200000001,223.26681477675504,64,0,4,1,17325.3125,24393.449899999989,25233.139080000001,0,0,0,74.8125,19218.051749999991,22819.966289999997,64,0,15,15,0,60,15,48,15,15,0,1
stable-random-k20-for-e200000-g750-w4,random,5,117,9006,stable,4,64,64,20,0,0.20000000000000001,0,750,0.28113866700000001,227.64566924549015,0,64,0,0,0,0,0,15372.0625,29835.164299999971,31890.80229,66.083500000000001,16821.579549999999,27227.008249999984,64,0,16,16,0,64,0,48,0,0,0,1
strict-random-k100-e200000-g750-w4,random,6,100,9007,weak,4,64,64,100,0.20000000000000001,0.20000000000000001,20,750,0.238843625,267.9577485059524,64,0,20,1,13556.291999999999,21507.065199999994,23492.813959999999,0,0,0,240.375,16907.473199999982,21575.584999999995,64,0,3,3,0,60,3,48,3,3,0,1
stable-random-k100-for-e200000-g750-w4,random,6,100,9007,stable,4,64,64,100,0,0.20000000000000001,0,750,0.38202695800000003,167.52744448992522,0,64,0,0,0,0,0,21304.3125,37585.529449999951,38883.80575,225.25,27504.9715,32333.287459999978,64,0,16,16,0,64,0,48,0,0,0,1
strict-hot-k20-e200000-g750-w4,hot,6,100,45007,weak,4,64,64,20,0.20000000000000001,0.20000000000000001,4,750,0.33603841699999998,190.45441462129017,64,0,4,1,19298.853999999999,28157.954549999995,34075.719039999996,0,0,0,75.832999999999998,21625.46869999999,28721.334289999977,64,0,15,15,0,60,15,48,15,15,0,1
stable-hot-k20-for-e200000-g750-w4,hot,6,100,45007,stable,4,64,64,20,0,0.20000000000000001,0,750,0.308021084,207.77798444472717,0,64,0,0,0,0,0,17834.103999999999,34430.556249999965,35444.617330000001,94.582999999999998,21676.264349999994,30012.189999999984,64,0,16,16,0,64,0,48,0,0,0,1
stable-hot-k10-for-e200000-g750-w4,hot,6,100,45007,stable,4,64,64,10,0,0.20000000000000001,0,750,0.25527212500000002,250.71284222670218,0,64,0,0,0,0,0,13767.353999999999,28745.268700000001,28771.284169999999,44.125500000000002,13655.158949999997,27785.247289999999,64,0,16,16,0,64,0,48,0,0,0,1
strict-hot-k10-e200000-g750-w4,hot,6,100,45007,weak,4,64,64,10,0.20000000000000001,0.20000000000000001,2,750,0.45433516699999998,140.86516881930032,64,0,2,1,27872.146000000001,35810.633900000001,38668.806369999991,0,0,0,76.354500000000002,31870.708049999994,33533.591209999999,64,0,31,31,0,62,31,48,31,31,0,1
stable-hot-k100-for-e200000-g750-w4,hot,6,100,45007,stable,4,64,64,100,0,0.20000000000000001,0,750,0.2706865,236.43587692773744,0,64,0,0,0,0,0,18147.25,26625.156249999989,26976.375,162.625,18923.724999999999,24783.428039999995,64,0,16,16,0,64,0,48,0,0,0,1
strict-hot-k100-e200000-g750-w4,hot,6,100,45007,weak,4,64,64,100,0.20000000000000001,0.20000000000000001,20,750,0.13466054199999999,475.26914008707911,64,0,20,1,6689.2085000000006,15835.304549999997,16140.08554,0,0,0,158.97899999999998,8394.1212999999898,15068.005709999999,64,0,3,3,0,60,3,48,3,3,0,1
strict-random-k50-e200000-g750-w4,random,6,100,9007,weak,4,64,64,50,0.20000000000000001,0.20000000000000001,10,750,0.158109375,404.78308133214745,64,0,10,1,8280.4164999999994,14163.54545,16952.550750000002,0,0,0,159.292,12763.47495,14535.913539999994,64,0,6,6,0,60,6,48,6,6,0,1
stable-random-k50-for-e200000-g750-w4,random,6,100,9007,stable,4,64,64,50,0,0.20000000000000001,0,750,0.24227358299999999,264.16417013983732,0,64,0,0,0,0,0,14361.1245,20577.381199999996,20857.886000000002,140.60399999999998,15627.395649999997,19077.517999999996,64,0,16,16,0,64,0,48,0,0,0,1
strict-random-k20-e200000-g750-w4,random,6,100,9007,weak,4,64,64,20,0.20000000000000001,0.20000000000000001,4,750,0.29022645899999999,220.51745461291659,64,0,4,1,18114.479500000001,25093.991849999999,26922.161629999991,0,0,0,83.9375,22944.148149999997,24283.000419999997,64,0,15,15,0,60,15,48,15,15,0,1
stable-random-k20-for-e200000-g750-w4,random,6,100,9007,stable,4,64,64,20,0,0.20000000000000001,0,750,0.219088542,292.11933867358522,0,64,0,0,0,0,0,13163.959000000001,19642.718749999996,19783.73646,90.3125,13518.772399999996,15602.837289999987,64,0,16,16,0,64,0,48,0,0,0,1
stable-hot-k50-for-e200000-g750-w4,hot,6,100,45007,stable,4,64,64,50,0,0.20000000000000001,0,750,0.27222987500000001,235.0954317559746,0,64,0,0,0,0,0,15178.479500000001,30153.951799999952,31507.37429,96.895499999999998,20832.243849999992,25184.965039999977,64,0,16,16,0,64,0,48,0,0,0,1
strict-hot-k50-e200000-g750-w4,hot,6,100,45007,weak,4,64,64,50,0.20000000000000001,0.20000000000000001,10,750,0.23395333300000001,273.55882978593854,64,0,10,1,12927.333500000001,23610.890149999992,25028.712169999999,0,0,0,154.125,18486.446400000001,22384.738209999996,64,0,6,6,0,60,6,48,6,6,0,1
stable-random-k10-for-e200000-g750-w4,random,6,100,9007,stable,4,64,64,10,0,0.20000000000000001,0,750,0.30614508299999998,209.05120988012081,0,64,0,0,0,0,0,18794.25,27298.139199999983,27766.098959999999,63.646000000000001,18539.198149999997,24846.289789999992,64,0,16,16,0,64,0,48,0,0,0,1
strict-random-k10-e200000-g750-w4,random,6,100,9007,weak,4,64,64,10,0.20000000000000001,0.20000000000000001,2,750,0.467465833,136.90840160290389,64,0,2,1,27789.125,39422.799999999996,40697.808329999993,0,0,0,68.521000000000001,33429.235699999983,38071.993419999999,64,0,31,31,0,62,31,48,31,31,0,1
stable-random-k100-for-e200000-g750-w4,random,7,117,9008,stable,4,64,64,100,0,0.20000000000000001,0,750,0.32995950000000002,193.96319851375699,0,64,0,0,0,0,0,20008.207999999999,25279.095549999984,25722.106209999998,229.64600000000002,20503.296449999998,22964.923419999992,64,0,16,16,0,64,0,48,0,0,0,1
strict-random-k100-e200000-g750-w4,random,7,117,9008,weak,4,64,64,100,0.20000000000000001,0.20000000000000001,20,750,0.21121383299999999,303.01045670621397,64,0,20,1,11408.292000000001,28377.720549999958,38408.091999999997,0,0,0,132.083,13618.901749999992,24250.150919999945,64,0,3,3,0,60,3,48,3,3,0,1
strict-hot-k10-e200000-g750-w4,hot,7,117,45008,weak,4,64,64,10,0.20000000000000001,0.20000000000000001,2,750,0.42217683299999997,151.59524397682904,64,0,2,1,25619.874499999998,34236.979500000001,34748.595869999997,0,0,0,46.083500000000001,29760.777599999998,33239.396460000004,64,0,31,31,0,62,31,48,31,31,0,1
stable-hot-k10-for-e200000-g750-w4,hot,7,117,45008,stable,4,64,64,10,0,0.20000000000000001,0,750,0.23837708299999999,268.48218458986679,0,64,0,0,0,0,0,14222.708000000001,20469.232999999989,20757.237710000001,35.896000000000001,13345.425099999999,16440.546249999996,64,0,16,16,0,64,0,48,0,0,0,1
stable-hot-k20-for-e200000-g750-w4,hot,7,117,45008,stable,4,64,64,20,0,0.20000000000000001,0,750,0.31226495799999998,204.95415306894603,0,64,0,0,0,0,0,18243.854500000001,30281.808949999984,30756.09071,71.917000000000002,18333.054499999998,25464.230209999998,64,0,16,16,0,64,0,48,0,0,0,1
strict-hot-k20-e200000-g750-w4,hot,7,117,45008,weak,4,64,64,20,0.20000000000000001,0.20000000000000001,4,750,0.27132658399999998,235.87810326761053,64,0,4,1,14330.646000000001,28527.885649999997,36468.298419999992,0,0,0,84.458500000000001,18833.235649999999,29936.358749999981,64,0,15,15,0,60,15,48,15,15,0,1
stable-random-k10-for-e200000-g750-w4,random,7,117,9008,stable,4,64,64,10,0,0.20000000000000001,0,750,0.32729791699999999,195.54050507446402,0,64,0,0,0,0,0,17947.6875,29780.641149999999,29831.931789999999,60.042000000000002,22897.452599999971,28689.124789999998,64,0,16,16,0,64,0,48,0,0,0,1
strict-random-k10-e200000-g750-w4,random,7,117,9008,weak,4,64,64,10,0.20000000000000001,0.20000000000000001,2,750,0.479885334,133.36519261078314,64,0,2,1,27982.146000000001,42621.595499999996,47189.980210000002,0,0,0,68.708500000000001,35658.898199999981,40676.029289999991,64,0,31,31,0,62,31,48,31,31,0,1
stable-random-k20-for-e200000-g750-w4,random,7,117,9008,stable,4,64,64,20,0,0.20000000000000001,0,750,0.34511975,185.44287888479289,0,64,0,0,0,0,0,20685.583500000001,32212.153649999986,32796.63521,89.708500000000001,23170.145449999982,29927.638749999991,64,0,16,16,0,64,0,48,0,0,0,1
strict-random-k20-e200000-g750-w4,random,7,117,9008,weak,4,64,64,20,0.20000000000000001,0.20000000000000001,4,750,0.359039,178.25361590245072,64,0,4,1,21793.353999999999,32358.5625,36981.294499999989,0,0,0,94.229500000000002,25872.748199999976,31979.579789999967,64,0,15,15,0,60,15,48,15,15,0,1
strict-random-k50-e200000-g750-w4,random,7,117,9008,weak,4,64,64,50,0.20000000000000001,0.20000000000000001,10,750,0.22049966700000001,290.24987144311649,64,0,10,1,11277.416499999999,21266.601799999997,22382.543369999999,0,0,0,141.91649999999998,16397.331249999999,20732.336289999999,64,0,6,6,0,60,6,48,6,6,0,1
stable-random-k50-for-e200000-g750-w4,random,7,117,9008,stable,4,64,64,50,0,0.20000000000000001,0,750,0.29392179200000002,217.74499796190682,0,64,0,0,0,0,0,17285.896499999999,26424.35364999999,26741.02896,127.333,18218.556349999999,24201.523209999992,64,0,16,16,0,64,0,48,0,0,0,1
stable-hot-k50-for-e200000-g750-w4,hot,7,117,45008,stable,4,64,64,50,0,0.20000000000000001,0,750,0.1557385,410.94527043730358,0,64,0,0,0,0,0,9355.0210000000006,11821.897399999998,11865.343869999999,108.8955,8679.5848999999998,10634.914999999999,64,0,16,16,0,64,0,48,0,0,0,1
strict-hot-k50-e200000-g750-w4,hot,7,117,45008,weak,4,64,64,50,0.20000000000000001,0.20000000000000001,10,750,0.169581125,377.40049194743813,64,0,10,1,9405.8335000000006,15618.1705,16932.94096,0,0,0,98.854500000000002,12365.281249999998,14708.046039999999,64,0,6,6,0,60,6,48,6,6,0,1
strict-hot-k100-e200000-g750-w4,hot,7,117,45008,weak,4,64,64,100,0.20000000000000001,0.20000000000000001,20,750,0.20544441599999999,311.51978353113282,64,0,20,1,12075.896000000001,19431.431349999999,26312.90625,0,0,0,184.1455,16593.185799999999,18630.643329999999,64,0,3,3,0,60,3,48,3,3,0,1
stable-hot-k100-for-e200000-g750-w4,hot,7,117,45008,stable,4,64,64,100,0,0.20000000000000001,0,750,0.378148916,169.24549375146165,0,64,0,0,0,0,0,21348.104500000001,31712.734800000002,31898.380710000001,223.417,28004.318749999973,30982.91646,64,0,16,16,0,64,0,48,0,0,0,1
strict-hot-k20-e200000-g750-w4,hot,8,100,45009,weak,4,64,64,20,0.20000000000000001,0.20000000000000001,4,750,0.28538770800000002,224.25632991873636,64,0,4,1,17421.146000000001,21656.851749999991,23514.864669999999,0,0,0,81.791499999999999,18700.162499999991,20451.344169999993,64,0,15,15,0,60,15,48,15,15,0,1
stable-hot-k20-for-e200000-g750-w4,hot,8,100,45009,stable,4,64,64,20,0,0.20000000000000001,0,750,0.274257209,233.35758514190962,0,64,0,0,0,0,0,15831.25,32475.466949999962,33547.275329999997,50.811999999999998,15805.998249999999,27873.826789999985,64,0,16,16,0,64,0,48,0,0,0,1
stable-random-k20-for-e200000-g750-w4,random,8,100,9009,stable,4,64,64,20,0,0.20000000000000001,0,750,0.269238541,237.70742391595414,0,64,0,0,0,0,0,14739.979500000001,24566.210749999998,24741.722170000001,72.771000000000001,16910.916999999972,23071.157459999999,64,0,16,16,0,64,0,48,0,0,0,1
strict-random-k20-e200000-g750-w4,random,8,100,9009,weak,4,64,64,20,0.20000000000000001,0.20000000000000001,4,750,0.298599375,214.33400522020517,64,0,4,1,18619.604500000001,24354.514399999996,24732.03354,0,0,0,60.854500000000002,19838.373250000001,22889.262669999996,64,0,15,15,0,60,15,48,15,15,0,1
stable-hot-k50-for-e200000-g750-w4,hot,8,100,45009,stable,4,64,64,50,0,0.20000000000000001,0,750,0.36202704200000002,176.78237417413695,0,64,0,0,0,0,0,21884.583500000001,28619.777649999993,28768.111789999999,151.85399999999998,23208.2919,27140.23762,64,0,16,16,0,64,0,48,0,0,0,1
strict-hot-k50-e200000-g750-w4,hot,8,100,45009,weak,4,64,64,50,0.20000000000000001,0.20000000000000001,10,750,0.20861925000000001,306.77897653260663,64,0,10,1,12546.9375,22856.090999999982,24668.530169999995,0,0,0,127.375,15072.296349999997,19950.66499999999,64,0,6,6,0,60,6,48,6,6,0,1
strict-hot-k10-e200000-g750-w4,hot,8,100,45009,weak,4,64,64,10,0.20000000000000001,0.20000000000000001,2,750,0.35509299999999999,180.23447378574065,64,0,2,1,22111.916499999999,30584.258099999988,31442.146039999996,0,0,0,80.395499999999998,23553.287499999999,28683.298919999994,64,0,31,31,0,62,31,48,31,31,0,1
stable-hot-k10-for-e200000-g750-w4,hot,8,100,45009,stable,4,64,64,10,0,0.20000000000000001,0,750,0.38804633300000002,164.92875864903482,0,64,0,0,0,0,0,21875.604500000001,31632.774999999998,31664.74929,76.375,27690.767049999995,30344.206630000001,64,0,16,16,0,64,0,48,0,0,0,1
strict-random-k50-e200000-g750-w4,random,8,100,9009,weak,4,64,64,50,0.20000000000000001,0.20000000000000001,10,750,0.24260633300000001,263.80185219649644,64,0,10,1,13092.666499999999,22937.795499999997,24843.269789999995,0,0,0,171.1045,20093.839349999987,21888.857080000002,64,0,6,6,0,60,6,48,6,6,0,1
stable-random-k50-for-e200000-g750-w4,random,8,100,9009,stable,4,64,64,50,0,0.20000000000000001,0,750,0.199083291,321.47348819946922,0,64,0,0,0,0,0,11845.8755,15590.153549999995,15747.710709999999,32,11710.465149999995,14190.100919999997,64,0,16,16,0,64,0,48,0,0,0,1
stable-hot-k100-for-e200000-g750-w4,hot,8,100,45009,stable,4,64,64,100,0,0.20000000000000001,0,750,0.33451383400000001,191.32243122716412,0,64,0,0,0,0,0,21042.603999999999,27405.13934999999,27702.82375,115.9375,22513.114299999994,25333.487539999995,64,0,16,16,0,64,0,48,0,0,0,1
strict-hot-k100-e200000-g750-w4,hot,8,100,45009,weak,4,64,64,100,0.20000000000000001,0.20000000000000001,20,750,0.22268925000000001,287.3960013786027,64,0,20,1,11958.416499999999,22944.806199999999,26384.26413,0,0,0,226.4375,16606.162399999979,23798.533749999991,64,0,3,3,0,60,3,48,3,3,0,1
strict-random-k10-e200000-g750-w4,random,8,100,9009,weak,4,64,64,10,0.20000000000000001,0.20000000000000001,2,750,0.45926083299999998,139.35436118498703,64,0,2,1,25273.832999999999,40841.12055,44142.857169999996,0,0,0,73.646000000000001,34499.879499999995,40653.73928999999,64,0,31,31,0,62,31,48,31,31,0,1
stable-random-k10-for-e200000-g750-w4,random,8,100,9009,stable,4,64,64,10,0,0.20000000000000001,0,750,0.34014620800000001,188.15438330566366,0,64,0,0,0,0,0,19766.832999999999,42660.773149999884,45810.309789999999,73.271000000000001,19345.079449999997,22676.205329999993,64,0,16,16,0,64,0,48,0,0,0,1
stable-random-k100-for-e200000-g750-w4,random,8,100,9009,stable,4,64,64,100,0,0.20000000000000001,0,750,0.26242183299999999,243.88214680293009,0,64,0,0,0,0,0,14341.728999999999,28275.67234999999,28643.392499999998,227.29149999999998,19372.408099999975,26348.182289999993,64,0,16,16,0,64,0,48,0,0,0,1
strict-random-k100-e200000-g750-w4,random,8,100,9009,weak,4,64,64,100,0.20000000000000001,0.20000000000000001,20,750,0.15984079200000001,400.39841644428287,64,0,20,1,8748.875,16232.527700000001,16362.264080000001,0,0,0,166.3125,9215.3391999999949,15635.37629,64,0,3,3,0,60,3,48,3,3,0,1
strict-random-k100-e200000-g750-w4,random,9,117,9010,weak,4,64,64,100,0.20000000000000001,0.20000000000000001,20,750,0.17638937499999999,362.8336457340472,64,0,20,1,10122.395500000001,17517.835799999983,18242.390750000002,0,0,0,128.2705,11607.374999999993,15175.411459999992,64,0,3,3,0,60,3,48,3,3,0,1
stable-random-k100-for-e200000-g750-w4,random,9,117,9010,stable,4,64,64,100,0,0.20000000000000001,0,750,0.40146412500000001,159.41648584415856,0,64,0,0,0,0,0,21732.083500000001,43423.331249999945,44826.624669999997,234.917,26961.664249999994,38177.085209999976,64,0,16,16,0,64,0,48,0,0,0,1
stable-random-k10-for-e200000-g750-w4,random,9,117,9010,stable,4,64,64,10,0,0.20000000000000001,0,750,0.360018167,177.76880687245986,0,64,0,0,0,0,0,19854.811999999998,45526.948149999916,47805.008540000003,66.416499999999999,19787.472399999999,37174.122079999965,64,0,16,16,0,64,0,48,0,0,0,1
strict-random-k10-e200000-g750-w4,random,9,117,9010,weak,4,64,64,10,0.20000000000000001,0.20000000000000001,2,750,0.40639391600000002,157.48267255063925,64,0,2,1,25104.583500000001,35089.979500000001,40910.67607999999,0,0,0,74.479500000000002,26314.079499999996,34244.899830000002,64,0,31,31,0,62,31,48,31,31,0,1
strict-hot-k100-e200000-g750-w4,hot,9,117,45010,weak,4,64,64,100,0.20000000000000001,0.20000000000000001,20,750,0.20254433299999999,315.98020567674934,64,0,20,1,11094.895500000001,19234.349949999996,21872.288420000001,0,0,0,162.66649999999998,12395.858049999995,19257.806789999995,64,0,3,3,0,60,3,48,3,3,0,1
stable-hot-k100-for-e200000-g750-w4,hot,9,117,45010,stable,4,64,64,100,0,0.20000000000000001,0,750,0.33007595899999997,193.89476347776059,0,64,0,0,0,0,0,19860.646000000001,33006.303599999934,34735.548750000002,180.22899999999998,20035.233149999996,25472.207879999965,64,0,16,16,0,64,0,48,0,0,0,1
strict-hot-k20-e200000-g750-w4,hot,9,117,45010,weak,4,64,64,20,0.20000000000000001,0.20000000000000001,4,750,0.36218408400000002,176.70572183398318,64,0,4,1,22096.978999999999,31810.704549999995,34160.186129999995,0,0,0,90.291499999999999,24047.437549999999,32421.918499999992,64,0,15,15,0,60,15,48,15,15,0,1
stable-hot-k20-for-e200000-g750-w4,hot,9,117,45010,stable,4,64,64,20,0,0.20000000000000001,0,750,0.33563324999999999,190.68432582290342,0,64,0,0,0,0,0,19775.645499999999,30368.281199999987,30811.338039999999,90.667000000000002,20029.562449999998,24857.088419999978,64,0,16,16,0,64,0,48,0,0,0,1
stable-random-k20-for-e200000-g750-w4,random,9,117,9010,stable,4,64,64,20,0,0.20000000000000001,0,750,0.32613691700000003,196.23660083841412,0,64,0,0,0,0,0,19726.542000000001,25788.806250000001,25876.345170000001,89.25,19671.973199999997,24727.898089999999,64,0,16,16,0,64,0,48,0,0,0,1
strict-random-k20-e200000-g750-w4,random,9,117,9010,weak,4,64,64,20,0.20000000000000001,0.20000000000000001,4,750,0.17960683299999999,356.33388179613411,64,0,4,1,8836.0420000000013,19164.049999999992,24441.234039999996,0,0,0,63.083500000000001,10147.676749999995,14207.580539999992,64,0,15,15,0,60,15,46,15,15,0,1
strict-hot-k10-e200000-g750-w4,hot,9,117,45010,weak,4,64,64,10,0.20000000000000001,0.20000000000000001,2,750,0.38538916699999998,166.06590293701743,64,0,2,1,24084.603999999999,32832.349900000001,34020.613749999997,0,0,0,58.5,26901.171399999988,31062.640709999992,64,0,31,31,0,62,31,48,31,31,0,1
stable-hot-k10-for-e200000-g750-w4,hot,9,117,45010,stable,4,64,64,10,0,0.20000000000000001,0,750,0.32523600000000003,196.78018423544748,0,64,0,0,0,0,0,19290.521000000001,31859.156200000001,31896.264289999999,50.186999999999998,17409.398099999988,29357.687499999993,64,0,16,16,0,64,0,48,0,0,0,1
stable-hot-k50-for-e200000-g750-w4,hot,9,117,45010,stable,4,64,64,50,0,0.20000000000000001,0,750,0.29514270799999998,216.84425284869315,0,64,0,0,0,0,0,18327.9375,29389.34729999995,30745.13191,163.89600000000002,18992.312549999999,24039.811039999979,64,0,16,16,0,64,0,48,0,0,0,1
strict-hot-k50-e200000-g750-w4,hot,9,117,45010,weak,4,64,64,50,0.20000000000000001,0.20000000000000001,10,750,0.21490283299999999,297.80901027023691,64,0,10,1,11940.021000000001,20542.306249999998,26601.007999999998,0,0,0,173.4375,16389.693849999992,22219.770169999985,64,0,6,6,0,60,6,47,6,6,0,1
strict-random-k50-e200000-g750-w4,random,9,117,9010,weak,4,64,64,50,0.20000000000000001,0.20000000000000001,10,750,0.25836700000000001,247.70965332259922,64,0,10,1,13827.312,28069.477649999997,32554.900999999998,0,0,0,174.45850000000002,18715.971349999996,29081.600539999992,64,0,6,6,0,60,6,48,6,6,0,1
stable-random-k50-for-e200000-g750-w4,random,9,117,9010,stable,4,64,64,50,0,0.20000000000000001,0,750,0.33874025000000002,188.93532728986295,0,64,0,0,0,0,0,20781.416499999999,25448.125099999994,25588.17021,174.79149999999998,21693.487499999996,24201.557669999998,64,0,16,16,0,64,0,48,0,0,0,1
stable-random-k10-for-e200000-g750-w4,random,10,100,9011,stable,4,64,64,10,0,0.20000000000000001,0,750,0.371137667,172.4427501992138,0,64,0,0,0,0,0,22470.938000000002,29791.756249999999,29807.029290000002,46.5625,22639.966949999995,27191.076749999993,64,0,16,16,0,64,0,48,0,0,0,1
strict-random-k10-e200000-g750-w4,random,10,100,9011,weak,4,64,64,10,0.20000000000000001,0.20000000000000001,2,750,0.51687429100000004,123.82120974943209,64,0,2,1,31170.5625,44742.40174999999,52454.582289999991,0,0,0,89.624499999999998,33785.164299999982,43319.977459999973,64,0,31,31,0,62,31,47,31,31,0,1
stable-random-k50-for-e200000-g750-w4,random,10,100,9011,stable,4,64,64,50,0,0.20000000000000001,0,750,0.25016141600000003,255.83481666893024,0,64,0,0,0,0,0,14509.1875,23812.770499999977,24398.67167,107.938,14406.215099999998,18159.025919999993,64,0,16,16,0,64,0,48,0,0,0,1
strict-random-k50-e200000-g750-w4,random,10,100,9011,weak,4,64,64,50,0.20000000000000001,0.20000000000000001,10,750,0.25776270800000001,248.29037721003459,64,0,10,1,16138.103499999999,23831.908899999999,28652.481959999997,0,0,0,189.2295,19586.798249999996,22255.279619999994,64,0,6,6,0,60,6,48,6,6,0,1
stable-hot-k100-for-e200000-g750-w4,hot,10,100,45011,stable,4,64,64,100,0,0.20000000000000001,0,750,0.30023149999999998,213.16883804664067,0,64,0,0,0,0,0,18178.5625,26042.849999999973,26826.784789999998,171.79149999999998,19066.396399999998,22719.415209999988,64,0,16,16,0,64,0,48,0,0,0,1
strict-hot-k100-e200000-g750-w4,hot,10,100,45011,weak,4,64,64,100,0.20000000000000001,0.20000000000000001,20,750,0.249216084,256.80525499309266,64,0,20,1,12791.8125,27820.18115,28496.358579999996,0,0,0,239.1455,19789.976799999979,27577.914999999997,64,0,3,3,0,60,3,48,3,3,0,1
strict-hot-k10-e200000-g750-w4,hot,10,100,45011,weak,4,64,64,10,0.20000000000000001,0.20000000000000001,2,750,0.41123741699999999,155.62786204349689,64,0,2,1,25642.270499999999,36101.756300000001,40237.560329999993,0,0,0,67.75,31987.818749999995,36968.936459999983,64,0,31,31,0,62,31,48,31,31,0,1
stable-hot-k10-for-e200000-g750-w4,hot,10,100,45011,stable,4,64,64,10,0,0.20000000000000001,0,750,0.34232158299999998,186.95870543459131,0,64,0,0,0,0,0,19747.916499999999,36916.165099999977,37690.673580000002,70.916499999999999,19130.224899999997,26631.92466999996,64,0,16,16,0,64,0,48,0,0,0,1
stable-random-k20-for-e200000-g750-w4,random,10,100,9011,stable,4,64,64,20,0,0.20000000000000001,0,750,0.34589445899999999,185.02753754722622,0,64,0,0,0,0,0,20205.583500000001,33529.473199999957,34790.195659999998,94.75,21065.823199999999,24964.303749999999,64,0,16,16,0,64,0,48,0,0,0,1
strict-random-k20-e200000-g750-w4,random,10,100,9011,weak,4,64,64,20,0.20000000000000001,0.20000000000000001,4,750,0.273107667,234.33981441465721,64,0,4,1,17845,29482.540199999999,30226.71646,0,0,0,80.916499999999999,19327.558149999997,26806.602829999993,64,0,15,15,0,60,15,48,15,15,0,1
strict-hot-k50-e200000-g750-w4,hot,10,100,45011,weak,4,64,64,50,0.20000000000000001,0.20000000000000001,10,750,0.21182375000000001,302.1379802784154,64,0,10,1,11458.146000000001,22110.341199999981,23125.654289999999,0,0,0,168.917,15865.247299999995,19395.368999999988,64,0,6,6,0,60,6,48,6,6,0,1
stable-hot-k50-for-e200000-g750-w4,hot,10,100,45011,stable,4,64,64,50,0,0.20000000000000001,0,750,0.364566416,175.5510030304053,0,64,0,0,0,0,0,19791.207999999999,40334.529449999951,41698.54679,160.458,25025.678599999999,35300.449339999977,64,0,16,16,0,64,0,48,0,0,0,1
strict-random-k100-e200000-g750-w4,random,10,100,9011,weak,4,64,64,100,0.20000000000000001,0.20000000000000001,20,750,0.222400917,287.76859764476598,64,0,20,1,11936.75,23130.957999999981,23724.790499999999,0,0,0,256.22899999999998,17483.027649999967,21198.95803999999,64,0,3,3,0,60,3,48,3,3,0,1
stable-random-k100-for-e200000-g750-w4,random,10,100,9011,stable,4,64,64,100,0,0.20000000000000001,0,750,0.24921891700000001,256.80233575527495,0,64,0,0,0,0,0,11700.4375,26701.520649999995,26861.085709999999,113.521,17418.899899999986,24984.147999999997,64,0,16,16,0,64,0,48,0,0,0,1
stable-hot-k20-for-e200000-g750-w4,hot,10,100,45011,stable,4,64,64,20,0,0.20000000000000001,0,750,0.33797620900000003,189.36244118887078,0,64,0,0,0,0,0,19669.208500000001,34600.729449999992,34963.726790000001,86.3125,21659.816199999994,32335.103089999993,64,0,16,16,0,64,0,48,0,0,0,1
strict-hot-k20-e200000-g750-w4,hot,10,100,45011,weak,4,64,64,20,0.20000000000000001,0.20000000000000001,4,750,0.229767833,278.54203595156855,64,0,4,1,13669.271000000001,21481.471449999997,21780.192329999998,0,0,0,13.542,12540.839249999999,15733.183579999981,64,0,15,15,0,60,15,48,15,15,0,1
stable-random-k50-for-e200000-g750-w4,random,11,117,9012,stable,4,64,64,50,0,0.20000000000000001,0,750,0.38725508400000003,165.26574509735809,0,64,0,0,0,0,0,20326.375,42218.543699999944,43734.553959999997,125.2295,27722.665249999995,36592.811999999976,64,0,16,16,0,64,0,48,0,0,0,1
strict-random-k50-e200000-g750-w4,random,11,117,9012,weak,4,64,64,50,0.20000000000000001,0.20000000000000001,10,750,0.145105917,441.05713483758211,64,0,10,1,7257.4580000000005,13621.283799999999,16225.53637,0,0,0,101.3125,10910.360699999996,12550.335209999999,64,0,6,6,0,60,6,48,6,6,0,1
stable-hot-k50-for-e200000-g750-w4,hot,11,117,45012,stable,4,64,64,50,0,0.20000000000000001,0,750,0.23595983400000001,271.2326030878628,0,64,0,0,0,0,0,14239.271000000001,18412.32944999999,18790.89675,155.3545,15015.437599999997,16370.742709999993,64,0,16,16,0,64,0,48,0,0,0,1
strict-hot-k50-e200000-g750-w4,hot,11,117,45012,weak,4,64,64,50,0.20000000000000001,0.20000000000000001,10,750,0.215745458,296.64587423203136,64,0,10,1,12861.958500000001,26348.748199999973,31391.494079999989,0,0,0,135.41649999999998,16823.612449999997,22597.949669999973,64,0,6,6,0,60,6,48,6,6,0,1
stable-random-k100-for-e200000-g750-w4,random,11,117,9012,stable,4,64,64,100,0,0.20000000000000001,0,750,0.39393962500000002,162.46144317165351,0,64,0,0,0,0,0,20790.457999999999,37575.365049999993,37761.782789999997,249.33350000000002,31393.360799999991,36234.600539999999,64,0,16,16,0,64,0,48,0,0,0,1
strict-random-k100-e200000-g750-w4,random,11,117,9012,weak,4,64,64,100,0.20000000000000001,0.20000000000000001,20,750,0.21884595800000001,292.44314395790667,64,0,20,1,12589.646000000001,20856.3233,27569.86004,0,0,0,174.10399999999998,16048.981199999989,21430.703369999977,64,0,3,3,0,60,3,48,3,3,0,1
strict-hot-k100-e200000-g750-w4,hot,11,117,45012,weak,4,64,64,100,0.20000000000000001,0.20000000000000001,20,750,0.23951191699999999,267.21008625220099,64,0,20,1,12392.333000000001,29878.364349999982,31007.889789999997,0,0,0,201.208,17671.718699999994,23223.530919999976,64,0,3,3,0,60,3,48,3,3,0,1
stable-hot-k100-for-e200000-g750-w4,hot,11,117,45012,stable,4,64,64,100,0,0.20000000000000001,0,750,0.37447729200000002,170.90488894050216,0,64,0,0,0,0,0,20408.541499999999,39569.28564999994,41113.772830000002,253.70850000000002,26884.164349999963,33675.938039999972,64,0,16,16,0,64,0,48,0,0,0,1
strict-random-k20-e200000-g750-w4,random,11,117,9012,weak,4,64,64,20,0.20000000000000001,0.20000000000000001,4,750,0.30856362500000001,207.41265273896104,64,0,4,1,19464.3125,30176.398249999984,36449.786999999989,0,0,0,94.083500000000001,21137.6875,28033.943919999994,64,0,15,15,0,60,15,48,15,15,0,1
stable-random-k20-for-e200000-g750-w4,random,11,117,9012,stable,4,64,64,20,0,0.20000000000000001,0,750,0.33428358400000002,191.45421152359069,0,64,0,0,0,0,0,19794.520499999999,26827.324999999997,26899.95304,89.0625,20753.365099999995,25631.138039999998,64,0,16,16,0,64,0,48,0,0,0,1
strict-random-k10-e200000-g750-w4,random,11,117,9012,weak,4,64,64,10,0.20000000000000001,0.20000000000000001,2,750,0.42010112500000002,152.34427187025503,64,0,2,1,25280.457999999999,36227.32675,36843.898540000002,0,0,0,81.625,27964.209900000002,35760.506539999995,64,0,31,31,0,62,31,48,31,31,0,1
stable-random-k10-for-e200000-g750-w4,random,11,117,9012,stable,4,64,64,10,0,0.20000000000000001,0,750,0.27183316699999999,235.43852542467712,0,64,0,0,0,0,0,15404.5,28641.150049999993,28799.149079999999,72.333500000000001,17580.316999999999,20705.964459999992,64,0,16,16,0,64,0,48,0,0,0,1
stable-hot-k10-for-e200000-g750-w4,hot,11,117,45012,stable,4,64,64,10,0,0.20000000000000001,0,750,0.32522687500000003,196.78570536337133,0,64,0,0,0,0,0,19731.083500000001,29472.132949999988,29793.364290000001,77.584000000000003,21374.621349999987,27636.078749999993,64,0,16,16,0,64,0,48,0,0,0,1
strict-hot-k10-e200000-g750-w4,hot,11,117,45012,weak,4,64,64,10,0.20000000000000001,0.20000000000000001,2,750,0.50523166600000002,126.67456200182036,64,0,2,1,31042.833500000001,47565.99549999999,54844.526129999998,0,0,0,66.8125,36083.67329999998,45323.701669999966,64,0,31,31,0,62,31,48,31,31,0,1
stable-hot-k20-for-e200000-g750-w4,hot,11,117,45012,stable,4,64,64,20,0,0.20000000000000001,0,750,0.356393458,179.57680917925268,0,64,0,0,0,0,0,21741.292000000001,28685.214349999995,28869.990000000002,88.083500000000001,26085.643749999992,27107.964579999996,64,0,16,16,0,64,0,48,0,0,0,1
strict-hot-k20-e200000-g750-w4,hot,11,117,45012,weak,4,64,64,20,0.20000000000000001,0.20000000000000001,4,750,0.28490862500000003,224.63342413730015,64,0,4,1,16735.332999999999,28729.862599999993,29794.619169999994,0,0,0,84.146000000000001,22828.621449999977,26943.278789999986,64,0,15,15,0,60,15,48,15,15,0,1
stable-random-k50-for-e200000-g750-w4,random,12,100,9013,stable,4,64,64,50,0,0.20000000000000001,0,750,0.38929933300000003,164.39791845212332,0,64,0,0,0,0,0,21905.083500000001,38461.69639999995,39856.618000000002,163.5205,26798.42325,33189.110169999978,64,0,16,16,0,64,0,48,0,0,0,1
strict-random-k50-e200000-g750-w4,random,12,100,9013,weak,4,64,64,50,0.20000000000000001,0.20000000000000001,10,750,0.23635408399999999,270.78017403752585,64,0,10,1,12436.4375,24841.17329999998,25590.80904,0,0,0,155.41649999999998,17889.96875,21916.055919999988,64,0,6,6,0,60,6,48,6,6,0,1
strict-random-k10-e200000-g750-w4,random,12,100,9013,weak,4,64,64,10,0.20000000000000001,0.20000000000000001,2,750,0.521581666,122.7036994816455,64,0,2,1,32172,45811.78125,55519.068209999998,0,0,0,83.625,41355.828499999974,48948.789289999972,64,0,31,31,0,62,31,48,31,31,0,1
stable-random-k10-for-e200000-g750-w4,random,12,100,9013,stable,4,64,64,10,0,0.20000000000000001,0,750,0.33622099999999999,190.35098937900963,0,64,0,0,0,0,0,18864.582999999999,33400.551749999984,33768.047120000003,67.916499999999999,18242.860699999997,26833.396749999985,64,0,16,16,0,64,0,48,0,0,0,1
stable-random-k20-for-e200000-g750-w4,random,12,100,9013,stable,4,64,64,20,0,0.20000000000000001,0,750,0.30019770800000001,213.19283357086789,0,64,0,0,0,0,0,19284.270499999999,33815.037599999967,34722.457999999999,111.854,19663.849900000001,30136.851459999987,64,0,16,16,0,64,0,48,0,0,0,1
strict-random-k20-e200000-g750-w4,random,12,100,9013,weak,4,64,64,20,0.20000000000000001,0.20000000000000001,4,750,0.27409220899999998,233.49806341996393,64,0,4,1,17573.75,20581.248149999996,21040.502540000001,0,0,0,76.25,18853.950000000001,19530.520999999997,64,0,15,15,0,60,15,48,15,15,0,1
stable-hot-k50-for-e200000-g750-w4,hot,12,100,45013,stable,4,64,64,50,0,0.20000000000000001,0,750,0.39238220800000001,163.10627417642749,0,64,0,0,0,0,0,23257.666499999999,32689.893749999992,32993.536249999997,123.5835,26410.17934999998,31160.153249999996,64,0,16,16,0,64,0,48,0,0,0,1
strict-hot-k50-e200000-g750-w4,hot,12,100,45013,weak,4,64,64,50,0.20000000000000001,0.20000000000000001,10,750,0.256577375,249.43742603961087,64,0,10,1,14194.458000000001,25772.217000000001,27567.713329999995,0,0,0,107.542,22038.970549999998,24573.815169999998,64,0,6,6,0,60,6,48,6,6,0,1
strict-hot-k20-e200000-g750-w4,hot,12,100,45013,weak,4,64,64,20,0.20000000000000001,0.20000000000000001,4,750,0.2832885,225.91810115835978,64,0,4,1,16852.646000000001,26265.993699999995,29109.114749999997,0,0,0,73.3125,20693.449999999993,23583.18017,64,0,15,15,0,60,15,48,15,15,0,1
stable-hot-k20-for-e200000-g750-w4,hot,12,100,45013,stable,4,64,64,20,0,0.20000000000000001,0,750,0.30010358399999998,213.25969902445419,0,64,0,0,0,0,0,15878.4375,41136.699949999907,43692.684459999997,43.436999999999998,19610.491849999955,31902.506249999959,64,0,16,16,0,64,0,48,0,0,0,1
stable-hot-k10-for-e200000-g750-w4,hot,12,100,45013,stable,4,64,64,10,0,0.20000000000000001,0,750,0.37067558299999998,172.65771724705158,0,64,0,0,0,0,0,21246.145499999999,41025.043649999927,43007.684079999999,49.332999999999998,20521.264249999993,28692.506249999944,64,0,16,16,0,64,0,48,0,0,0,1
strict-hot-k10-e200000-g750-w4,hot,12,100,45013,weak,4,64,64,10,0.20000000000000001,0.20000000000000001,2,750,0.56167129199999999,113.9456491929803,64,0,2,1,34139.625,54797.85634999998,61106.134459999987,0,0,0,71.458500000000001,39020.908099999993,50785.760289999984,64,0,31,31,0,62,31,48,31,31,0,1
stable-hot-k100-for-e200000-g750-w4,hot,12,100,45013,stable,4,64,64,100,0,0.20000000000000001,0,750,0.38636987499999997,165.6443841539147,0,64,0,0,0,0,0,19250.667000000001,53698.299999999908,56051.821579999996,247.00049999999999,28336.756199999989,45345.944999999963,64,0,16,16,0,64,0,48,0,0,0,1
strict-hot-k100-e200000-g750-w4,hot,12,100,45013,weak,4,64,64,100,0.20000000000000001,0.20000000000000001,20,750,0.23807700000000001,268.82059165732096,64,0,20,1,11994.542000000001,36173.018749999996,37181.119079999997,0,0,0,174.29149999999998,13631.557999999994,34471.834499999997,64,0,3,3,0,60,3,48,3,3,0,1
strict-random-k100-e200000-g750-w4,random,12,100,9013,weak,4,64,64,100,0.20000000000000001,0.20000000000000001,20,750,0.219382625,291.72775191289645,64,0,20,1,10577.875,28267.442000000003,28743.36825,0,0,0,146.29149999999998,15848.089249999963,27570.860709999997,64,0,3,3,0,60,3,48,3,3,0,1
stable-random-k100-for-e200000-g750-w4,random,12,100,9013,stable,4,64,64,100,0,0.20000000000000001,0,750,0.41880758299999998,152.81480708051077,0,64,0,0,0,0,0,22646.458500000001,43689.731249999961,44815.060709999998,246.47899999999998,30909.834849999977,39207.34570999998,64,0,16,16,0,64,0,48,0,0,0,1
strict-hot-k50-e200000-g750-w4,hot,13,117,45014,weak,4,64,64,50,0.20000000000000001,0.20000000000000001,10,750,0.32167908299999998,198.95605086638477,64,0,10,1,14632.166499999999,42604.922349999993,49162.935999999994,0,0,0,108.0835,29183.002699999975,40923.661459999967,64,0,6,6,0,60,6,48,6,6,0,1
stable-hot-k50-for-e200000-g750-w4,hot,13,117,45014,stable,4,64,64,50,0,0.20000000000000001,0,750,0.43122525,148.41431479255911,0,64,0,0,0,0,0,22597.978999999999,37109.337449999999,43652.06033,169.50049999999999,29666.916949999995,38421.681249999987,64,0,17,17,0,64,0,47,0,0,0,1
strict-random-k10-e200000-g750-w4,random,13,117,9014,weak,4,64,64,10,0.20000000000000001,0.20000000000000001,2,750,0.58998941699999996,108.47652204581833,64,0,2,1,36967.832999999999,54415.86614999998,56891.000209999998,0,0,0,78.916499999999999,43270.231299999999,51034.472499999982,64,0,31,31,0,62,31,48,31,31,0,1
stable-random-k10-for-e200000-g750-w4,random,13,117,9014,stable,4,64,64,10,0,0.20000000000000001,0,750,0.32248149999999998,198.4609969874241,0,64,0,0,0,0,0,17120.0625,39469.633149999914,41760.163789999999,67.041499999999999,16812.318749999988,22642.679499999991,64,0,16,16,0,64,0,48,0,0,0,1
stable-random-k50-for-e200000-g750-w4,random,13,117,9014,stable,4,64,64,50,0,0.20000000000000001,0,750,0.38450258300000001,166.4488168080785,0,64,0,0,0,0,0,22801.249499999998,36573.912499999948,37953.626670000005,104.4165,26915.55799999999,31223.935499999974,64,0,16,16,0,64,0,48,0,0,0,1
strict-random-k50-e200000-g750-w4,random,13,117,9014,weak,4,64,64,50,0.20000000000000001,0.20000000000000001,10,750,0.26755558400000001,239.20263237712877,64,0,10,1,13110.667000000001,24266.270449999996,31013.31625,0,0,0,140.08350000000002,21616.001799999991,25808.853419999981,64,0,6,6,0,60,6,48,6,6,0,1
strict-hot-k10-e200000-g750-w4,hot,13,117,45014,weak,4,64,64,10,0.20000000000000001,0.20000000000000001,2,750,0.60565666699999998,105.67042928299838,64,0,2,1,37925.563000000002,52407.939349999986,54519.504079999999,0,0,0,76.5,47643.485699999983,51171.904789999993,64,0,31,31,0,62,31,48,31,31,0,1
stable-hot-k10-for-e200000-g750-w4,hot,13,117,45014,stable,4,64,64,10,0,0.20000000000000001,0,750,0.40917766700000002,156.41127354098725,0,64,0,0,0,0,0,24136.708500000001,36624.043799999992,36787.560750000004,53.041499999999999,26577.872350000001,35148.212499999994,64,0,16,16,0,64,0,48,0,0,0,1
stable-random-k20-for-e200000-g750-w4,random,13,117,9014,stable,4,64,64,20,0,0.20000000000000001,0,750,0.39332149999999999,162.71675969912656,0,64,0,0,0,0,0,22965.229500000001,36669.748299999977,37249.045919999997,84.354500000000002,26884.401849999991,33972.667499999989,64,0,16,16,0,64,0,48,0,0,0,1
strict-random-k20-e200000-g750-w4,random,13,117,9014,weak,4,64,64,20,0.20000000000000001,0.20000000000000001,4,750,0.31603979199999999,202.50614517554169,64,0,4,1,20437.832999999999,32264.3662,37474.745209999994,0,0,0,51.6875,20793.439349999997,32627.36457999999,64,0,15,15,0,60,15,48,15,15,0,1
strict-hot-k100-e200000-g750-w4,hot,13,117,45014,weak,4,64,64,100,0.20000000000000001,0.20000000000000001,20,750,0.129012084,496.07756123062086,64,0,20,1,5678.5625,18483.499999999985,19122.604459999999,0,0,0,43.333500000000001,6629.4311499999967,13485.040209999999,64,0,3,3,0,60,3,48,3,3,0,1
stable-hot-k100-for-e200000-g750-w4,hot,13,117,45014,stable,4,64,64,100,0,0.20000000000000001,0,750,0.44356774999999998,144.28461041182547,0,64,0,0,0,0,0,15626,158476.8670499991,181905.83783,115.7705,20542.999999999982,81314.981039999606,64,0,16,16,0,64,0,48,0,0,0,1
stable-random-k100-for-e200000-g750-w4,random,13,117,9014,stable,4,64,64,100,0,0.20000000000000001,0,750,0.34780795799999997,184.00959071787543,0,64,0,0,0,0,0,20994.083999999999,28275.924999999988,28611.777669999999,183.08350000000002,22132.741999999998,26079.274999999994,64,0,17,17,0,64,0,47,0,0,0,1
strict-random-k100-e200000-g750-w4,random,13,117,9014,weak,4,64,64,100,0.20000000000000001,0.20000000000000001,20,750,0.170789833,374.72956601579438,64,0,20,1,9664.6875,17454.306349999992,18661.208919999997,0,0,0,146.9375,12905.956299999989,15483.961249999991,64,0,3,3,0,60,3,46,3,3,0,1
stable-hot-k20-for-e200000-g750-w4,hot,13,117,45014,stable,4,64,64,20,0,0.20000000000000001,0,750,0.39365529199999999,162.57878733153169,0,64,0,0,0,0,0,24525.625,34612.909849999989,34800.941789999997,60.125,28744.876749999996,33101.462619999998,64,0,16,16,0,64,0,48,0,0,0,1
strict-hot-k20-e200000-g750-w4,hot,13,117,45014,weak,4,64,64,20,0.20000000000000001,0.20000000000000001,4,750,0.35345454199999998,181.06996061745332,64,0,4,1,22806.374499999998,33923.015149999985,35368.260920000001,0,0,0,94.75,25185.297399999999,31635.966459999989,64,0,15,15,0,60,15,48,15,15,0,1
stable-random-k20-for-e200000-g750-w4,random,14,100,9015,stable,4,64,64,20,0,0.20000000000000001,0,750,0.36190308399999999,176.84292516280408,0,64,0,0,0,0,0,20307.979500000001,33806.783099999979,34344.196250000001,78.417000000000002,23265.810699999995,31351.711289999996,64,0,16,16,0,64,0,48,0,0,0,1
strict-random-k20-e200000-g750-w4,random,14,100,9015,weak,4,64,64,20,0.20000000000000001,0.20000000000000001,4,750,0.40786125000000001,156.91610811274668,64,0,4,1,23288.166499999999,37753.334849999985,39962.539249999994,0,0,0,75.353999999999999,29379.847399999991,36237.778209999989,64,0,15,15,0,60,15,48,15,15,0,1
strict-random-k50-e200000-g750-w4,random,14,100,9015,weak,4,64,64,50,0.20000000000000001,0.20000000000000001,10,750,0.16972195800000001,377.08733009078293,64,0,10,1,7490.9789999999994,17611.953600000001,19245.073869999997,0,0,0,85.083500000000001,14303.233149999993,17295.059249999998,64,0,6,6,0,60,6,48,6,6,0,1
stable-random-k50-for-e200000-g750-w4,random,14,100,9015,stable,4,64,64,50,0,0.20000000000000001,0,750,0.19949187500000001,320.81507078922385,0,64,0,0,0,0,0,12376.270499999999,16276.287549999994,16502.755659999999,78.646000000000001,12150.891049999995,13633.746209999998,64,0,16,16,0,64,0,48,0,0,0,1
stable-hot-k10-for-e200000-g750-w4,hot,14,100,45015,stable,4,64,64,10,0,0.20000000000000001,0,750,0.37751258300000001,169.53077296499015,0,64,0,0,0,0,0,22790.646499999999,38526.424949999986,38838.995419999999,38.936999999999998,26682.401799999974,33476.391289999985,64,0,16,16,0,64,0,48,0,0,0,1
strict-hot-k10-e200000-g750-w4,hot,14,100,45015,weak,4,64,64,10,0.20000000000000001,0.20000000000000001,2,750,0.38962991699999999,164.25843398467782,64,0,2,1,22583.770499999999,38439.114299999987,42192.503749999996,0,0,0,43.728999999999999,25905.526799999992,35132.334829999978,64,0,31,31,0,62,31,48,31,31,0,1
strict-random-k100-e200000-g750-w4,random,14,100,9015,weak,4,64,64,100,0.20000000000000001,0.20000000000000001,20,750,0.172541791,370.92463007990915,64,0,20,1,7176.4375,21778.1276,24076.183539999998,0,0,0,110.125,13750.129449999997,23300.032499999998,64,0,3,3,0,60,3,48,3,3,0,1
stable-random-k100-for-e200000-g750-w4,random,14,100,9015,stable,4,64,64,100,0,0.20000000000000001,0,750,0.43408266699999998,147.43735436918519,0,64,0,0,0,0,0,28908.3125,37238.012399999985,37597.603869999999,229.1465,32963.084749999995,35142.098919999997,64,0,16,16,0,64,0,48,0,0,0,1
strict-hot-k100-e200000-g750-w4,hot,14,100,45015,weak,4,64,64,100,0.20000000000000001,0.20000000000000001,20,750,0.16545679199999999,386.80793472654784,64,0,20,1,9415.8539999999994,17454.095649999999,19380.713789999991,0,0,0,110.813,15534.998199999985,18521.809339999989,64,0,3,3,0,60,3,48,3,3,0,1
stable-hot-k100-for-e200000-g750-w4,hot,14,100,45015,stable,4,64,64,100,0,0.20000000000000001,0,750,0.247141417,258.96104658168241,0,64,0,0,0,0,0,14817.188,24605.918749999961,25609.194789999998,181.64600000000002,15484.389349999998,20735.724499999986,64,0,16,16,0,64,0,48,0,0,0,1
stable-hot-k50-for-e200000-g750-w4,hot,14,100,45015,stable,4,64,64,50,0,0.20000000000000001,0,750,0.29972158300000001,213.53150266792764,0,64,0,0,0,0,0,16083.063,30405.258899999979,30941.654290000002,129.45850000000002,22090.631249999995,27497.40966999999,64,0,17,17,0,64,0,47,0,0,0,1
strict-hot-k50-e200000-g750-w4,hot,14,100,45015,weak,4,64,64,50,0.20000000000000001,0.20000000000000001,10,750,0.18558154199999999,344.86188286979535,64,0,10,1,9296.8329999999987,18422.151849999998,19353.24483,0,0,0,113.2085,14582.818799999999,18227.982999999997,64,0,6,6,0,60,6,48,6,6,0,1
stable-hot-k20-for-e200000-g750-w4,hot,14,100,45015,stable,4,64,64,20,0,0.20000000000000001,0,750,0.42566870800000001,150.35166738166714,0,64,0,0,0,0,0,24299.75,32829.560749999997,33423.098960000003,78.041499999999999,28321.808799999981,31672.962999999996,64,0,17,17,0,64,0,47,0,0,0,1
strict-hot-k20-e200000-g750-w4,hot,14,100,45015,weak,4,64,64,20,0.20000000000000001,0.20000000000000001,4,750,0.35847716699999999,178.53298868544115,64,0,4,1,21484.771000000001,31038.954450000001,35910.567289999999,0,0,0,88.895499999999998,25174.031249999993,29166.140119999996,64,0,15,15,0,60,15,48,15,15,0,1
stable-random-k10-for-e200000-g750-w4,random,14,100,9015,stable,4,64,64,10,0,0.20000000000000001,0,750,0.27451666699999999,233.13702843405133,0,64,0,0,0,0,0,14800.458500000001,35044.987399999933,36856.124039999995,63.436999999999998,18476.450049999996,28511.748039999973,64,0,16,16,0,64,0,48,0,0,0,1
strict-random-k10-e200000-g750-w4,random,14,100,9015,weak,4,64,64,10,0.20000000000000001,0.20000000000000001,2,750,0.51048791699999996,125.37025435608891,64,0,2,1,31319.083500000001,44956.101750000002,45859.649830000002,0,0,0,72.958500000000001,40398.859899999981,44559.51571,64,0,31,31,0,62,31,48,31,31,0,1
strict-random-k20-e200000-g750-w4,random,15,117,9016,weak,4,64,64,20,0.20000000000000001,0.20000000000000001,4,750,0.418420458,152.9561922137182,64,0,4,1,25083.8125,36820.810700000002,40109.081419999995,0,0,0,101.5625,29910.383149999987,35846.314999999988,64,0,15,15,0,60,15,48,15,15,0,1
stable-random-k20-for-e200000-g750-w4,random,15,117,9016,stable,4,64,64,20,0,0.20000000000000001,0,750,0.39560783300000002,161.77637210737433,0,64,0,0,0,0,0,26250.313000000002,37068.831249999974,37796.659500000002,66.292000000000002,25769.248100000001,28634.761079999997,64,0,16,16,0,64,0,48,0,0,0,1
strict-hot-k10-e200000-g750-w4,hot,15,117,45016,weak,4,64,64,10,0.20000000000000001,0.20000000000000001,2,750,0.47110345799999997,135.85126348191653,64,0,2,1,27904.667000000001,48797.431249999994,52397.38749999999,0,0,0,47.708500000000001,37686.750099999997,46694.98429,64,0,31,31,0,62,31,48,31,31,0,1
stable-hot-k10-for-e200000-g750-w4,hot,15,117,45016,stable,4,64,64,10,0,0.20000000000000001,0,750,0.21624137500000001,295.96556163222692,0,64,0,0,0,0,0,12840.541499999999,17501.612549999987,17849.92196,9.4585000000000008,11777.9393,13950.271999999997,64,0,16,16,0,64,0,48,0,0,0,1
strict-random-k50-e200000-g750-w4,random,15,117,9016,weak,4,64,64,50,0.20000000000000001,0.20000000000000001,10,750,0.16123637499999999,396.93276408626781,64,0,10,1,7758.5205000000005,16616.008899999997,17464.562829999999,0,0,0,98.249499999999998,14474.037499999988,15584.93304,64,0,6,6,0,60,6,48,6,6,0,1
stable-random-k50-for-e200000-g750-w4,random,15,117,9016,stable,4,64,64,50,0,0.20000000000000001,0,750,0.227247958,281.63069346480114,0,64,0,0,0,0,0,13052.708000000001,19999.074999999972,20753.141749999999,172.45850000000002,14392.631299999995,16742.49103999999,64,0,16,16,0,64,0,48,0,0,0,1
stable-hot-k20-for-e200000-g750-w4,hot,15,117,45016,stable,4,64,64,20,0,0.20000000000000001,0,750,0.30831874999999997,207.57738541687783,0,64,0,0,0,0,0,18831.125500000002,28950.120599999973,29779.76325,85.228999999999999,19179.735799999999,23814.975419999981,64,0,16,16,0,64,0,48,0,0,0,1
strict-hot-k20-e200000-g750-w4,hot,15,117,45016,weak,4,64,64,20,0.20000000000000001,0.20000000000000001,4,750,0.38074891700000002,168.08977555148238,64,0,4,1,21881.8125,35566.722299999979,46334.217999999993,0,0,0,80.896000000000001,24712.850049999997,36600.785209999973,64,0,15,15,0,60,15,48,15,15,0,1
stable-hot-k100-for-e200000-g750-w4,hot,15,117,45016,stable,4,64,64,100,0,0.20000000000000001,0,750,0.37970154099999998,168.55343760640679,0,64,0,0,0,0,0,22290.103999999999,32549.008049999993,32716.749249999997,229.792,23851.456299999998,30980.847999999994,64,0,16,16,0,64,0,48,0,0,0,1
strict-hot-k100-e200000-g750-w4,hot,15,117,45016,weak,4,64,64,100,0.20000000000000001,0.20000000000000001,20,750,0.21798162500000001,293.60272912911807,64,0,20,1,11717.396000000001,22112.904449999998,28446.156129999999,0,0,0,144.834,14879.041949999986,23261.266839999986,64,0,3,3,0,60,3,48,3,3,0,1
stable-random-k10-for-e200000-g750-w4,random,15,117,9016,stable,4,64,64,10,0,0.20000000000000001,0,750,0.40330295900000002,158.68963659153317,0,64,0,0,0,0,0,23293.541499999999,41396.983049999944,42861.587330000002,75.125,27479.170549999988,35870.467329999978,64,0,16,16,0,64,0,48,0,0,0,1
strict-random-k10-e200000-g750-w4,random,15,117,9016,weak,4,64,64,10,0.20000000000000001,0.20000000000000001,2,750,0.47603420800000001,134.44411961251322,64,0,2,1,27023.875,48185.089199999973,52035.159579999992,0,0,0,40.146000000000001,30289.597299999994,41888.395919999974,64,0,31,31,0,62,31,48,31,31,0,1
strict-hot-k50-e200000-g750-w4,hot,15,117,45016,weak,4,64,64,50,0.20000000000000001,0.20000000000000001,10,750,0.26989087499999997,237.13287824199321,64,0,10,1,12460.062,29451.91865,37955.061419999998,0,0,0,113.25,22846.064299999995,31809.993209999979,64,0,6,6,0,60,6,48,6,6,0,1
stable-hot-k50-for-e200000-g750-w4,hot,15,117,45016,stable,4,64,64,50,0,0.20000000000000001,0,750,0.35380041600000001,180.89294728245881,0,64,0,0,0,0,0,19025.166499999999,47123.46869999991,49565.703249999999,72.5625,19683.701699999991,28224.018039999984,64,0,16,16,0,64,0,48,0,0,0,1
strict-random-k100-e200000-g750-w4,random,15,117,9016,weak,4,64,64,100,0.20000000000000001,0.20000000000000001,20,750,0.20254533399999999,315.97864406987526,64,0,20,1,10380.728999999999,24928.849999999999,35727.32387,0,0,0,134.083,12316.389399999998,25115.690749999962,64,0,3,3,0,60,3,48,3,3,0,1
stable-random-k100-for-e200000-g750-w4,random,15,117,9016,stable,4,64,64,100,0,0.20000000000000001,0,750,0.31929966700000001,200.4386681681068,0,64,0,0,0,0,0,17670.25,36921.750049999944,38505.140829999997,165.24950000000001,23326.095600000001,31011.653629999972,64,0,16,16,0,64,0,48,0,0,0,1
strict-hot-k50-e200000-g750-w4,hot,16,100,45017,weak,4,64,64,50,0.20000000000000001,0.20000000000000001,10,750,0.183921416,347.97470241312192,64,0,10,1,10697.166499999999,18690.923149999991,21068.131959999999,0,0,0,112.7085,13508.218649999992,16531.066039999987,64,0,6,6,0,60,6,48,6,6,0,1
stable-hot-k50-for-e200000-g750-w4,hot,16,100,45017,stable,4,64,64,50,0,0.20000000000000001,0,750,0.32394275,197.56577358190606,0,64,0,0,0,0,0,18456.646000000001,29934.781199999969,30776.674619999998,149.41649999999998,22574.150099999995,25965.963919999984,64,0,16,16,0,64,0,48,0,0,0,1
strict-random-k50-e200000-g750-w4,random,16,100,9017,weak,4,64,64,50,0.20000000000000001,0.20000000000000001,10,750,0.251044875,254.93450125201718,64,0,10,1,13102.75,21434.645549999994,26556.969290000001,0,0,0,173.02100000000002,18922.973249999999,22185.074249999983,64,0,6,6,0,60,6,48,6,6,0,1
stable-random-k50-for-e200000-g750-w4,random,16,100,9017,stable,4,64,64,50,0,0.20000000000000001,0,750,0.30093679099999998,212.66924455242165,0,64,0,0,0,0,0,19290.936999999998,26115.579399999977,26771.44238,107.9375,19117.207999999995,23153.91270999999,64,0,16,16,0,64,0,48,0,0,0,1
strict-random-k100-e200000-g750-w4,random,16,100,9017,weak,4,64,64,100,0.20000000000000001,0.20000000000000001,20,750,0.117723625,543.64618826509968,64,0,20,1,6138.6875,11422.576799999997,12330.65408,0,0,0,46.145499999999998,5614.9356500000004,9806.2227099999982,64,0,3,3,0,60,3,48,3,3,0,1
stable-random-k100-for-e200000-g750-w4,random,16,100,9017,stable,4,64,64,100,0,0.20000000000000001,0,750,0.24954320899999999,256.46861021170889,0,64,0,0,0,0,0,14788.4375,18831.762500000001,18839.845869999997,162.542,16932.426799999997,17811.731749999999,64,0,16,16,0,64,0,48,0,0,0,1
strict-hot-k10-e200000-g750-w4,hot,16,100,45017,weak,4,64,64,10,0.20000000000000001,0.20000000000000001,2,750,0.47329162499999999,135.22318295828708,64,0,2,1,27858.771000000001,38208.018799999998,39729.401539999999,0,0,0,78.9375,33966.452599999982,37465.289499999999,64,0,31,31,0,62,31,48,31,31,0,1
stable-hot-k10-for-e200000-g750-w4,hot,16,100,45017,stable,4,64,64,10,0,0.20000000000000001,0,750,0.240008625,266.65708367772197,0,64,0,0,0,0,0,14735.458500000001,23800.587499999969,24700.172500000001,59.583500000000001,16034.579399999999,19832.193869999985,64,0,16,16,0,64,0,48,0,0,0,1
strict-random-k20-e200000-g750-w4,random,16,100,9017,weak,4,64,64,20,0.20000000000000001,0.20000000000000001,4,750,0.306618416,208.72849333355111,64,0,4,1,18088.021000000001,27239.58124999997,31477.882710000002,0,0,0,100.187,21074.095549999998,23728.797749999987,64,0,15,15,0,60,15,48,15,15,0,1
stable-random-k20-for-e200000-g750-w4,random,16,100,9017,stable,4,64,64,20,0,0.20000000000000001,0,750,0.17194524999999999,372.21150337098584,0,64,0,0,0,0,0,9918.1670000000013,12668.575049999999,12703.57092,64.417000000000002,9939.8062999999966,11500.690379999998,64,0,16,16,0,64,0,48,0,0,0,1
stable-hot-k100-for-e200000-g750-w4,hot,16,100,45017,stable,4,64,64,100,0,0.20000000000000001,0,750,0.21906500000000001,292.15073151804256,0,64,0,0,0,0,0,13681.4375,20015.899999999972,20930.185539999999,146,13484.518849999999,16713.665249999987,64,0,16,16,0,64,0,48,0,0,0,1
strict-hot-k100-e200000-g750-w4,hot,16,100,45017,weak,4,64,64,100,0.20000000000000001,0.20000000000000001,20,750,0.151723625,421.81960785606066,64,0,20,1,8061.2085000000006,15159.893749999999,15558.676670000001,0,0,0,220.5,8765.1419999999962,14368.955919999999,64,0,3,3,0,60,3,48,3,3,0,1
stable-hot-k20-for-e200000-g750-w4,hot,16,100,45017,stable,4,64,64,20,0,0.20000000000000001,0,750,0.292276333,218.97086001828276,0,64,0,0,0,0,0,16278.812999999998,31570.31699999997,32448.951420000001,90.021000000000001,19412.339249999994,27620.054789999984,64,0,16,16,0,64,0,48,0,0,0,1
strict-hot-k20-e200000-g750-w4,hot,16,100,45017,weak,4,64,64,20,0.20000000000000001,0.20000000000000001,4,750,0.19621033299999999,326.18057887909504,64,0,4,1,10928.041499999999,21300.903699999981,22594.917499999996,0,0,0,80.875,12431.107999999995,17068.725919999983,64,0,15,15,0,60,15,48,15,15,0,1
strict-random-k10-e200000-g750-w4,random,16,100,9017,weak,4,64,64,10,0.20000000000000001,0.20000000000000001,2,750,0.38963462500000001,164.25644923112262,64,0,2,1,23414.146000000001,36383.612549999991,38851.879249999998,0,0,0,63.811999999999998,27907.966099999998,33923.331789999982,64,0,31,31,0,62,31,48,31,31,0,1
stable-random-k10-for-e200000-g750-w4,random,16,100,9017,stable,4,64,64,10,0,0.20000000000000001,0,750,0.298340834,214.51974623091655,0,64,0,0,0,0,0,18299.25,28555.135749999998,28720.84792,55.999499999999998,21519.624999999993,24796.91745999999,64,0,16,16,0,64,0,48,0,0,0,1
strict-random-k100-e200000-g750-w4,random,17,117,9018,weak,4,64,64,100,0.20000000000000001,0.20000000000000001,20,750,0.207154542,308.94808958617961,64,0,20,1,11659.5625,18412.829450000001,18783.334789999997,0,0,0,224.20850000000002,15794.791999999983,17020.623459999995,64,0,3,3,0,60,3,48,3,3,0,1
stable-random-k100-for-e200000-g750-w4,random,17,117,9018,stable,4,64,64,100,0,0.20000000000000001,0,750,0.32139083400000001,199.13449056235373,0,64,0,0,0,0,0,18943.1875,28366.785749999985,28874.708750000002,236.04149999999998,20756.381299999994,26413.533869999996,64,0,16,16,0,64,0,48,0,0,0,1
strict-hot-k10-e200000-g750-w4,hot,17,117,45018,weak,4,64,64,10,0.20000000000000001,0.20000000000000001,2,750,0.44359266600000002,144.2765061404329,64,0,2,1,25681.1875,39434.893749999996,42035.244039999998,0,0,0,72.895499999999998,33647.640200000002,37722.117709999999,64,0,31,31,0,62,31,48,31,31,0,1
stable-hot-k10-for-e200000-g750-w4,hot,17,117,45018,stable,4,64,64,10,0,0.20000000000000001,0,750,0.30420112500000002,210.38712463670211,0,64,0,0,0,0,0,18694.146000000001,27314.791949999977,27974.8505,64.291499999999999,17816.8223,22373.012619999983,64,0,16,16,0,64,0,48,0,0,0,1
stable-random-k20-for-e200000-g750-w4,random,17,117,9018,stable,4,64,64,20,0,0.20000000000000001,0,750,0.31316220900000002,204.36693240977871,0,64,0,0,0,0,0,18754.395499999999,23282.422350000001,23413.679249999997,76.603999999999999,18147.720549999998,21781.62788,64,0,16,16,0,64,0,48,0,0,0,1
strict-random-k20-e200000-g750-w4,random,17,117,9018,weak,4,64,64,20,0.20000000000000001,0.20000000000000001,4,750,0.285337334,224.29592056116988,64,0,4,1,17758.311999999998,26847.160699999993,29881.758539999995,0,0,0,96.020499999999998,19849.029449999995,25535.120379999997,64,0,15,15,0,60,15,48,15,15,0,1
stable-random-k50-for-e200000-g750-w4,random,17,117,9018,stable,4,64,64,50,0,0.20000000000000001,0,750,0.22882325000000001,279.69185823555955,0,64,0,0,0,0,0,11839.396000000001,26567.573299999989,26892.459790000001,135.1045,13554.045549999995,19116.665709999983,64,0,16,16,0,64,0,48,0,0,0,1
strict-random-k50-e200000-g750-w4,random,17,117,9018,weak,4,64,64,50,0.20000000000000001,0.20000000000000001,10,750,0.22106204199999999,289.51148474417874,64,0,10,1,11079.479500000001,21840.709949999997,22969.230869999999,0,0,0,164.62450000000001,16554.8544,17844.291249999998,64,0,6,6,0,60,6,48,6,6,0,1
strict-hot-k100-e200000-g750-w4,hot,17,117,45018,weak,4,64,64,100,0.20000000000000001,0.20000000000000001,20,750,0.21769466700000001,293.98974665741349,64,0,20,1,12120.291499999999,19307.676899999995,22182.910749999999,0,0,0,235.8545,15779.422249999983,20195.241669999992,64,0,3,3,0,60,3,48,3,3,0,1
stable-hot-k100-for-e200000-g750-w4,hot,17,117,45018,stable,4,64,64,100,0,0.20000000000000001,0,750,0.286979292,223.01260677721652,0,64,0,0,0,0,0,17242.020499999999,25121.952699999987,25464.973709999998,207.1875,19645.839249999997,23168.167879999997,64,0,16,16,0,64,0,48,0,0,0,1
strict-random-k10-e200000-g750-w4,random,17,117,9018,weak,4,64,64,10,0.20000000000000001,0.20000000000000001,2,750,0.41433837499999998,154.46312449335645,64,0,2,1,26006.375,35115.646399999998,36828.716999999997,0,0,0,71.645499999999998,30117.264399999985,33960.146629999996,64,0,31,31,0,62,31,48,31,31,0,1
stable-random-k10-for-e200000-g750-w4,random,17,117,9018,stable,4,64,64,10,0,0.20000000000000001,0,750,0.26213112500000002,244.15261636709488,0,64,0,0,0,0,0,13252.792000000001,27987.943699999978,28725.47738,69.333500000000001,12455.454349999995,25140.169999999991,64,0,16,16,0,64,0,48,0,0,0,1
stable-hot-k20-for-e200000-g750-w4,hot,17,117,45018,stable,4,64,64,20,0,0.20000000000000001,0,750,0.32317087500000002,198.03764803991075,0,64,0,0,0,0,0,20843.186999999998,29689.103650000001,29744.661039999999,78.686999999999998,22555.833799999989,28558.697080000002,64,0,16,16,0,64,0,48,0,0,0,1
strict-hot-k20-e200000-g750-w4,hot,17,117,45018,weak,4,64,64,20,0.20000000000000001,0.20000000000000001,4,750,0.26128141599999999,244.94662107924279,64,0,4,1,17172.582999999999,21841.783049999998,22039.233039999999,0,0,0,82.957999999999998,17365.295549999999,21125.52521,64,0,15,15,0,60,15,48,15,15,0,1
stable-hot-k50-for-e200000-g750-w4,hot,17,117,45018,stable,4,64,64,50,0,0.20000000000000001,0,750,0.236663708,270.42591591609812,0,64,0,0,0,0,0,11137.021000000001,30164.154499999971,30980.479459999999,131.12549999999999,16254.176899999989,26793.907499999987,64,0,16,16,0,64,0,48,0,0,0,1
strict-hot-k50-e200000-g750-w4,hot,17,117,45018,weak,4,64,64,50,0.20000000000000001,0.20000000000000001,10,750,0.13587433300000001,471.02347137188883,64,0,10,1,6551,13781.412549999999,14424.411959999998,0,0,0,90.082999999999998,11301.204399999997,13108.781959999998,64,0,6,6,0,60,6,48,6,6,0,1
strict-random-k10-e200000-g750-w4,random,18,100,9019,weak,4,64,64,10,0.20000000000000001,0.20000000000000001,2,750,0.40236216699999999,159.06068027514127,64,0,2,1,23696.917000000001,33821.556250000001,39215.547789999997,0,0,0,68.582999999999998,24911.014299999992,30790.157079999994,64,0,31,31,0,62,31,48,31,31,0,1
stable-random-k10-for-e200000-g750-w4,random,18,100,9019,stable,4,64,64,10,0,0.20000000000000001,0,750,0.32902466600000002,194.51429212908917,0,64,0,0,0,0,0,18379.186999999998,41053.295499999906,43584.413460000003,58.646000000000001,19494.023199999996,31622.224999999959,64,0,16,16,0,64,0,48,0,0,0,1
stable-random-k50-for-e200000-g750-w4,random,18,100,9019,stable,4,64,64,50,0,0.20000000000000001,0,750,0.30611862499999998,209.06927829040131,0,64,0,0,0,0,0,18872.875500000002,31501.743749999965,32447.78729,146.62450000000001,23798.018749999996,27636.402999999984,64,0,16,16,0,64,0,48,0,0,0,1
strict-random-k50-e200000-g750-w4,random,18,100,9019,weak,4,64,64,50,0.20000000000000001,0.20000000000000001,10,750,0.20393287500000001,313.82875370143239,64,0,10,1,10622.707999999999,20481.623249999997,21405.814459999998,0,0,0,100.25,15859.421399999997,19829.895419999993,64,0,6,6,0,60,6,48,6,6,0,1
stable-hot-k100-for-e200000-g750-w4,hot,18,100,45019,stable,4,64,64,100,0,0.20000000000000001,0,750,0.30337520800000001,210.9598883241639,0,64,0,0,0,0,0,18704.021000000001,22406.201899999989,22722.300329999998,190.81299999999999,19050.94815,20643.085289999995,64,0,16,16,0,64,0,48,0,0,0,1
strict-hot-k100-e200000-g750-w4,hot,18,100,45019,weak,4,64,64,100,0.20000000000000001,0.20000000000000001,20,750,0.20083087499999999,318.67609997715743,64,0,20,1,10686.521000000001,23237.502599999978,29088.007249999995,0,0,0,228.3955,16126.291899999975,20474.671579999987,64,0,3,3,0,60,3,48,3,3,0,1
stable-random-k100-for-e200000-g750-w4,random,18,100,9019,stable,4,64,64,100,0,0.20000000000000001,0,750,0.26178537499999999,244.47507810549004,0,64,0,0,0,0,0,16804.771000000001,24045.493750000001,24067.570039999999,117.5,20338.759849999991,22975.79521,64,0,16,16,0,64,0,48,0,0,0,1
strict-random-k100-e200000-g750-w4,random,18,100,9019,weak,4,64,64,100,0.20000000000000001,0.20000000000000001,20,750,0.21195349999999999,301.95302271488794,64,0,20,1,11702.458500000001,19130.2232,24265.892620000002,0,0,0,221.8955,15096.732949999985,21493.871249999989,64,0,3,3,0,60,3,48,3,3,0,1
stable-hot-k50-for-e200000-g750-w4,hot,18,100,45019,stable,4,64,64,50,0,0.20000000000000001,0,750,0.28722150000000002,222.82454481993861,0,64,0,0,0,0,0,14898.084000000001,30685.091199999995,30946.60554,149.91649999999998,16472.26694999999,27821.21195999999,64,0,16,16,0,64,0,48,0,0,0,1
strict-hot-k50-e200000-g750-w4,hot,18,100,45019,weak,4,64,64,50,0.20000000000000001,0.20000000000000001,10,750,0.22796966599999999,280.7391050000486,64,0,10,1,12876.708500000001,20284.595599999997,25916.045249999999,0,0,0,104.7085,17011.218749999993,18812.313959999999,64,0,6,6,0,60,6,48,6,6,0,1
strict-random-k20-e200000-g750-w4,random,18,100,9019,weak,4,64,64,20,0.20000000000000001,0.20000000000000001,4,750,0.19897562499999999,321.64743797135958,64,0,4,1,10852.875,21804.628649999999,27282.691459999991,0,0,0,71.208500000000001,12515.441099999995,21013.556249999965,64,0,15,15,0,60,15,48,15,15,0,1
stable-random-k20-for-e200000-g750-w4,random,18,100,9019,stable,4,64,64,20,0,0.20000000000000001,0,750,0.29871470900000002,214.25125068079589,0,64,0,0,0,0,0,17665.416499999999,26798.266100000001,26860.900830000002,91.354500000000002,21078.895499999995,23745.382499999992,64,0,16,16,0,64,0,48,0,0,0,1
strict-hot-k10-e200000-g750-w4,hot,18,100,45019,weak,4,64,64,10,0.20000000000000001,0.20000000000000001,2,750,0.44958829099999997,142.35246175483695,64,0,2,1,27681.375,40054.479499999987,41700.208039999998,0,0,0,54.917000000000002,29965.678649999987,36465.062539999999,64,0,31,31,0,62,31,48,31,31,0,1
stable-hot-k10-for-e200000-g750-w4,hot,18,100,45019,stable,4,64,64,10,0,0.20000000000000001,0,750,0.319317666,200.42737002844058,0,64,0,0,0,0,0,19508.728999999999,31170.282949999943,32717.83483,57.333500000000001,18289.949999999997,24636.220709999972,64,0,16,16,0,64,0,48,0,0,0,1
strict-hot-k20-e200000-g750-w4,hot,18,100,45019,weak,4,64,64,20,0.20000000000000001,0.20000000000000001,4,750,0.33633608300000001,190.28585761343959,64,0,4,1,19642.895499999999,29297.306199999992,32841.530870000002,0,0,0,71.374499999999998,21756.356250000001,29006.748329999991,64,0,15,15,0,60,15,48,15,15,0,1
stable-hot-k20-for-e200000-g750-w4,hot,18,100,45019,stable,4,64,64,20,0,0.20000000000000001,0,750,0.190166417,336.54733054154349,0,64,0,0,0,0,0,11649.416499999999,19748.893749999992,19977.873369999998,17.395499999999998,8864.2035999999971,10855.009499999995,64,0,16,16,0,64,0,48,0,0,0,1
stable-random-k20-for-e200000-g750-w4,random,19,117,9020,stable,4,64,64,20,0,0.20000000000000001,0,750,0.244275084,261.99970521758166,0,64,0,0,0,0,0,13878.604500000001,20543.774999999991,20853.542460000001,23.041499999999999,12776.464400000001,18021.331789999993,64,0,16,16,0,64,0,48,0,0,0,1
strict-random-k20-e200000-g750-w4,random,19,117,9020,weak,4,64,64,20,0.20000000000000001,0.20000000000000001,4,750,0.17350470800000001,368.8660713460294,64,0,4,1,11104.25,13396.560649999999,13917.17504,0,0,0,45.042000000000002,11515.728549999996,12408.40108,64,0,15,15,0,60,15,48,15,15,0,1
stable-hot-k20-for-e200000-g750-w4,hot,19,117,45020,stable,4,64,64,20,0,0.20000000000000001,0,750,0.200404792,319.35364100475203,0,64,0,0,0,0,0,11910.0625,15538.993799999989,15857.184999999999,71.521000000000001,11730.183049999996,12585.777209999998,64,0,16,16,0,64,0,48,0,0,0,1
strict-hot-k20-e200000-g750-w4,hot,19,117,45020,weak,4,64,64,20,0.20000000000000001,0.20000000000000001,4,750,0.21900858300000001,292.22599006542129,64,0,4,1,13269.875,20015.827600000001,20648.398709999998,0,0,0,82.103999999999999,14725.412399999997,18749.100709999999,64,0,15,15,0,60,15,48,15,15,0,1
stable-random-k50-for-e200000-g750-w4,random,19,117,9020,stable,4,64,64,50,0,0.20000000000000001,0,750,0.34991191599999999,182.90317383761231,0,64,0,0,0,0,0,19331.020499999999,40034.870499999946,41504.610499999995,140.95850000000002,21538.924949999993,28171.82874999999,64,0,16,16,0,64,0,48,0,0,0,1
strict-random-k50-e200000-g750-w4,random,19,117,9020,weak,4,64,64,50,0.20000000000000001,0.20000000000000001,10,750,0.15259800000000001,419.40261340253471,64,0,10,1,7742.0834999999997,14300.981199999998,16171.67446,0,0,0,93.375,12066.375049999995,14120.741539999994,64,0,6,6,0,60,6,48,6,6,0,1
stable-hot-k50-for-e200000-g750-w4,hot,19,117,45020,stable,4,64,64,50,0,0.20000000000000001,0,750,0.31913849999999999,200.53989098776864,0,64,0,0,0,0,0,16871.853999999999,34807.875049999966,35749.132079999996,155.1045,22896.397399999998,30889.379999999986,64,0,16,16,0,64,0,48,0,0,0,1
strict-hot-k50-e200000-g750-w4,hot,19,117,45020,weak,4,64,64,50,0.20000000000000001,0.20000000000000001,10,750,0.15374970800000001,416.26095315901347,64,0,10,1,7469.8335000000006,14131.88925,16229.158039999998,0,0,0,114.792,12405.789299999997,14166.838789999994,64,0,6,6,0,60,6,48,6,6,0,1
stable-random-k100-for-e200000-g750-w4,random,19,117,9020,stable,4,64,64,100,0,0.20000000000000001,0,750,0.31752095800000002,201.5614981862079,0,64,0,0,0,0,0,18901.728999999999,28120.908949999979,28803.081040000001,221.1045,21021.122350000001,25328.36516999999,64,0,16,16,0,64,0,48,0,0,0,1
strict-random-k100-e200000-g750-w4,random,19,117,9020,weak,4,64,64,100,0.20000000000000001,0.20000000000000001,20,750,0.15887216700000001,402.83959870705354,64,0,20,1,8273.8335000000006,16573.517050000002,17726.491669999992,0,0,0,239.68700000000001,11732.164399999994,15376.098709999997,64,0,3,3,0,60,3,48,3,3,0,1
stable-random-k10-for-e200000-g750-w4,random,19,117,9020,stable,4,64,64,10,0,0.20000000000000001,0,750,0.34121466700000003,187.5652080336863,0,64,0,0,0,0,0,19729.625,30457.507999999987,30775.388040000002,73.625,19655.283999999992,28500.047499999993,64,0,16,16,0,64,0,48,0,0,0,1
strict-random-k10-e200000-g750-w4,random,19,117,9020,weak,4,64,64,10,0.20000000000000001,0.20000000000000001,2,750,0.55079879099999995,116.19488104504573,64,0,2,1,33630.353999999999,48141.323250000001,52998.673919999994,0,0,0,79.603999999999999,38940.531299999981,48228.538419999997,64,0,31,31,0,62,31,48,31,31,0,1
stable-hot-k100-for-e200000-g750-w4,hot,19,117,45020,stable,4,64,64,100,0,0.20000000000000001,0,750,0.31768137499999999,201.4597173032256,0,64,0,0,0,0,0,19262.833500000001,26675.106299999996,26877.717290000001,173.917,24085.337549999997,25340.204669999999,64,0,16,16,0,64,0,48,0,0,0,1
strict-hot-k100-e200000-g750-w4,hot,19,117,45020,weak,4,64,64,100,0.20000000000000001,0.20000000000000001,20,750,0.18220104200000001,351.26034021254389,64,0,20,1,10178.145500000001,17569.765999999992,18158.169999999998,0,0,0,234.083,10630.401799999998,16204.365329999997,64,0,3,3,0,60,3,48,3,3,0,1
strict-hot-k10-e200000-g750-w4,hot,19,117,45020,weak,4,64,64,10,0.20000000000000001,0.20000000000000001,2,750,0.473662792,135.11722069146609,64,0,2,1,27992.478999999999,42453.118849999992,44741.227789999997,0,0,0,60.729500000000002,33586.700049999992,39747.563959999985,64,0,31,31,0,62,31,48,31,31,0,1
stable-hot-k10-for-e200000-g750-w4,hot,19,117,45020,stable,4,64,64,10,0,0.20000000000000001,0,750,0.29913695800000001,213.94882273289682,0,64,0,0,0,0,0,16184.896000000001,30560.434899999989,30891.262620000001,59.229500000000002,20128.837449999977,28365.502499999995,64,0,16,16,0,64,0,48,0,0,0,1
strict-hot-k100-e200000-g750-w4,hot,20,100,45021,weak,4,64,64,100,0.20000000000000001,0.20000000000000001,20,750,0.225549,283.75208934643911,64,0,20,1,12393.708500000001,19061.429350000002,20637.12458,0,0,0,153.542,16084.606250000001,19068.402329999997,64,0,3,3,0,60,3,48,3,3,0,1
stable-hot-k100-for-e200000-g750-w4,hot,20,100,45021,stable,4,64,64,100,0,0.20000000000000001,0,750,0.38013933300000002,168.35932102821886,0,64,0,0,0,0,0,23292.563000000002,37155.337449999977,37754.34029,174.89600000000002,26998.587449999999,34509.900539999988,64,0,16,16,0,64,0,48,0,0,0,1
strict-hot-k10-e200000-g750-w4,hot,20,100,45021,weak,4,64,64,10,0.20000000000000001,0.20000000000000001,2,750,0.48848945900000001,131.01613314444108,64,0,2,1,30062.458500000001,44866.723299999998,46757.696959999994,0,0,0,58.125500000000002,39945.433949999984,45504.592169999996,64,0,31,31,0,62,31,48,31,31,0,1
stable-hot-k10-for-e200000-g750-w4,hot,20,100,45021,stable,4,64,64,10,0,0.20000000000000001,0,750,0.31136287499999998,205.54794787271925,0,64,0,0,0,0,0,19954.021000000001,33603.443749999955,34841.09762,73.208500000000001,20759.478549999993,25259.91387,64,0,16,16,0,64,0,48,0,0,0,1
strict-random-k50-e200000-g750-w4,random,20,100,9021,weak,4,64,64,50,0.20000000000000001,0.20000000000000001,10,750,0.26421087500000001,242.2307560201676,64,0,10,1,16334.125,22262.7706,26693.439619999997,0,0,0,158.6045,18606.326749999997,23068.760709999991,64,0,6,6,0,60,6,48,6,6,0,1
stable-random-k50-for-e200000-g750-w4,random,20,100,9021,stable,4,64,64,50,0,0.20000000000000001,0,750,0.365366625,175.16651938309909,0,64,0,0,0,0,0,22415.479500000001,30819.437499999985,31176.067170000002,130.3545,23980.881149999994,28859.422169999994,64,0,16,16,0,64,0,48,0,0,0,1
strict-hot-k20-e200000-g750-w4,hot,20,100,45021,weak,4,64,64,20,0.20000000000000001,0.20000000000000001,4,750,0.241813792,264.66645872705226,64,0,4,1,13168.563,27251.106199999973,31190.823749999996,0,0,0,90.625500000000002,17121.656249999982,25009.060919999982,64,0,15,15,0,60,15,48,15,15,0,1
stable-hot-k20-for-e200000-g750-w4,hot,20,100,45021,stable,4,64,64,20,0,0.20000000000000001,0,750,0.33780916700000002,189.45607831891667,0,64,0,0,0,0,0,20721.395499999999,28962.404449999998,29030.27708,83.042000000000002,20729.849999999995,27239.303039999995,64,0,16,16,0,64,0,48,0,0,0,1
stable-random-k20-for-e200000-g750-w4,random,20,100,9021,stable,4,64,64,20,0,0.20000000000000001,0,750,0.31225387500000001,204.96142762039381,0,64,0,0,0,0,0,19243.604500000001,31512.357999999997,31700.207999999999,95.6875,21888.840099999998,30337.40554,64,0,16,16,0,64,0,48,0,0,0,1
strict-random-k20-e200000-g750-w4,random,20,100,9021,weak,4,64,64,20,0.20000000000000001,0.20000000000000001,4,750,0.32813166599999999,195.04365665214402,64,0,4,1,19748.583500000001,27655.779399999999,28486.613709999998,0,0,0,91.603999999999999,22098.451799999995,25404.025919999996,64,0,15,15,0,60,15,48,15,15,0,1
strict-random-k100-e200000-g750-w4,random,20,100,9021,weak,4,64,64,100,0.20000000000000001,0.20000000000000001,20,750,0.228621459,279.93872613681464,64,0,20,1,12601.228999999999,20262.801799999994,28871.93809,0,0,0,241.042,16543.816949999989,21958.668959999977,64,0,3,3,0,60,3,48,3,3,0,1
stable-random-k100-for-e200000-g750-w4,random,20,100,9021,stable,4,64,64,100,0,0.20000000000000001,0,750,0.32123112500000001,199.23349582018244,0,64,0,0,0,0,0,18881.5,26751.006150000001,26866.783040000002,149.39600000000002,24208.539249999991,25798.47179,64,0,16,16,0,64,0,48,0,0,0,1
stable-hot-k50-for-e200000-g750-w4,hot,20,100,45021,stable,4,64,64,50,0,0.20000000000000001,0,750,0.25226283300000002,253.70364408775191,0,64,0,0,0,0,0,14845.979500000001,25350.666949999984,25808.192080000001,84.999499999999998,15196.387599999996,22978.091749999989,64,0,16,16,0,64,0,48,0,0,0,1
strict-hot-k50-e200000-g750-w4,hot,20,100,45021,weak,4,64,64,50,0.20000000000000001,0.20000000000000001,10,750,0.24670641600000001,259.41765535599205,64,0,10,1,12844.1875,26335.268749999992,29980.094129999987,0,0,0,115.0005,17800.568749999999,27682.706539999981,64,0,6,6,0,60,6,48,6,6,0,1
strict-random-k10-e200000-g750-w4,random,20,100,9021,weak,4,64,64,10,0.20000000000000001,0.20000000000000001,2,750,0.46713295799999999,137.00596137342123,64,0,2,1,27761.375,38786.253499999984,45033.027999999998,0,0,0,69.25,30993.583049999997,39666.340119999979,64,0,31,31,0,62,31,48,31,31,0,1
stable-random-k10-for-e200000-g750-w4,random,20,100,9021,stable,4,64,64,10,0,0.20000000000000001,0,750,0.31723033299999998,201.74615521397826,0,64,0,0,0,0,0,18745.3125,29558.664299999975,30210.999619999999,70.375,18039.776699999995,25688.656459999987,64,0,16,16,0,64,0,48,0,0,0,1
strict-random-k20-e200000-g750-w4,random,21,117,9022,weak,4,64,64,20,0.20000000000000001,0.20000000000000001,4,750,0.339009791,188.78510797937398,64,0,4,1,20413.041499999999,27710.3187,28776.191459999995,0,0,0,93.063000000000002,24760.770649999984,27052.98604,64,0,15,15,0,60,15,48,15,15,0,1
stable-random-k20-for-e200000-g750-w4,random,21,117,9022,stable,4,64,64,20,0,0.20000000000000001,0,750,0.30130041699999999,212.41258355112069,0,64,0,0,0,0,0,19315.103999999999,31834.060699999962,32921.634170000005,63.936999999999998,18885.968849999997,25629.629789999974,64,0,16,16,0,64,0,48,0,0,0,1
stable-random-k100-for-e200000-g750-w4,random,21,117,9022,stable,4,64,64,100,0,0.20000000000000001,0,750,0.35424512499999999,180.6658595513488,0,64,0,0,0,0,0,21420.207999999999,29546.678649999987,29914.616040000001,251.77100000000002,23966.329399999999,27507.298919999994,64,0,16,16,0,64,0,48,0,0,0,1
strict-random-k100-e200000-g750-w4,random,21,117,9022,weak,4,64,64,100,0.20000000000000001,0.20000000000000001,20,750,0.185742042,344.56388715700672,64,0,20,1,9966.3125,18704.662549999994,19500.069500000001,0,0,0,144.083,14036.689399999985,17597.85771,64,0,3,3,0,60,3,48,3,3,0,1
stable-random-k10-for-e200000-g750-w4,random,21,117,9022,stable,4,64,64,10,0,0.20000000000000001,0,750,0.31613545900000001,202.44486399103999,0,64,0,0,0,0,0,19845.541499999999,26785.266149999989,27166.841540000001,78.25,20492.439349999997,23693.514999999999,64,0,16,16,0,64,0,48,0,0,0,1
strict-random-k10-e200000-g750-w4,random,21,117,9022,weak,4,64,64,10,0.20000000000000001,0.20000000000000001,2,750,0.39189712500000001,163.30816410046387,64,0,2,1,22437.895499999999,36583.918699999995,38957.767,0,0,0,21.728999999999999,27665.383099999985,37224.200209999995,64,0,31,31,0,62,31,48,31,31,0,1
stable-hot-k100-for-e200000-g750-w4,hot,21,117,45022,stable,4,64,64,100,0,0.20000000000000001,0,750,0.31374470799999998,203.98750438844056,0,64,0,0,0,0,0,19438.438000000002,27248.537499999977,27863.680210000002,220.1875,21813.674999999996,24406.911129999989,64,0,16,16,0,64,0,48,0,0,0,1
strict-hot-k100-e200000-g750-w4,hot,21,117,45022,weak,4,64,64,100,0.20000000000000001,0.20000000000000001,20,750,0.20389341599999999,313.88948822163047,64,0,20,1,11756.832999999999,18401.676799999997,19304.539789999999,0,0,0,233.04149999999998,14841.964349999991,18085.383419999998,64,0,3,3,0,60,3,48,3,3,0,1
stable-hot-k50-for-e200000-g750-w4,hot,21,117,45022,stable,4,64,64,50,0,0.20000000000000001,0,750,0.33965733300000001,188.42519734440711,0,64,0,0,0,0,0,19818.291499999999,35948.243749999943,37434.489459999997,116.729,19851.487449999997,28582.536039999966,64,0,16,16,0,64,0,48,0,0,0,1
strict-hot-k50-e200000-g750-w4,hot,21,117,45022,weak,4,64,64,50,0.20000000000000001,0.20000000000000001,10,750,0.17145095799999999,373.28458672129443,64,0,10,1,9618.5835000000006,16423.456200000001,16922.79754,0,0,0,131.70850000000002,12574.723299999996,15096.150039999999,64,0,6,6,0,60,6,48,6,6,0,1
stable-random-k50-for-e200000-g750-w4,random,21,117,9022,stable,4,64,64,50,0,0.20000000000000001,0,750,0.25822050000000002,247.85019005075117,0,64,0,0,0,0,0,15805.832999999999,26135.906249999978,26785.395380000002,170.62450000000001,17929.243649999997,23356.882209999989,64,0,16,16,0,64,0,48,0,0,0,1
strict-random-k50-e200000-g750-w4,random,21,117,9022,weak,4,64,64,50,0.20000000000000001,0.20000000000000001,10,750,0.22145925,288.99221865873744,64,0,10,1,12082.875,22759.231149999981,23836.520039999999,0,0,0,142.66649999999998,16196.301699999996,20290.598629999989,64,0,6,6,0,60,6,48,6,6,0,1
stable-hot-k20-for-e200000-g750-w4,hot,21,117,45022,stable,4,64,64,20,0,0.20000000000000001,0,750,0.32421408299999999,197.40043186217792,0,64,0,0,0,0,0,19839.332999999999,27819.000049999988,28263.612829999998,77.375,21663.606199999995,25644.631249999995,64,0,16,16,0,64,0,48,0,0,0,1
strict-hot-k20-e200000-g750-w4,hot,21,117,45022,weak,4,64,64,20,0.20000000000000001,0.20000000000000001,4,750,0.30818762500000002,207.66570364400582,64,0,4,1,18165.354500000001,28601.748099999997,30014.588749999999,0,0,0,72.853999999999999,20715.548200000001,28130.700749999996,64,0,15,15,0,60,15,48,15,15,0,1
stable-hot-k10-for-e200000-g750-w4,hot,21,117,45022,stable,4,64,64,10,0,0.20000000000000001,0,750,0.209152791,305.99639476003932,0,64,0,0,0,0,0,11321.562,26190.346399999944,27728.079170000001,56.5,10757.568849999994,14681.99721,64,0,16,16,0,64,0,48,0,0,0,1
strict-hot-k10-e200000-g750-w4,hot,21,117,45022,weak,4,64,64,10,0.20000000000000001,0.20000000000000001,2,750,0.486377,131.58516952898677,64,0,2,1,29394.811999999998,39965.784849999996,48285.491579999994,0,0,0,70.041499999999999,33212.946499999998,39821.891079999987,64,0,31,31,0,62,31,48,31,31,0,1
strict-hot-k100-e200000-g750-w4,hot,22,100,45023,weak,4,64,64,100,0.20000000000000001,0.20000000000000001,20,750,0.23540029200000001,271.87731780723533,64,0,20,1,12238.228999999999,23991.954449999997,31633.545120000002,0,0,0,168.4375,14999.958899999987,25200.981579999981,64,0,3,3,0,60,3,48,3,3,0,1
stable-hot-k100-for-e200000-g750-w4,hot,22,100,45023,stable,4,64,64,100,0,0.20000000000000001,0,750,0.37417787499999999,171.0416469707088,0,64,0,0,0,0,0,21847.957999999999,35003.968799999973,35735.833250000003,169.66649999999998,24512.475049999994,31591.932459999985,64,0,16,16,0,64,0,48,0,0,0,1
strict-hot-k20-e200000-g750-w4,hot,22,100,45023,weak,4,64,64,20,0.20000000000000001,0.20000000000000001,4,750,0.26050262499999999,245.67890630660634,64,0,4,1,13269.604499999999,27591.627699999997,29926.343959999995,0,0,0,46.625500000000002,18882.185599999979,22727.483579999986,64,0,15,15,0,60,15,48,15,15,0,1
stable-hot-k20-for-e200000-g750-w4,hot,22,100,45023,stable,4,64,64,20,0,0.20000000000000001,0,750,0.30323624999999998,211.05656068494451,0,64,0,0,0,0,0,18963.5,28782.485649999999,28809.32,58.75,19998.822299999996,27676.42179,64,0,16,16,0,64,0,48,0,0,0,1
stable-random-k50-for-e200000-g750-w4,random,22,100,9023,stable,4,64,64,50,0,0.20000000000000001,0,750,0.34665008400000002,184.62421604374975,0,64,0,0,0,0,0,20650.6875,27474.162449999989,27783.139289999999,140.375,22292.627649999988,25803.356789999994,64,0,16,16,0,64,0,48,0,0,0,1
strict-random-k50-e200000-g750-w4,random,22,100,9023,weak,4,64,64,50,0.20000000000000001,0.20000000000000001,10,750,0.21778112499999999,293.8730342218592,64,0,10,1,11492.896500000001,18154.922350000001,18358.975539999999,0,0,0,179.08350000000002,17037.475049999997,17351.881959999999,64,0,6,6,0,60,6,48,6,6,0,1
strict-random-k10-e200000-g750-w4,random,22,100,9023,weak,4,64,64,10,0.20000000000000001,0.20000000000000001,2,750,0.477455458,134.04391745376174,64,0,2,1,31188.708500000001,39612.579400000002,40489.444499999998,0,0,0,80.25,35104.673149999995,39410.70721,64,0,31,31,0,62,31,48,31,31,0,1
stable-random-k10-for-e200000-g750-w4,random,22,100,9023,stable,4,64,64,10,0,0.20000000000000001,0,750,0.30785541700000002,207.88979652743936,0,64,0,0,0,0,0,19638.895499999999,24091.537499999977,24709.00604,67.979500000000002,18733.483,20788.342209999988,64,0,16,16,0,64,0,48,0,0,0,1
stable-random-k100-for-e200000-g750-w4,random,22,100,9023,stable,4,64,64,100,0,0.20000000000000001,0,750,0.390385708,163.94042786013057,0,64,0,0,0,0,0,20683.0625,43817.870649999961,44904.011290000002,247.1045,28280.866899999979,39533.394459999981,64,0,16,16,0,64,0,48,0,0,0,1
strict-random-k100-e200000-g750-w4,random,22,100,9023,weak,4,64,64,100,0.20000000000000001,0.20000000000000001,20,750,0.21234845799999999,301.39140449986223,64,0,20,1,11921.4375,20997.343799999999,22753.000749999996,0,0,0,120.417,15736.26254999999,19827.909579999989,64,0,3,3,0,60,3,48,3,3,0,1
stable-hot-k50-for-e200000-g750-w4,hot,22,100,45023,stable,4,64,64,50,0,0.20000000000000001,0,750,0.305435542,209.53684558426406,0,64,0,0,0,0,0,16950.8125,36012.800099999935,37856.015999999996,151.22899999999998,18707.893799999998,29301.502829999969,64,0,16,16,0,64,0,48,0,0,0,1
strict-hot-k50-e200000-g750-w4,hot,22,100,45023,weak,4,64,64,50,0.20000000000000001,0.20000000000000001,10,750,0.251306584,254.66901416319439,64,0,10,1,13871.8745,23261.937549999999,24101.741579999998,0,0,0,168.0215,18390.716949999995,20861.482499999991,64,0,6,6,0,60,6,48,6,6,0,1
stable-random-k20-for-e200000-g750-w4,random,22,100,9023,stable,4,64,64,20,0,0.20000000000000001,0,750,0.363085459,176.26704240997984,0,64,0,0,0,0,0,21387.166499999999,32516.385749999969,33412.057079999999,72.645499999999998,23228.081299999991,27583.629289999979,64,0,16,16,0,64,0,48,0,0,0,1
strict-random-k20-e200000-g750-w4,random,22,100,9023,weak,4,64,64,20,0.20000000000000001,0.20000000000000001,4,750,0.34496483300000003,185.52615767648408,64,0,4,1,21681.833500000001,32426.283049999987,34624.579879999998,0,0,0,101.146,25556.228650000001,28496.113789999996,64,0,15,15,0,60,15,48,15,15,0,1
strict-hot-k10-e200000-g750-w4,hot,22,100,45023,weak,4,64,64,10,0.20000000000000001,0.20000000000000001,2,750,0.46725666700000001,136.96968822490874,64,0,2,1,29341.375,35732.693749999999,36330.549999999996,0,0,0,69.124499999999998,31433.004449999997,34599.042119999998,64,0,31,31,0,62,31,48,31,31,0,1
stable-hot-k10-for-e200000-g750-w4,hot,22,100,45023,stable,4,64,64,10,0,0.20000000000000001,0,750,0.36634654100000003,174.69797810920232,0,64,0,0,0,0,0,21336.6875,29556.874899999995,29721.035960000001,82.103999999999999,26116.735649999995,27215.030499999997,64,0,16,16,0,64,0,48,0,0,0,1
strict-random-k100-e200000-g750-w4,random,23,117,9024,weak,4,64,64,100,0.20000000000000001,0.20000000000000001,20,750,0.2267245,282.28091803047312,64,0,20,1,11893.645500000001,24099.296399999999,24875.119459999998,0,0,0,201.89600000000002,16736.299999999981,22501.644079999995,64,0,3,3,0,60,3,48,3,3,0,1
stable-random-k100-for-e200000-g750-w4,random,23,117,9024,stable,4,64,64,100,0,0.20000000000000001,0,750,0.27949162500000002,228.987183426337,0,64,0,0,0,0,0,15302.313,30070.662449999971,30856.69125,218.1045,18982.201799999999,26841.277709999988,64,0,16,16,0,64,0,48,0,0,0,1
stable-random-k10-for-e200000-g750-w4,random,23,117,9024,stable,4,64,64,10,0,0.20000000000000001,0,750,0.32323308299999998,197.99953459590645,0,64,0,0,0,0,0,18827.229500000001,30585.448249999994,30757.60125,53.042000000000002,20923.716999999993,25404.470829999984,64,0,17,17,0,64,0,47,0,0,0,1
strict-random-k10-e200000-g750-w4,random,23,117,9024,weak,4,64,64,10,0.20000000000000001,0.20000000000000001,2,750,0.42357183300000001,151.09597714916987,64,0,2,1,26924.041499999999,37060.956249999981,44001.389709999996,0,0,0,58.8125,28657.318799999997,35754.865499999956,64,0,31,31,0,62,31,48,31,31,0,1
strict-random-k50-e200000-g750-w4,random,23,117,9024,weak,4,64,64,50,0.20000000000000001,0.20000000000000001,10,750,0.25675579199999998,249.26409449801235,64,0,10,1,13423.708000000001,26987.218649999999,34471.98446,0,0,0,153.64600000000002,19156.454399999995,29013.006579999979,64,0,6,6,0,60,6,48,6,6,0,1
stable-random-k50-for-e200000-g750-w4,random,23,117,9024,stable,4,64,64,50,0,0.20000000000000001,0,750,0.34922104199999998,183.26501643048189,0,64,0,0,0,0,0,20255.3125,32446.616949999985,32912.738539999998,104.1045,21615.41254999999,30064.307669999991,64,0,16,16,0,64,0,48,0,0,0,1
strict-hot-k100-e200000-g750-w4,hot,23,117,45024,weak,4,64,64,100,0.20000000000000001,0.20000000000000001,20,750,0.220500791,290.24839189805897,64,0,20,1,11465.3125,28204.578600000001,28400.456630000001,0,0,0,231.3125,12372.718849999994,27473.428959999997,64,0,3,3,0,60,3,48,3,3,0,1
stable-hot-k100-for-e200000-g750-w4,hot,23,117,45024,stable,4,64,64,100,0,0.20000000000000001,0,750,0.36237975,176.61031004077904,0,64,0,0,0,0,0,21264.707999999999,32422.539299999989,32729.429,153.625,24364.258949999992,30684.683209999996,64,0,16,16,0,64,0,48,0,0,0,1
stable-hot-k10-for-e200000-g750-w4,hot,23,117,45024,stable,4,64,64,10,0,0.20000000000000001,0,750,0.36718716699999998,174.29803041019679,0,64,0,0,0,0,0,20761.520499999999,32803.884849999995,32950.498919999998,50.729500000000002,24148.104549999975,31429.941129999996,64,0,16,16,0,64,0,48,0,0,0,1
strict-hot-k10-e200000-g750-w4,hot,23,117,45024,weak,4,64,64,10,0.20000000000000001,0.20000000000000001,2,750,0.36235837500000001,176.62072802926107,64,0,2,1,20088.625,30654.4643,47429.396999999997,0,0,0,33.5,21575.137499999986,24263.379669999995,64,0,31,31,0,62,31,48,31,31,0,1
strict-hot-k20-e200000-g750-w4,hot,23,117,45024,weak,4,64,64,20,0.20000000000000001,0.20000000000000001,4,750,0.31567079199999998,202.74286257057321,64,0,4,1,19650.375500000002,22506.368849999999,23493.77475,0,0,0,98.729500000000002,20944.609749999992,22016.288749999996,64,0,15,15,0,60,15,48,15,15,0,1
stable-hot-k20-for-e200000-g750-w4,hot,23,117,45024,stable,4,64,64,20,0,0.20000000000000001,0,750,0.30314354100000002,211.1211071457399,0,64,0,0,0,0,0,17805.978999999999,30207.350049999979,30903.782169999999,59.042000000000002,21314.801699999971,27339.253749999989,64,0,16,16,0,64,0,48,0,0,0,1
stable-hot-k50-for-e200000-g750-w4,hot,23,117,45024,stable,4,64,64,50,0,0.20000000000000001,0,750,0.28513645799999998,224.45393496471084,0,64,0,0,0,0,0,18492.666499999999,25780.598199999997,25922.437250000003,144.1455,19467.712449999995,24340.915209999999,64,0,16,16,0,64,0,48,0,0,0,1
strict-hot-k50-e200000-g750-w4,hot,23,117,45024,weak,4,64,64,50,0.20000000000000001,0.20000000000000001,10,750,0.24638433400000001,259.75677495794031,64,0,10,1,14759.917000000001,25939.989399999999,32649.624789999994,0,0,0,138.6455,18571.131249999991,26345.668959999981,64,0,6,6,0,60,6,48,6,6,0,1
strict-random-k20-e200000-g750-w4,random,23,117,9024,weak,4,64,64,20,0.20000000000000001,0.20000000000000001,4,750,0.38713345799999999,165.31766675666665,64,0,4,1,21129.021000000001,36583.914199999999,38905.424460000002,0,0,0,106.375,28776.0062,35086.833539999985,64,0,15,15,0,60,15,48,15,15,0,1
stable-random-k20-for-e200000-g750-w4,random,23,117,9024,stable,4,64,64,20,0,0.20000000000000001,0,750,0.37108195900000002,172.46863785151032,0,64,0,0,0,0,0,22029.603999999999,32404.734849999979,32934.528209999997,96.1875,24317.708899999991,29911.754789999992,64,0,16,16,0,64,0,48,0,0,0,1
stable-random-k100-for-e200000-g750-w4,random,24,100,9025,stable,4,64,64,100,0,0.20000000000000001,0,750,0.37111024999999997,172.4554899790561,0,64,0,0,0,0,0,21277.25,33451.403699999995,33698.806039999996,191.56200000000001,27448.146299999997,32409.58179,64,0,16,16,0,64,0,48,0,0,0,1
strict-random-k100-e200000-g750-w4,random,24,100,9025,weak,4,64,64,100,0.20000000000000001,0.20000000000000001,20,750,0.18155133400000001,352.5173767106553,64,0,20,1,9445.5419999999995,18757.332999999995,19005.784169999999,0,0,0,243.77100000000002,12780.402599999999,17468.807079999999,64,0,3,3,0,60,3,48,3,3,0,1
stable-hot-k50-for-e200000-g750-w4,hot,24,100,45025,stable,4,64,64,50,0,0.20000000000000001,0,750,0.36319704200000003,176.21288887038898,0,64,0,0,0,0,0,21404.625,32366.181199999981,32850.998,156.8125,23723.914299999993,29672.021289999993,64,0,16,16,0,64,0,48,0,0,0,1
strict-hot-k50-e200000-g750-w4,hot,24,100,45025,weak,4,64,64,50,0.20000000000000001,0.20000000000000001,10,750,0.23545074999999999,271.81905345385394,64,0,10,1,11812.041999999999,27719.778699999973,28548.303960000001,0,0,0,127.8125,17407.432949999995,24360.112289999983,64,0,6,6,0,60,6,48,6,6,0,1
stable-hot-k20-for-e200000-g750-w4,hot,24,100,45025,stable,4,64,64,20,0,0.20000000000000001,0,750,0.290659416,220.18897884250893,0,64,0,0,0,0,0,19787.4375,27163.753549999979,27780.716039999999,89.791499999999999,19458.837499999998,24167.100749999991,64,0,16,16,0,64,0,48,0,0,0,1
strict-hot-k20-e200000-g750-w4,hot,24,100,45025,weak,4,64,64,20,0.20000000000000001,0.20000000000000001,4,750,0.230010875,278.24771328746954,64,0,4,1,14405.583500000001,21269.712599999988,22661.693039999998,0,0,0,16.000500000000002,12372.265199999998,17082.218539999994,64,0,15,15,0,60,15,48,15,15,0,1
strict-hot-k10-e200000-g750-w4,hot,24,100,45025,weak,4,64,64,10,0.20000000000000001,0.20000000000000001,2,750,0.46041775000000001,139.00419781817706,64,0,2,1,28310.270499999999,42528.264249999957,48843.266369999998,0,0,0,88.791499999999999,29672.767049999995,38838.728579999966,64,0,31,31,0,62,31,48,31,31,0,1
stable-hot-k10-for-e200000-g750-w4,hot,24,100,45025,stable,4,64,64,10,0,0.20000000000000001,0,750,0.26528962499999997,241.24577054228942,0,64,0,0,0,0,0,15985.354499999999,20393.87509999999,20690.651460000001,33.646000000000001,16542.933149999993,18372.163959999998,64,0,16,16,0,64,0,48,0,0,0,1
strict-random-k20-e200000-g750-w4,random,24,100,9025,weak,4,64,64,20,0.20000000000000001,0.20000000000000001,4,750,0.24644733299999999,259.69037368320801,64,0,4,1,15716.228999999999,20191.927649999998,20589.90667,0,0,0,74.208500000000001,17241.720649999992,19262.824500000002,64,0,15,15,0,60,15,48,15,15,0,1
stable-random-k20-for-e200000-g750-w4,random,24,100,9025,stable,4,64,64,20,0,0.20000000000000001,0,750,0.305296083,209.63256184325169,0,64,0,0,0,0,0,18669.791499999999,28048.016899999973,28820.628369999999,87.5,20290.63749999999,24745.574249999987,64,0,16,16,0,64,0,48,0,0,0,1
stable-random-k50-for-e200000-g750-w4,random,24,100,9025,stable,4,64,64,50,0,0.20000000000000001,0,750,0.38590887499999998,165.84226004131156,0,64,0,0,0,0,0,22827.167000000001,34206.098299999976,34827.875919999999,172.72899999999998,26188.739249999984,31595.94091999999,64,0,16,16,0,64,0,48,0,0,0,1
strict-random-k50-e200000-g750-w4,random,24,100,9025,weak,4,64,64,50,0.20000000000000001,0.20000000000000001,10,750,0.27221387499999999,235.10925003363624,64,0,10,1,16988.541499999999,24755.116150000002,31190.035329999999,0,0,0,174.208,19126.968849999997,26579.807079999984,64,0,6,6,0,60,6,48,6,6,0,1
stable-random-k10-for-e200000-g750-w4,random,24,100,9025,stable,4,64,64,10,0,0.20000000000000001,0,750,0.34416337499999999,185.95819499968584,0,64,0,0,0,0,0,19878.978999999999,32118.18124999998,32717.43375,54.624499999999998,20109.170649999989,24110.526289999987,64,0,16,16,0,64,0,48,0,0,0,1
strict-random-k10-e200000-g750-w4,random,24,100,9025,weak,4,64,64,10,0.20000000000000001,0.20000000000000001,2,750,0.53577658299999997,119.45277571043079,64,0,2,1,34272.375,40488.566899999998,44369.475499999993,0,0,0,88.8125,35956.168799999999,39109.625329999981,64,0,31,31,0,62,31,48,31,31,0,1
strict-hot-k100-e200000-g750-w4,hot,24,100,45025,weak,4,64,64,100,0.20000000000000001,0.20000000000000001,20,750,0.20080445799999999,318.71802368053005,64,0,20,1,11242.478999999999,18063.723249999999,18689.657289999999,0,0,0,180.416,14229.421399999985,17223.262999999995,64,0,3,3,0,60,3,48,3,3,0,1
stable-hot-k100-for-e200000-g750-w4,hot,24,100,45025,stable,4,64,64,100,0,0.20000000000000001,0,750,0.27008891600000001,236.95900204953244,0,64,0,0,0,0,0,16807.25,24213.539249999983,24656.91762,238.75,18241.787499999999,21978.278249999996,64,0,16,16,0,64,0,48,0,0,0,1
stable-hot-k50-for-e200000-g750-w4,hot,25,117,45026,stable,4,64,64,50,0,0.20000000000000001,0,750,0.351280125,182.1907800790039,0,64,0,0,0,0,0,20692.1875,30111.07234999998,30727.403040000001,119.7295,22889.212499999998,27364.843039999989,64,0,16,16,0,64,0,48,0,0,0,1
strict-hot-k50-e200000-g750-w4,hot,25,117,45026,weak,4,64,64,50,0.20000000000000001,0.20000000000000001,10,750,0.21384820800000001,299.27770075117951,64,0,10,1,11246.645499999999,18977.515099999997,19359.12283,0,0,0,124.917,16980.440099999993,18276.32429,64,0,6,6,0,60,6,48,6,6,0,1
strict-random-k100-e200000-g750-w4,random,25,117,9026,weak,4,64,64,100,0.20000000000000001,0.20000000000000001,20,750,0.24835441699999999,257.69624222145404,64,0,20,1,13547.9375,23868.474999999999,25709.271419999997,0,0,0,232.25,15437.709849999997,21984.210379999986,64,0,3,3,0,60,3,48,3,3,0,1
stable-random-k100-for-e200000-g750-w4,random,25,117,9026,stable,4,64,64,100,0,0.20000000000000001,0,750,0.25633608299999999,249.67222425724592,0,64,0,0,0,0,0,14913.478999999999,20799.779450000002,20837.23358,127.0415,15012.618799999998,18688.687669999996,64,0,16,16,0,64,0,48,0,0,0,1
strict-random-k50-e200000-g750-w4,random,25,117,9026,weak,4,64,64,50,0.20000000000000001,0.20000000000000001,10,750,0.18714741700000001,341.97640034753994,64,0,10,1,11183.896000000001,17082.962499999998,17601.732,0,0,0,131.72899999999998,12282.758999999998,16256.108749999998,64,0,6,6,0,60,6,47,6,6,0,1
stable-random-k50-for-e200000-g750-w4,random,25,117,9026,stable,4,64,64,50,0,0.20000000000000001,0,750,0.35437179200000002,180.6012821697727,0,64,0,0,0,0,0,20811.188000000002,29667.923149999995,29845.87283,159.5205,26816.6044,27604.681039999999,64,0,16,16,0,64,0,48,0,0,0,1
stable-hot-k10-for-e200000-g750-w4,hot,25,117,45026,stable,4,64,64,10,0,0.20000000000000001,0,750,0.29640345800000001,215.921907361823,0,64,0,0,0,0,0,18272.5,26736.553649999998,26850.487710000001,50.582999999999998,17523.500099999997,21219.928959999983,64,0,16,16,0,64,0,48,0,0,0,1
strict-hot-k10-e200000-g750-w4,hot,25,117,45026,weak,4,64,64,10,0.20000000000000001,0.20000000000000001,2,750,0.50681333299999998,126.27923504135595,64,0,2,1,29482.666499999999,50263.439349999993,62921.412709999982,0,0,0,81.042000000000002,35091.552549999986,50971.27657999994,64,0,31,31,0,62,31,48,31,31,0,1
strict-hot-k20-e200000-g750-w4,hot,25,117,45026,weak,4,64,64,20,0.20000000000000001,0.20000000000000001,4,750,0.290040625,220.65874392595865,64,0,4,1,15907.583500000001,38577.787449999967,46543.301539999986,0,0,0,73.958500000000001,23811.441050000001,35135.127709999986,64,0,15,15,0,60,15,48,15,15,0,1
stable-hot-k20-for-e200000-g750-w4,hot,25,117,45026,stable,4,64,64,20,0,0.20000000000000001,0,750,0.23791837499999999,268.99981979113636,0,64,0,0,0,0,0,11698.478999999999,26242.483149999982,26750.742119999999,77.4375,13354.195499999994,22695.325959999987,64,0,16,16,0,64,0,48,0,0,0,1
stable-random-k20-for-e200000-g750-w4,random,25,117,9026,stable,4,64,64,20,0,0.20000000000000001,0,750,0.34050470799999999,187.95628517418328,0,64,0,0,0,0,0,20926.854500000001,30818.908049999958,31931.91908,64.979500000000002,23003.856199999998,26323.90399999998,64,0,16,16,0,64,0,48,0,0,0,1
strict-random-k20-e200000-g750-w4,random,25,117,9026,weak,4,64,64,20,0.20000000000000001,0.20000000000000001,4,750,0.18499012500000001,345.96441296528667,64,0,4,1,11888.228999999999,15378.632950000001,15713.69125,0,0,0,72.146000000000001,11969.487449999997,13376.233709999995,64,0,15,15,0,60,15,48,15,15,0,1
stable-random-k10-for-e200000-g750-w4,random,25,117,9026,stable,4,64,64,10,0,0.20000000000000001,0,750,0.206808625,309.464849447164,0,64,0,0,0,0,0,12136.333000000001,16935.825000000001,17001.915540000002,61.561999999999998,13343.520549999996,15572.715379999998,64,0,16,16,0,64,0,48,0,0,0,1
strict-random-k10-e200000-g750-w4,random,25,117,9026,weak,4,64,64,10,0.20000000000000001,0.20000000000000001,2,750,0.50779450000000004,126.03523669515916,64,0,2,1,32500.457999999999,39878.724999999999,42650.096959999995,0,0,0,74.541499999999999,34767.582999999999,35597.439829999996,64,0,31,31,0,62,31,48,31,31,0,1
strict-hot-k100-e200000-g750-w4,hot,25,117,45026,weak,4,64,64,100,0.20000000000000001,0.20000000000000001,20,750,0.27062425000000001,236.49026279056662,64,0,20,1,14474.228999999999,27542.404499999997,28973.031789999997,0,0,0,231.9795,21260.660699999986,25428.143539999997,64,0,3,3,0,60,3,48,3,3,0,1
stable-hot-k100-for-e200000-g750-w4,hot,25,117,45026,stable,4,64,64,100,0,0.20000000000000001,0,750,0.34241470899999998,186.90785856398477,0,64,0,0,0,0,0,20315.353999999999,26665.991049999997,26869.483369999998,202.08350000000002,22378.500049999999,25423.566959999996,64,0,16,16,0,64,0,48,0,0,0,1
strict-random-k100-e200000-g750-w4,random,26,100,9027,weak,4,64,64,100,0.20000000000000001,0.20000000000000001,20,750,0.17255599999999999,370.89408655740749,64,0,20,1,9765.2914999999994,16676.450000000001,18025.020539999998,0,0,0,213.9795,11674.602650000001,15907.79175,64,0,3,3,0,60,3,48,3,3,0,1
stable-random-k100-for-e200000-g750-w4,random,26,100,9027,stable,4,64,64,100,0,0.20000000000000001,0,750,0.30892545799999999,207.16971794535627,0,64,0,0,0,0,0,16841.0625,31381.057949999988,31751.917289999998,129.25,18824.356349999995,29514.027709999998,64,0,16,16,0,64,0,48,0,0,0,1
stable-hot-k20-for-e200000-g750-w4,hot,26,100,45027,stable,4,64,64,20,0,0.20000000000000001,0,750,0.38813329099999999,164.89180774756062,0,64,0,0,0,0,0,20812.582999999999,40989.76874999993,42824.876459999999,71.603999999999999,24668.550049999994,27400.310379999992,64,0,16,16,0,64,0,48,0,0,0,1
strict-hot-k20-e200000-g750-w4,hot,26,100,45027,weak,4,64,64,20,0.20000000000000001,0.20000000000000001,4,750,0.21463158299999999,298.18537936236532,64,0,4,1,13488.770500000001,20909.439199999997,21557.18533,0,0,0,59.1875,15737.449899999991,18627.257079999996,64,0,15,15,0,60,15,48,15,15,0,1
strict-hot-k10-e200000-g750-w4,hot,26,100,45027,weak,4,64,64,10,0.20000000000000001,0.20000000000000001,2,750,0.50889895799999996,125.76170376045455,64,0,2,1,29558.645499999999,45091.645599999996,46992.481419999996,0,0,0,65.229500000000002,37396.833049999994,39731.426039999984,64,0,31,31,0,62,31,48,31,31,0,1
stable-hot-k10-for-e200000-g750-w4,hot,26,100,45027,stable,4,64,64,10,0,0.20000000000000001,0,750,0.37309383299999999,171.53861666751271,0,64,0,0,0,0,0,19845.729500000001,35968.059849999998,36037.136789999997,64.542000000000002,24426.714349999987,32422.60178999999,64,0,16,16,0,64,0,48,0,0,0,1
stable-random-k10-for-e200000-g750-w4,random,26,100,9027,stable,4,64,64,10,0,0.20000000000000001,0,750,0.26109450000000001,245.12197690874376,0,64,0,0,0,0,0,17274.166499999999,21687.242049999997,21872.400750000001,60.353999999999999,17054.068799999997,19910.846079999996,64,0,16,16,0,64,0,48,0,0,0,1
strict-random-k10-e200000-g750-w4,random,26,100,9027,weak,4,64,64,10,0.20000000000000001,0.20000000000000001,2,750,0.47783595899999998,133.9371782189377,64,0,2,1,28509.395499999999,46171.074949999973,62654.810539999991,0,0,0,67.208500000000001,34246.460749999977,42955.50428999999,64,0,31,31,0,62,31,48,31,31,0,1
stable-random-k50-for-e200000-g750-w4,random,26,100,9027,stable,4,64,64,50,0,0.20000000000000001,0,750,0.287136167,222.89076527235247,0,64,0,0,0,0,0,17665.875,30612.366949999981,31417.173209999997,153.833,21157.881199999985,27987.031249999989,64,0,16,16,0,64,0,48,0,0,0,1
strict-random-k50-e200000-g750-w4,random,26,100,9027,weak,4,64,64,50,0.20000000000000001,0.20000000000000001,10,750,0.25598866599999998,250.01106884943104,64,0,10,1,12989.021000000001,32035.156299999981,42029.665289999968,0,0,0,168.0205,16974.101849999995,33156.64074999994,64,0,6,6,0,60,6,48,6,6,0,1
stable-hot-k50-for-e200000-g750-w4,hot,26,100,45027,stable,4,64,64,50,0,0.20000000000000001,0,750,0.37224029199999997,171.93195195537834,0,64,0,0,0,0,0,21035.770499999999,43325.918799999941,44841.812460000001,164.4795,26828.802649999998,37626.774999999972,64,0,16,16,0,64,0,48,0,0,0,1
strict-hot-k50-e200000-g750-w4,hot,26,100,45027,weak,4,64,64,50,0.20000000000000001,0.20000000000000001,10,750,0.22803662499999999,280.65667083083696,64,0,10,1,11721.770499999999,24958.643799999998,25351.519959999998,0,0,0,158.79149999999998,16897.485749999996,24148.722000000002,64,0,6,6,0,60,6,48,6,6,0,1
strict-hot-k100-e200000-g750-w4,hot,26,100,45027,weak,4,64,64,100,0.20000000000000001,0.20000000000000001,20,750,0.15723504099999999,407.0339511661399,64,0,20,1,8124.2289999999994,16593.022300000001,17525.351999999999,0,0,0,173.25,11732.737499999996,16362.680869999997,64,0,3,3,0,60,3,48,3,3,0,1
stable-hot-k100-for-e200000-g750-w4,hot,26,100,45027,stable,4,64,64,100,0,0.20000000000000001,0,750,0.313617125,204.07048881657849,0,64,0,0,0,0,0,17663.708500000001,31422.51869999999,31703.78858,233.75,25240.233899999988,29687.487709999998,64,0,16,16,0,64,0,48,0,0,0,1
stable-random-k20-for-e200000-g750-w4,random,26,100,9027,stable,4,64,64,20,0,0.20000000000000001,0,750,0.31826691600000001,201.08907581207717,0,64,0,0,0,0,0,18326.853999999999,35596.843849999932,37319.983630000002,68.666499999999999,18829.31695,27897.706459999979,64,0,16,16,0,64,0,48,0,0,0,1
strict-random-k20-e200000-g750-w4,random,26,100,9027,weak,4,64,64,20,0.20000000000000001,0.20000000000000001,4,750,0.26864175000000001,238.23549392452958,64,0,4,1,15369.437,23850.887499999979,24868.50979,0,0,0,67.103999999999999,18481.949999999997,21204.744669999989,64,0,15,15,0,60,15,48,15,15,0,1
strict-hot-k10-e200000-g750-w4,hot,27,117,45028,weak,4,64,64,10,0.20000000000000001,0.20000000000000001,2,750,0.40725504200000001,157.14968115729306,64,0,2,1,22616.875,45548.335699999996,51068.512829999992,0,0,0,61.250500000000002,26516.793749999997,43341.815749999965,64,0,31,31,0,62,31,48,31,31,0,1
stable-hot-k10-for-e200000-g750-w4,hot,27,117,45028,stable,4,64,64,10,0,0.20000000000000001,0,750,0.215246875,297.33300425383641,0,64,0,0,0,0,0,12871.5,17544.729399999989,17914.854289999999,10.5625,11663.731249999999,13564.157919999996,64,0,16,16,0,64,0,48,0,0,0,1
stable-hot-k50-for-e200000-g750-w4,hot,27,117,45028,stable,4,64,64,50,0,0.20000000000000001,0,750,0.30436470900000001,210.27404987350224,0,64,0,0,0,0,0,17939.021000000001,26833.271499999995,27052.445920000002,166.43700000000001,18568.06695,25726.467000000001,64,0,16,16,0,64,0,48,0,0,0,1
strict-hot-k50-e200000-g750-w4,hot,27,117,45028,weak,4,64,64,50,0.20000000000000001,0.20000000000000001,10,750,0.249498792,256.51426801296896,64,0,10,1,12283.603999999999,25235.933049999996,26505.39517,0,0,0,121.604,19737.060750000001,24604.006249999995,64,0,6,6,0,60,6,48,6,6,0,1
strict-random-k50-e200000-g750-w4,random,27,117,9028,weak,4,64,64,50,0.20000000000000001,0.20000000000000001,10,750,0.21371279200000001,299.46733371018797,64,0,10,1,11826.583000000001,22097.941050000001,22780.483249999997,0,0,0,68.833500000000001,14487.508899999997,17466.316579999992,64,0,6,6,0,60,6,48,6,6,0,1
stable-random-k50-for-e200000-g750-w4,random,27,117,9028,stable,4,64,64,50,0,0.20000000000000001,0,750,0.35316141600000001,181.22024972286326,0,64,0,0,0,0,0,20147.020499999999,35414.634749999947,36776.526080000003,150.10399999999998,23102.216899999981,30220.993039999976,64,0,16,16,0,64,0,48,0,0,0,1
strict-hot-k100-e200000-g750-w4,hot,27,117,45028,weak,4,64,64,100,0.20000000000000001,0.20000000000000001,20,750,0.225016834,284.42316453532538,64,0,20,1,11320.457999999999,25498.451849999998,30979.35267,0,0,0,153.06200000000001,11768.818749999995,26834.735209999988,64,0,3,3,0,60,3,48,3,3,0,1
stable-hot-k100-for-e200000-g750-w4,hot,27,117,45028,stable,4,64,64,100,0,0.20000000000000001,0,750,0.32755099999999998,195.38942027348415,0,64,0,0,0,0,0,19689.895499999999,31219.368699999985,31744.984789999999,221.58350000000002,22115.143649999998,29052.026789999993,64,0,16,16,0,64,0,48,0,0,0,1
strict-random-k20-e200000-g750-w4,random,27,117,9028,weak,4,64,64,20,0.20000000000000001,0.20000000000000001,4,750,0.29680158299999998,215.63227309336824,64,0,4,1,17803.125,24695.648150000001,27651.516540000001,0,0,0,79.6875,19974.953599999986,24253.953539999991,64,0,15,15,0,60,15,48,15,15,0,1
stable-random-k20-for-e200000-g750-w4,random,27,117,9028,stable,4,64,64,20,0,0.20000000000000001,0,750,0.27750487499999998,230.62657908261974,0,64,0,0,0,0,0,15812.354500000001,27103.226799999979,27735.006959999999,81.917000000000002,18091.68484999998,22361.967379999998,64,0,16,16,0,64,0,48,0,0,0,1
strict-random-k100-e200000-g750-w4,random,27,117,9028,weak,4,64,64,100,0.20000000000000001,0.20000000000000001,20,750,0.24367704200000001,262.64271543480078,64,0,20,1,12894.25,22508.914399999998,26338.709289999992,0,0,0,186.60399999999998,18232.051799999997,21857.780869999988,64,0,3,3,0,60,3,48,3,3,0,1
stable-random-k100-for-e200000-g750-w4,random,27,117,9028,stable,4,64,64,100,0,0.20000000000000001,0,750,0.31608491700000002,202.47723493873642,0,64,0,0,0,0,0,19268.604500000001,30340.370549999981,30810.958040000001,242.16649999999998,21707.265249999982,28227.578249999991,64,0,16,16,0,64,0,48,0,0,0,1
strict-hot-k20-e200000-g750-w4,hot,27,117,45028,weak,4,64,64,20,0.20000000000000001,0.20000000000000001,4,750,0.39392666700000001,162.46678725103928,64,0,4,1,24541.770499999999,35405.697299999993,39047.798749999994,0,0,0,103.2915,27714.941999999999,33027.741249999999,64,0,15,15,0,60,15,48,15,15,0,1
stable-hot-k20-for-e200000-g750-w4,hot,27,117,45028,stable,4,64,64,20,0,0.20000000000000001,0,750,0.32321462499999998,198.01084186707209,0,64,0,0,0,0,0,20242.916499999999,27924.010699999999,28024.014080000001,76.979500000000002,19812.266199999998,25532.166669999995,64,0,16,16,0,64,0,48,0,0,0,1
strict-random-k10-e200000-g750-w4,random,27,117,9028,weak,4,64,64,10,0.20000000000000001,0.20000000000000001,2,750,0.51458250000000005,124.37267104885998,64,0,2,1,32034.75,45333.215149999975,47990.984249999994,0,0,0,74.771000000000001,34930.868799999989,40785.824749999971,64,0,31,31,0,62,31,47,31,31,0,1
stable-random-k10-for-e200000-g750-w4,random,27,117,9028,stable,4,64,64,10,0,0.20000000000000001,0,750,0.340135042,188.16056006367023,0,64,0,0,0,0,0,19887.917000000001,36572.999999999956,37828.846749999997,48.271000000000001,19510.208849999985,29811.041459999971,64,0,16,16,0,64,0,48,0,0,0,1
stable-random-k20-for-e200000-g750-w4,random,28,100,9029,stable,4,64,64,20,0,0.20000000000000001,0,750,0.360109917,177.72351434576015,0,64,0,0,0,0,0,20915.228999999999,35410.872399999986,35835.718789999999,71.041499999999999,26519.077599999993,32834.522119999994,64,0,16,16,0,64,0,48,0,0,0,1
strict-random-k20-e200000-g750-w4,random,28,100,9029,weak,4,64,64,20,0.20000000000000001,0.20000000000000001,4,750,0.34018495900000001,188.13295034599105,64,0,4,1,19716.853999999999,31538.826799999988,32244.48271,0,0,0,96.021000000000001,23480.364249999991,28796.01407999999,64,0,15,15,0,60,15,48,15,15,0,1
strict-random-k50-e200000-g750-w4,random,28,100,9029,weak,4,64,64,50,0.20000000000000001,0.20000000000000001,10,750,0.23936716699999999,267.37167340916056,64,0,10,1,12244.8125,24369.541850000001,28848.544459999994,0,0,0,139.29149999999998,19834.152549999999,23134.264289999999,64,0,6,6,0,60,6,48,6,6,0,1
stable-random-k50-for-e200000-g750-w4,random,28,100,9029,stable,4,64,64,50,0,0.20000000000000001,0,750,0.31393454199999998,203.8641545854486,0,64,0,0,0,0,0,18301.854500000001,33234.606299999985,33705.781419999999,132.95850000000002,21589.109949999995,31024.135209999993,64,0,16,16,0,64,0,48,0,0,0,1
strict-hot-k100-e200000-g750-w4,hot,28,100,45029,weak,4,64,64,100,0.20000000000000001,0.20000000000000001,20,750,0.19808545899999999,323.09287275851989,64,0,20,1,12203.437,20684.045599999987,26399.63104,0,0,0,208.95850000000002,12423.626699999999,19568.993249999974,64,0,3,3,0,60,3,48,3,3,0,1
stable-hot-k100-for-e200000-g750-w4,hot,28,100,45029,stable,4,64,64,100,0,0.20000000000000001,0,750,0.30308412499999998,211.16249490137434,0,64,0,0,0,0,0,17312.208500000001,30400.771349999988,30708.23804,180.39600000000002,21646.885749999994,28091.9175,64,0,16,16,0,64,0,48,0,0,0,1
strict-hot-k50-e200000-g750-w4,hot,28,100,45029,weak,4,64,64,50,0.20000000000000001,0.20000000000000001,10,750,0.19469275,328.72307777254161,64,0,10,1,9319.3335000000006,19226.96875,20693.468960000002,0,0,0,123.646,15066.972299999996,19539.146629999999,64,0,6,6,0,60,6,48,6,6,0,1
stable-hot-k50-for-e200000-g750-w4,hot,28,100,45029,stable,4,64,64,50,0,0.20000000000000001,0,750,0.37142745900000002,172.30820837077638,0,64,0,0,0,0,0,19869.832999999999,35737.085749999998,35778.332170000001,153.4375,27727.308049999956,34930.882539999999,64,0,16,16,0,64,0,48,0,0,0,1
strict-random-k10-e200000-g750-w4,random,28,100,9029,weak,4,64,64,10,0.20000000000000001,0.20000000000000001,2,750,0.473649708,135.12095314117664,64,0,2,1,28885.604500000001,41024.659849999989,42762.326789999999,0,0,0,57.083500000000001,33255.76519999998,38941.181579999989,64,0,31,31,0,62,31,48,31,31,0,1
stable-random-k10-for-e200000-g750-w4,random,28,100,9029,stable,4,64,64,10,0,0.20000000000000001,0,750,0.32328425,197.96819671852248,0,64,0,0,0,0,0,19736.521000000001,33872.943749999962,34786.532670000001,58.625500000000002,18784.162550000001,23247.447329999995,64,0,16,16,0,64,0,48,0,0,0,1
stable-hot-k10-for-e200000-g750-w4,hot,28,100,45029,stable,4,64,64,10,0,0.20000000000000001,0,750,0.32542383400000002,196.66660309828441,0,64,0,0,0,0,0,19463.729500000001,34921.828649999967,35781.248579999999,67.854500000000002,20499.146399999994,30606.343749999985,64,0,16,16,0,64,0,48,0,0,0,1
strict-hot-k10-e200000-g750-w4,hot,28,100,45029,weak,4,64,64,10,0.20000000000000001,0.20000000000000001,2,750,0.41360366700000001,154.73750623202284,64,0,2,1,23843,40438.308049999985,41534.729830000004,0,0,0,60.395499999999998,27929.226699999974,34285.375709999986,64,0,31,31,0,62,31,48,31,31,0,1
stable-random-k100-for-e200000-g750-w4,random,28,100,9029,stable,4,64,64,100,0,0.20000000000000001,0,750,0.29765533399999999,215.01378503769732,0,64,0,0,0,0,0,16949.957999999999,31511.162449999974,32162.051960000001,212.64600000000002,20103.25,28618.772539999991,64,0,16,16,0,64,0,48,0,0,0,1
strict-random-k100-e200000-g750-w4,random,28,100,9029,weak,4,64,64,100,0.20000000000000001,0.20000000000000001,20,750,0.195767834,326.91785311370404,64,0,20,1,10974.6875,19162.926699999993,20705.811459999997,0,0,0,157.16649999999998,13070.300049999991,18142.102709999996,64,0,3,3,0,60,3,48,3,3,0,1
strict-hot-k20-e200000-g750-w4,hot,28,100,45029,weak,4,64,64,20,0.20000000000000001,0.20000000000000001,4,750,0.25942987499999998,246.69479565528067,64,0,4,1,15227.271000000001,33162.809799999923,39329.874710000004,0,0,0,101.25,17584.053499999987,25826.071579999967,64,0,15,15,0,60,15,48,15,15,0,1
stable-hot-k20-for-e200000-g750-w4,hot,28,100,45029,stable,4,64,64,20,0,0.20000000000000001,0,750,0.214751833,298.01841086031612,0,64,0,0,0,0,0,10917.957999999999,31089.389299999955,32259.45679,70.541499999999999,10627.718749999998,16805.487289999972,64,0,16,16,0,64,0,48,0,0,0,1
stable-hot-k100-for-e200000-g750-w4,hot,29,117,45030,stable,4,64,64,100,0,0.20000000000000001,0,750,0.28723954099999999,222.81054961022934,0,64,0,0,0,0,0,16765.8125,26357.441999999985,26805.41879,206.91649999999998,19027.864349999993,24044.44049999999,64,0,16,16,0,64,0,48,0,0,0,1
strict-hot-k100-e200000-g750-w4,hot,29,117,45030,weak,4,64,64,100,0.20000000000000001,0.20000000000000001,20,750,0.19076104199999999,335.49827223107746,64,0,20,1,8951.125,22411.114299999994,26257.072289999996,0,0,0,231.33350000000002,16812.472349999971,20663.923249999996,64,0,3,3,0,60,3,48,3,3,0,1
strict-hot-k10-e200000-g750-w4,hot,29,117,45030,weak,4,64,64,10,0.20000000000000001,0.20000000000000001,2,750,0.51523904200000004,124.2141894984736,64,0,2,1,30267.582999999999,46963.308999999994,52385.148539999987,0,0,0,59.020499999999998,33629.214299999992,47129.954999999994,64,0,31,31,0,62,31,48,31,31,0,1
stable-hot-k10-for-e200000-g750-w4,hot,29,117,45030,stable,4,64,64,10,0,0.20000000000000001,0,750,0.31438020799999999,203.57515635971589,0,64,0,0,0,0,0,18789.125,28964.835800000001,29005.36708,60.021000000000001,18997.673149999995,23750.143249999983,64,0,16,16,0,64,0,48,0,0,0,1
strict-random-k20-e200000-g750-w4,random,29,117,9030,weak,4,64,64,20,0.20000000000000001,0.20000000000000001,4,750,0.33392941700000001,191.65726869759425,64,0,4,1,20509.833500000001,26825.021349999999,27494.246749999998,0,0,0,76.583500000000001,22543.93305,26426.87846,64,0,15,15,0,60,15,48,15,15,0,1
stable-random-k20-for-e200000-g750-w4,random,29,117,9030,stable,4,64,64,20,0,0.20000000000000001,0,750,0.27939904199999999,229.06306171228749,0,64,0,0,0,0,0,18199.832999999999,19837.57055,19872.303209999998,55.396000000000001,17821.298300000002,18595.288710000001,64,0,16,16,0,64,0,48,0,0,0,1
strict-hot-k20-e200000-g750-w4,hot,29,117,45030,weak,4,64,64,20,0.20000000000000001,0.20000000000000001,4,750,0.33965158299999998,188.4283872158488,64,0,4,1,20551.292000000001,35475.193699999996,38153.027499999989,0,0,0,93.771000000000001,24591.545599999983,32734.769459999992,64,0,15,15,0,60,15,48,15,15,0,1
stable-hot-k20-for-e200000-g750-w4,hot,29,117,45030,stable,4,64,64,20,0,0.20000000000000001,0,750,0.33814412500000002,189.26840736919502,0,64,0,0,0,0,0,19320.333500000001,36536.012549999992,36902.632709999998,88.6875,19792.028549999995,34605.859619999996,64,0,16,16,0,64,0,48,0,0,0,1
strict-hot-k50-e200000-g750-w4,hot,29,117,45030,weak,4,64,64,50,0.20000000000000001,0.20000000000000001,10,750,0.246523042,259.61062090090547,64,0,10,1,12945.417000000001,30101.876699999997,30509.454829999999,0,0,0,152.875,18104.802649999991,29140.86262,64,0,6,6,0,60,6,48,6,6,0,1
stable-hot-k50-for-e200000-g750-w4,hot,29,117,45030,stable,4,64,64,50,0,0.20000000000000001,0,750,0.26305283299999999,243.29713263342808,0,64,0,0,0,0,0,13768.707999999999,26292.314299999984,26778.467710000001,134.6035,19785.495499999994,24088.907669999993,64,0,16,16,0,64,0,48,0,0,0,1
strict-random-k10-e200000-g750-w4,random,29,117,9030,weak,4,64,64,10,0.20000000000000001,0.20000000000000001,2,750,0.52203166700000003,122.59792661198846,64,0,2,1,31574.604500000001,48145.868799999989,51286.197619999992,0,0,0,81.833500000000001,35036.226799999997,42051.597169999979,64,0,31,31,0,62,31,48,31,31,0,1
stable-random-k10-for-e200000-g750-w4,random,29,117,9030,stable,4,64,64,10,0,0.20000000000000001,0,750,0.29413429200000002,217.58768610359786,0,64,0,0,0,0,0,17913.458500000001,29671.958149999999,29766.20854,54.728999999999999,17115.741899999997,28694.213919999998,64,0,16,16,0,64,0,48,0,0,0,1
strict-random-k100-e200000-g750-w4,random,29,117,9030,weak,4,64,64,100,0.20000000000000001,0.20000000000000001,20,750,0.14664795799999999,436.41930561351563,64,0,20,1,8558.5215000000007,13006.651900000001,13423.276999999998,0,0,0,228,9862.4392999999945,11959.819460000001,64,0,3,3,0,60,3,48,3,3,0,1
stable-random-k100-for-e200000-g750-w4,random,29,117,9030,stable,4,64,64,100,0,0.20000000000000001,0,750,0.285889958,223.86235755786848,0,64,0,0,0,0,0,17198.833500000001,28257.726849999981,28738.728579999999,220.542,19876.42059999999,25819.586789999994,64,0,16,16,0,64,0,48,0,0,0,1
stable-random-k50-for-e200000-g750-w4,random,29,117,9030,stable,4,64,64,50,0,0.20000000000000001,0,750,0.35109895800000002,182.28479048918169,0,64,0,0,0,0,0,19301.853999999999,38614.892049999966,39638.923040000001,111.563,22608.793699999977,34010.435539999984,64,0,16,16,0,64,0,48,0,0,0,1
strict-random-k50-e200000-g750-w4,random,29,117,9030,weak,4,64,64,50,0.20000000000000001,0.20000000000000001,10,750,0.25084195799999998,255.14072888874517,64,0,10,1,13694.271000000001,26771.237549999998,39079.665869999997,0,0,0,139.83350000000002,18587.546449999994,25830.387620000001,64,0,6,6,0,60,6,48,6,6,0,1
